-- MySQL dump 10.13  Distrib 8.0.40, for Win64 (x86_64)
--
-- Host: localhost    Database: chatapp
-- ------------------------------------------------------
-- Server version	9.1.0

/*!40101 SET @OLD_CHARACTER_SET_CLIENT=@@CHARACTER_SET_CLIENT */;
/*!40101 SET @OLD_CHARACTER_SET_RESULTS=@@CHARACTER_SET_RESULTS */;
/*!40101 SET @OLD_COLLATION_CONNECTION=@@COLLATION_CONNECTION */;
/*!50503 SET NAMES utf8 */;
/*!40103 SET @OLD_TIME_ZONE=@@TIME_ZONE */;
/*!40103 SET TIME_ZONE='+00:00' */;
/*!40014 SET @OLD_UNIQUE_CHECKS=@@UNIQUE_CHECKS, UNIQUE_CHECKS=0 */;
/*!40014 SET @OLD_FOREIGN_KEY_CHECKS=@@FOREIGN_KEY_CHECKS, FOREIGN_KEY_CHECKS=0 */;
/*!40101 SET @OLD_SQL_MODE=@@SQL_MODE, SQL_MODE='NO_AUTO_VALUE_ON_ZERO' */;
/*!40111 SET @OLD_SQL_NOTES=@@SQL_NOTES, SQL_NOTES=0 */;

--
-- Table structure for table `chat`
--

DROP TABLE IF EXISTS `chat`;
/*!40101 SET @saved_cs_client     = @@character_set_client */;
/*!50503 SET character_set_client = utf8mb4 */;
CREATE TABLE `chat` (
  `id` varchar(36) NOT NULL,
  `chat_name` varchar(255) DEFAULT NULL,
  `chat_image` varchar(255) DEFAULT NULL,
  `is_group` tinyint(1) NOT NULL,
  `created_by` varchar(36) NOT NULL,
  `created_at` timestamp NULL DEFAULT CURRENT_TIMESTAMP,
  `updated_at` timestamp NULL DEFAULT CURRENT_TIMESTAMP ON UPDATE CURRENT_TIMESTAMP,
  PRIMARY KEY (`id`),
  KEY `created_by` (`created_by`),
  CONSTRAINT `chat_ibfk_1` FOREIGN KEY (`created_by`) REFERENCES `users` (`id`) ON DELETE CASCADE
) ENGINE=InnoDB DEFAULT CHARSET=utf8mb4 COLLATE=utf8mb4_0900_ai_ci;
/*!40101 SET character_set_client = @saved_cs_client */;

--
-- Dumping data for table `chat`
--

LOCK TABLES `chat` WRITE;
/*!40000 ALTER TABLE `chat` DISABLE KEYS */;
INSERT INTO `chat` VALUES ('042a83ae-00d5-47f5-87a7-16de10c53b15',NULL,NULL,0,'47edef15-72e1-47e7-96e7-6caeb50bb34d','2025-04-17 11:38:11','2025-04-17 11:38:11'),('042db665-610d-47a0-bf2f-17afa6728f3a',NULL,NULL,0,'47edef15-72e1-47e7-96e7-6caeb50bb34d','2025-04-17 09:53:00','2025-04-17 09:53:00'),('058289fc-2c96-474c-877f-253e6bd5e36c',NULL,NULL,0,'47edef15-72e1-47e7-96e7-6caeb50bb34d','2025-04-17 11:55:18','2025-04-17 11:55:18'),('0826df6c-5f1d-42b2-9c81-ca3fff0b1e67',NULL,NULL,0,'6c1d78ff-fb2c-427a-ab2f-3b3c305b3cdb','2025-04-18 04:01:01','2025-04-18 04:01:01'),('087a7331-47c6-44f6-8eb8-05ac2171d7b8',NULL,NULL,0,'69e4aca8-9f57-495e-b648-b48b0463b7af','2025-04-22 02:25:42','2025-04-22 02:25:42'),('08c7e2bc-0db9-4ea7-8a2f-a285a6faba2a',NULL,NULL,0,'62e6416b-5888-4294-b577-01417d23ce81','2025-04-22 01:03:51','2025-04-22 01:03:51'),('16e7738a-1bb7-458c-9ac3-b75bd19dd194',NULL,NULL,0,'47edef15-72e1-47e7-96e7-6caeb50bb34d','2025-04-17 11:35:46','2025-04-17 11:35:46'),('182d789f-5ccd-4cf9-a681-9a7d3f1a26bf',NULL,NULL,0,'69e4aca8-9f57-495e-b648-b48b0463b7af','2025-04-22 02:24:12','2025-04-22 02:24:12'),('20db73b0-3496-4a72-8886-6a5eb42fa244',NULL,NULL,0,'0eb1f79c-a7f6-436d-a159-a4dd53a5d631','2025-04-22 00:34:42','2025-04-22 00:34:42'),('20f9d7db-c81f-4a2a-95f1-25187ca8b777',NULL,NULL,0,'47edef15-72e1-47e7-96e7-6caeb50bb34d','2025-04-22 02:30:15','2025-04-22 02:30:15'),('2bfac7de-e7a6-4f46-9cc6-f67dd27631b9',NULL,NULL,0,'69e4aca8-9f57-495e-b648-b48b0463b7af','2025-04-22 02:11:46','2025-04-22 02:11:46'),('2c998f0d-3366-4e45-861e-768e66c69caa',NULL,NULL,0,'a9279995-f350-48e5-b54d-c8cf069bbcd2','2025-04-22 01:13:38','2025-04-22 01:13:38'),('2dec3ffa-df55-4f1e-b8be-d994e5996dd5',NULL,NULL,0,'47edef15-72e1-47e7-96e7-6caeb50bb34d','2025-04-17 11:59:15','2025-04-17 11:59:15'),('345fa65f-65b5-4119-9a9e-5604d2d76ec3',NULL,NULL,0,'47edef15-72e1-47e7-96e7-6caeb50bb34d','2025-04-17 10:40:33','2025-04-17 10:40:33'),('353faf36-7d74-49f1-a12a-613dc7d49577',NULL,NULL,0,'47edef15-72e1-47e7-96e7-6caeb50bb34d','2025-04-17 09:39:03','2025-04-17 09:39:03'),('364eec81-6de1-445f-bbcb-75783d6bfffe',NULL,NULL,0,'383cd11e-8d66-41ba-b250-dec4d33b8ae2','2025-04-25 01:45:24','2025-04-25 01:45:24'),('3873db4e-0256-4791-acb0-9f52539d95ee',NULL,NULL,0,'e9fc6a9a-8ddc-437a-90fb-a79574a9ee2b','2025-04-25 00:19:14','2025-04-25 00:19:14'),('3bdd56fd-969b-4ff5-a4e5-10e65ccc8139',NULL,NULL,0,'47edef15-72e1-47e7-96e7-6caeb50bb34d','2025-04-17 11:04:00','2025-04-17 11:04:00'),('3ee0b572-da75-4f62-a257-28245e585e7f',NULL,NULL,0,'47edef15-72e1-47e7-96e7-6caeb50bb34d','2025-04-17 09:42:40','2025-04-17 09:42:40'),('3f8a6f0e-a297-46d6-a5f0-4fa86f924fa5',NULL,NULL,0,'47edef15-72e1-47e7-96e7-6caeb50bb34d','2025-04-17 07:16:57','2025-04-17 07:16:57'),('48e6527a-1ca1-40bf-8e2c-3cef2399e08a',NULL,NULL,0,'69e4aca8-9f57-495e-b648-b48b0463b7af','2025-04-22 02:24:47','2025-04-22 02:24:47'),('4f5f75dd-8b64-4884-84ce-d6660d444da8',NULL,NULL,0,'47edef15-72e1-47e7-96e7-6caeb50bb34d','2025-04-17 08:01:56','2025-04-17 08:01:56'),('57c7168f-d1e6-4888-b8d6-336e41d18a62',NULL,NULL,0,'69e4aca8-9f57-495e-b648-b48b0463b7af','2025-04-22 02:27:58','2025-04-22 02:27:58'),('5a99fb3b-bcf2-48ca-95bd-c9ee7877f9e0',NULL,NULL,0,'47edef15-72e1-47e7-96e7-6caeb50bb34d','2025-04-22 02:32:58','2025-04-22 02:32:58'),('5e42a7aa-4b7d-4adb-b57d-20bf5e7f3db0',NULL,NULL,0,'47edef15-72e1-47e7-96e7-6caeb50bb34d','2025-04-17 11:34:09','2025-04-17 11:34:09'),('5e816ca8-eafa-48e1-9c96-176ac1e55b9e',NULL,NULL,0,'47edef15-72e1-47e7-96e7-6caeb50bb34d','2025-04-17 11:39:48','2025-04-17 11:39:48'),('6bf4fbfa-63a8-481c-95e2-9ee3deebfa56',NULL,NULL,0,'47edef15-72e1-47e7-96e7-6caeb50bb34d','2025-04-17 09:44:45','2025-04-17 09:44:45'),('701a84c7-3f62-4fac-b990-272b4b083ab7',NULL,NULL,0,'e9fc6a9a-8ddc-437a-90fb-a79574a9ee2b','2025-04-25 00:31:11','2025-04-25 00:31:11'),('707a9314-b70e-42f2-8a09-3224a249a847',NULL,NULL,0,'47edef15-72e1-47e7-96e7-6caeb50bb34d','2025-04-17 10:41:24','2025-04-17 10:41:24'),('7626e9de-6388-4d01-95bc-eda2c584a1bb',NULL,NULL,0,'47edef15-72e1-47e7-96e7-6caeb50bb34d','2025-04-24 11:18:06','2025-04-24 11:18:06'),('7b204cc1-6e15-4117-a36d-f50211adb35b',NULL,NULL,0,'47edef15-72e1-47e7-96e7-6caeb50bb34d','2025-04-17 09:06:32','2025-04-17 09:06:32'),('81a9e481-d18c-4abb-8b5f-2c0b020c159f',NULL,NULL,0,'47edef15-72e1-47e7-96e7-6caeb50bb34d','2025-04-17 07:41:04','2025-04-17 07:41:04'),('82cd0411-cb22-4d85-a8df-1987f527a737',NULL,NULL,0,'47edef15-72e1-47e7-96e7-6caeb50bb34d','2025-04-17 09:22:55','2025-04-17 09:22:55'),('87313d49-8226-4c12-a791-13499f32ea71',NULL,NULL,0,'738d8f37-ffe7-4cfb-8cd7-a4e04e956067','2025-04-22 01:02:32','2025-04-22 01:02:32'),('88387801-4521-45d9-93ac-7e96e5d8141d',NULL,NULL,0,'47edef15-72e1-47e7-96e7-6caeb50bb34d','2025-04-17 10:35:57','2025-04-17 10:35:57'),('8f62c8ce-6045-46cb-91a2-85975df60104',NULL,NULL,0,'c59ecfc0-aad5-4712-8233-79d66ba467e5','2025-04-22 09:13:16','2025-04-22 09:13:16'),('93da11f1-557e-40b8-b8e9-d4d003ab78c3',NULL,NULL,0,'47edef15-72e1-47e7-96e7-6caeb50bb34d','2025-04-17 10:33:17','2025-04-17 10:33:17'),('940f7a41-6154-441b-859c-303833685e4f',NULL,NULL,0,'47edef15-72e1-47e7-96e7-6caeb50bb34d','2025-04-24 11:14:29','2025-04-24 11:14:29'),('9cedcea9-91a3-46fc-adf1-4ebbbd2d9b66',NULL,NULL,0,'47edef15-72e1-47e7-96e7-6caeb50bb34d','2025-04-17 07:16:40','2025-04-17 07:16:40'),('9f53c33b-e32c-435a-ad40-a16e7e4fdcac',NULL,NULL,0,'69e4aca8-9f57-495e-b648-b48b0463b7af','2025-04-22 02:25:55','2025-04-22 02:25:55'),('a348f1dc-2575-47c1-a6a1-0c020ab2fcfa',NULL,NULL,0,'47edef15-72e1-47e7-96e7-6caeb50bb34d','2025-04-17 12:06:27','2025-04-17 12:06:27'),('a741877b-a87a-46af-970d-a4befaf67df4',NULL,NULL,0,'47edef15-72e1-47e7-96e7-6caeb50bb34d','2025-04-17 11:02:12','2025-04-17 11:02:12'),('aa3bbb56-6ca5-4ff4-b587-fef61bd43d88',NULL,NULL,0,'61e358f0-cf5a-4ac4-8d5b-a8307941bc93','2025-04-22 01:08:57','2025-04-22 01:08:57'),('b42f353f-f345-48f3-ba7c-f792c7f28a83',NULL,NULL,0,'90ac6ba0-a635-40ad-aef2-6cbd1c78e0e7','2025-04-22 02:04:06','2025-04-22 02:04:06'),('b5a51ee9-cd40-465f-ab8b-400791b6c4e4',NULL,NULL,0,'47edef15-72e1-47e7-96e7-6caeb50bb34d','2025-04-24 11:04:26','2025-04-24 11:04:26'),('b5e936ed-2cb6-46a5-aa55-f00644f4aec7',NULL,NULL,0,'ee0723f2-4a9d-46cb-ab23-ff49b907f17b','2025-04-25 01:49:01','2025-04-25 01:49:01'),('bb5c46e9-8304-4726-ba45-42e2b24147ad',NULL,NULL,0,'47edef15-72e1-47e7-96e7-6caeb50bb34d','2025-04-22 00:33:37','2025-04-22 00:33:37'),('c04851bc-5c8a-4f5d-9854-7ff14aab3700',NULL,NULL,0,'6c1d78ff-fb2c-427a-ab2f-3b3c305b3cdb','2025-04-18 04:40:14','2025-04-18 04:40:14'),('c28102f9-4b42-4a60-b626-7aed3ab0d988',NULL,NULL,0,'47edef15-72e1-47e7-96e7-6caeb50bb34d','2025-04-24 11:13:07','2025-04-24 11:13:07'),('c3d96832-d79d-4747-a91f-c6dc9cb32423',NULL,NULL,0,'5600bb3d-d107-4239-9127-944bad94cdab','2025-04-22 00:29:58','2025-04-22 00:29:58'),('c65865ab-78d2-49c6-b7fd-f73ca3367723',NULL,NULL,0,'e9fc6a9a-8ddc-437a-90fb-a79574a9ee2b','2025-04-25 00:03:08','2025-04-25 00:03:08'),('cde4cfde-5600-4bfb-9053-f0ce898fb1c5',NULL,NULL,0,'47edef15-72e1-47e7-96e7-6caeb50bb34d','2025-04-22 03:34:10','2025-04-22 03:34:10'),('db5c9758-2076-4779-a812-08b45b779430',NULL,NULL,0,'47edef15-72e1-47e7-96e7-6caeb50bb34d','2025-04-16 07:53:16','2025-04-16 07:53:16'),('dc091a04-6c70-4b08-9160-0b7dd30f7304',NULL,NULL,0,'47edef15-72e1-47e7-96e7-6caeb50bb34d','2025-04-24 11:10:20','2025-04-24 11:10:20'),('dc1f85a6-56d3-48df-9018-665148f9ada4',NULL,NULL,0,'47edef15-72e1-47e7-96e7-6caeb50bb34d','2025-04-17 12:21:34','2025-04-17 12:21:34'),('e0d1ee8f-86d8-465d-884b-9d4d1e077332',NULL,NULL,0,'47edef15-72e1-47e7-96e7-6caeb50bb34d','2025-04-17 12:24:58','2025-04-17 12:24:58'),('e1158314-3584-4e28-b1cb-1345db279269',NULL,NULL,0,'47edef15-72e1-47e7-96e7-6caeb50bb34d','2025-04-22 02:34:29','2025-04-22 02:34:29'),('e5532fad-78d3-49e4-9dcf-b4e980ee3adb',NULL,NULL,0,'47edef15-72e1-47e7-96e7-6caeb50bb34d','2025-04-24 11:12:00','2025-04-24 11:12:00'),('e83e1312-b563-40f6-8010-bfbac996af49',NULL,NULL,0,'47edef15-72e1-47e7-96e7-6caeb50bb34d','2025-04-17 08:00:01','2025-04-17 08:00:01'),('e95af950-b40e-4071-bc81-283b0af6699e',NULL,NULL,0,'47edef15-72e1-47e7-96e7-6caeb50bb34d','2025-04-17 11:04:50','2025-04-17 11:04:50'),('f2c2848d-689b-45af-8404-8c35e973e963',NULL,NULL,0,'47edef15-72e1-47e7-96e7-6caeb50bb34d','2025-04-17 10:43:03','2025-04-17 10:43:03'),('f81593d9-b2d6-4422-b37d-987d80f84dd4',NULL,NULL,0,'0533bbca-0206-4a55-b6e9-28118697a04c','2025-04-22 03:33:26','2025-04-22 03:33:26'),('ff94896f-b764-4fbc-ac30-1f1f9ca17e84',NULL,NULL,0,'6c1d78ff-fb2c-427a-ab2f-3b3c305b3cdb','2025-04-06 06:08:14','2025-04-06 06:08:14');
/*!40000 ALTER TABLE `chat` ENABLE KEYS */;
UNLOCK TABLES;

--
-- Table structure for table `chat_admins`
--

DROP TABLE IF EXISTS `chat_admins`;
/*!40101 SET @saved_cs_client     = @@character_set_client */;
/*!50503 SET character_set_client = utf8mb4 */;
CREATE TABLE `chat_admins` (
  `chat_id` varchar(36) NOT NULL,
  `user_id` varchar(36) NOT NULL,
  PRIMARY KEY (`chat_id`,`user_id`),
  KEY `user_id` (`user_id`),
  CONSTRAINT `chat_admins_ibfk_1` FOREIGN KEY (`chat_id`) REFERENCES `chat` (`id`) ON DELETE CASCADE,
  CONSTRAINT `chat_admins_ibfk_2` FOREIGN KEY (`user_id`) REFERENCES `users` (`id`) ON DELETE CASCADE
) ENGINE=InnoDB DEFAULT CHARSET=utf8mb4 COLLATE=utf8mb4_0900_ai_ci;
/*!40101 SET character_set_client = @saved_cs_client */;

--
-- Dumping data for table `chat_admins`
--

LOCK TABLES `chat_admins` WRITE;
/*!40000 ALTER TABLE `chat_admins` DISABLE KEYS */;
/*!40000 ALTER TABLE `chat_admins` ENABLE KEYS */;
UNLOCK TABLES;

--
-- Table structure for table `chat_users`
--

DROP TABLE IF EXISTS `chat_users`;
/*!40101 SET @saved_cs_client     = @@character_set_client */;
/*!50503 SET character_set_client = utf8mb4 */;
CREATE TABLE `chat_users` (
  `chat_id` varchar(36) NOT NULL,
  `user_id` varchar(36) NOT NULL,
  PRIMARY KEY (`chat_id`,`user_id`),
  KEY `user_id` (`user_id`),
  CONSTRAINT `chat_users_ibfk_1` FOREIGN KEY (`chat_id`) REFERENCES `chat` (`id`) ON DELETE CASCADE,
  CONSTRAINT `chat_users_ibfk_2` FOREIGN KEY (`user_id`) REFERENCES `users` (`id`) ON DELETE CASCADE
) ENGINE=InnoDB DEFAULT CHARSET=utf8mb4 COLLATE=utf8mb4_0900_ai_ci;
/*!40101 SET character_set_client = @saved_cs_client */;

--
-- Dumping data for table `chat_users`
--

LOCK TABLES `chat_users` WRITE;
/*!40000 ALTER TABLE `chat_users` DISABLE KEYS */;
INSERT INTO `chat_users` VALUES ('cde4cfde-5600-4bfb-9053-f0ce898fb1c5','0533bbca-0206-4a55-b6e9-28118697a04c'),('f81593d9-b2d6-4422-b37d-987d80f84dd4','0533bbca-0206-4a55-b6e9-28118697a04c'),('20db73b0-3496-4a72-8886-6a5eb42fa244','0eb1f79c-a7f6-436d-a159-a4dd53a5d631'),('bb5c46e9-8304-4726-ba45-42e2b24147ad','0eb1f79c-a7f6-436d-a159-a4dd53a5d631'),('345fa65f-65b5-4119-9a9e-5604d2d76ec3','13c93414-20b5-4afd-98d6-60eff7951178'),('e95af950-b40e-4071-bc81-283b0af6699e','1fb68afa-0134-4bad-8312-26eb13436434'),('e0d1ee8f-86d8-465d-884b-9d4d1e077332','2055c5ae-7aa1-43f2-8808-bef7f680dfee'),('dc091a04-6c70-4b08-9160-0b7dd30f7304','2210af97-7d48-4197-8528-6f4cbed66f1c'),('93da11f1-557e-40b8-b8e9-d4d003ab78c3','2417efb6-2e77-4a2b-ab48-7109bec24168'),('e1158314-3584-4e28-b1cb-1345db279269','24e852f2-16ad-4b57-a8d6-0f186e8eda4d'),('4f5f75dd-8b64-4884-84ce-d6660d444da8','267126a9-97f6-4cb8-afd4-43477420b9b1'),('042db665-610d-47a0-bf2f-17afa6728f3a','2cc2eca0-3060-41d7-99e7-22aa41e7e171'),('701a84c7-3f62-4fac-b990-272b4b083ab7','30152bce-29cd-4c1e-a41e-f6698c18870e'),('81a9e481-d18c-4abb-8b5f-2c0b020c159f','30152bce-29cd-4c1e-a41e-f6698c18870e'),('c04851bc-5c8a-4f5d-9854-7ff14aab3700','30152bce-29cd-4c1e-a41e-f6698c18870e'),('f2c2848d-689b-45af-8404-8c35e973e963','373beda6-7678-41b3-a4d3-573ddf35ecf6'),('087a7331-47c6-44f6-8eb8-05ac2171d7b8','3797900c-616b-473e-9b27-a952de6bda3b'),('5e816ca8-eafa-48e1-9c96-176ac1e55b9e','3797900c-616b-473e-9b27-a952de6bda3b'),('364eec81-6de1-445f-bbcb-75783d6bfffe','383cd11e-8d66-41ba-b250-dec4d33b8ae2'),('0826df6c-5f1d-42b2-9c81-ca3fff0b1e67','45e81b97-9739-4546-86bd-42d670e0f6e7'),('3873db4e-0256-4791-acb0-9f52539d95ee','45e81b97-9739-4546-86bd-42d670e0f6e7'),('db5c9758-2076-4779-a812-08b45b779430','45e81b97-9739-4546-86bd-42d670e0f6e7'),('042a83ae-00d5-47f5-87a7-16de10c53b15','47edef15-72e1-47e7-96e7-6caeb50bb34d'),('042db665-610d-47a0-bf2f-17afa6728f3a','47edef15-72e1-47e7-96e7-6caeb50bb34d'),('058289fc-2c96-474c-877f-253e6bd5e36c','47edef15-72e1-47e7-96e7-6caeb50bb34d'),('16e7738a-1bb7-458c-9ac3-b75bd19dd194','47edef15-72e1-47e7-96e7-6caeb50bb34d'),('182d789f-5ccd-4cf9-a681-9a7d3f1a26bf','47edef15-72e1-47e7-96e7-6caeb50bb34d'),('20f9d7db-c81f-4a2a-95f1-25187ca8b777','47edef15-72e1-47e7-96e7-6caeb50bb34d'),('2dec3ffa-df55-4f1e-b8be-d994e5996dd5','47edef15-72e1-47e7-96e7-6caeb50bb34d'),('345fa65f-65b5-4119-9a9e-5604d2d76ec3','47edef15-72e1-47e7-96e7-6caeb50bb34d'),('353faf36-7d74-49f1-a12a-613dc7d49577','47edef15-72e1-47e7-96e7-6caeb50bb34d'),('364eec81-6de1-445f-bbcb-75783d6bfffe','47edef15-72e1-47e7-96e7-6caeb50bb34d'),('3bdd56fd-969b-4ff5-a4e5-10e65ccc8139','47edef15-72e1-47e7-96e7-6caeb50bb34d'),('3ee0b572-da75-4f62-a257-28245e585e7f','47edef15-72e1-47e7-96e7-6caeb50bb34d'),('3f8a6f0e-a297-46d6-a5f0-4fa86f924fa5','47edef15-72e1-47e7-96e7-6caeb50bb34d'),('4f5f75dd-8b64-4884-84ce-d6660d444da8','47edef15-72e1-47e7-96e7-6caeb50bb34d'),('5a99fb3b-bcf2-48ca-95bd-c9ee7877f9e0','47edef15-72e1-47e7-96e7-6caeb50bb34d'),('5e42a7aa-4b7d-4adb-b57d-20bf5e7f3db0','47edef15-72e1-47e7-96e7-6caeb50bb34d'),('5e816ca8-eafa-48e1-9c96-176ac1e55b9e','47edef15-72e1-47e7-96e7-6caeb50bb34d'),('6bf4fbfa-63a8-481c-95e2-9ee3deebfa56','47edef15-72e1-47e7-96e7-6caeb50bb34d'),('707a9314-b70e-42f2-8a09-3224a249a847','47edef15-72e1-47e7-96e7-6caeb50bb34d'),('7626e9de-6388-4d01-95bc-eda2c584a1bb','47edef15-72e1-47e7-96e7-6caeb50bb34d'),('7b204cc1-6e15-4117-a36d-f50211adb35b','47edef15-72e1-47e7-96e7-6caeb50bb34d'),('81a9e481-d18c-4abb-8b5f-2c0b020c159f','47edef15-72e1-47e7-96e7-6caeb50bb34d'),('82cd0411-cb22-4d85-a8df-1987f527a737','47edef15-72e1-47e7-96e7-6caeb50bb34d'),('88387801-4521-45d9-93ac-7e96e5d8141d','47edef15-72e1-47e7-96e7-6caeb50bb34d'),('8f62c8ce-6045-46cb-91a2-85975df60104','47edef15-72e1-47e7-96e7-6caeb50bb34d'),('93da11f1-557e-40b8-b8e9-d4d003ab78c3','47edef15-72e1-47e7-96e7-6caeb50bb34d'),('940f7a41-6154-441b-859c-303833685e4f','47edef15-72e1-47e7-96e7-6caeb50bb34d'),('9cedcea9-91a3-46fc-adf1-4ebbbd2d9b66','47edef15-72e1-47e7-96e7-6caeb50bb34d'),('a348f1dc-2575-47c1-a6a1-0c020ab2fcfa','47edef15-72e1-47e7-96e7-6caeb50bb34d'),('a741877b-a87a-46af-970d-a4befaf67df4','47edef15-72e1-47e7-96e7-6caeb50bb34d'),('b5a51ee9-cd40-465f-ab8b-400791b6c4e4','47edef15-72e1-47e7-96e7-6caeb50bb34d'),('b5e936ed-2cb6-46a5-aa55-f00644f4aec7','47edef15-72e1-47e7-96e7-6caeb50bb34d'),('bb5c46e9-8304-4726-ba45-42e2b24147ad','47edef15-72e1-47e7-96e7-6caeb50bb34d'),('c28102f9-4b42-4a60-b626-7aed3ab0d988','47edef15-72e1-47e7-96e7-6caeb50bb34d'),('c65865ab-78d2-49c6-b7fd-f73ca3367723','47edef15-72e1-47e7-96e7-6caeb50bb34d'),('cde4cfde-5600-4bfb-9053-f0ce898fb1c5','47edef15-72e1-47e7-96e7-6caeb50bb34d'),('db5c9758-2076-4779-a812-08b45b779430','47edef15-72e1-47e7-96e7-6caeb50bb34d'),('dc091a04-6c70-4b08-9160-0b7dd30f7304','47edef15-72e1-47e7-96e7-6caeb50bb34d'),('dc1f85a6-56d3-48df-9018-665148f9ada4','47edef15-72e1-47e7-96e7-6caeb50bb34d'),('e0d1ee8f-86d8-465d-884b-9d4d1e077332','47edef15-72e1-47e7-96e7-6caeb50bb34d'),('e1158314-3584-4e28-b1cb-1345db279269','47edef15-72e1-47e7-96e7-6caeb50bb34d'),('e5532fad-78d3-49e4-9dcf-b4e980ee3adb','47edef15-72e1-47e7-96e7-6caeb50bb34d'),('e83e1312-b563-40f6-8010-bfbac996af49','47edef15-72e1-47e7-96e7-6caeb50bb34d'),('e95af950-b40e-4071-bc81-283b0af6699e','47edef15-72e1-47e7-96e7-6caeb50bb34d'),('f2c2848d-689b-45af-8404-8c35e973e963','47edef15-72e1-47e7-96e7-6caeb50bb34d'),('e83e1312-b563-40f6-8010-bfbac996af49','4b8c93ef-b2fb-42f9-b206-8cc6311c15b8'),('5a99fb3b-bcf2-48ca-95bd-c9ee7877f9e0','53b13d76-34d5-4754-811c-4219ff0978ae'),('c3d96832-d79d-4747-a91f-c6dc9cb32423','5600bb3d-d107-4239-9127-944bad94cdab'),('88387801-4521-45d9-93ac-7e96e5d8141d','572a2aeb-83be-4e8e-bb2c-fd0c33332c51'),('058289fc-2c96-474c-877f-253e6bd5e36c','5d8b687b-7854-40ac-9cbf-284c5a170004'),('9f53c33b-e32c-435a-ad40-a16e7e4fdcac','5d8b687b-7854-40ac-9cbf-284c5a170004'),('aa3bbb56-6ca5-4ff4-b587-fef61bd43d88','61e358f0-cf5a-4ac4-8d5b-a8307941bc93'),('08c7e2bc-0db9-4ea7-8a2f-a285a6faba2a','62e6416b-5888-4294-b577-01417d23ce81'),('b5a51ee9-cd40-465f-ab8b-400791b6c4e4','62e6416b-5888-4294-b577-01417d23ce81'),('707a9314-b70e-42f2-8a09-3224a249a847','64ad9bcb-a4e5-4de6-a804-39aa380bbddc'),('087a7331-47c6-44f6-8eb8-05ac2171d7b8','69e4aca8-9f57-495e-b648-b48b0463b7af'),('182d789f-5ccd-4cf9-a681-9a7d3f1a26bf','69e4aca8-9f57-495e-b648-b48b0463b7af'),('2bfac7de-e7a6-4f46-9cc6-f67dd27631b9','69e4aca8-9f57-495e-b648-b48b0463b7af'),('48e6527a-1ca1-40bf-8e2c-3cef2399e08a','69e4aca8-9f57-495e-b648-b48b0463b7af'),('57c7168f-d1e6-4888-b8d6-336e41d18a62','69e4aca8-9f57-495e-b648-b48b0463b7af'),('9f53c33b-e32c-435a-ad40-a16e7e4fdcac','69e4aca8-9f57-495e-b648-b48b0463b7af'),('0826df6c-5f1d-42b2-9c81-ca3fff0b1e67','6c1d78ff-fb2c-427a-ab2f-3b3c305b3cdb'),('08c7e2bc-0db9-4ea7-8a2f-a285a6faba2a','6c1d78ff-fb2c-427a-ab2f-3b3c305b3cdb'),('20db73b0-3496-4a72-8886-6a5eb42fa244','6c1d78ff-fb2c-427a-ab2f-3b3c305b3cdb'),('2bfac7de-e7a6-4f46-9cc6-f67dd27631b9','6c1d78ff-fb2c-427a-ab2f-3b3c305b3cdb'),('2c998f0d-3366-4e45-861e-768e66c69caa','6c1d78ff-fb2c-427a-ab2f-3b3c305b3cdb'),('87313d49-8226-4c12-a791-13499f32ea71','6c1d78ff-fb2c-427a-ab2f-3b3c305b3cdb'),('9cedcea9-91a3-46fc-adf1-4ebbbd2d9b66','6c1d78ff-fb2c-427a-ab2f-3b3c305b3cdb'),('aa3bbb56-6ca5-4ff4-b587-fef61bd43d88','6c1d78ff-fb2c-427a-ab2f-3b3c305b3cdb'),('b42f353f-f345-48f3-ba7c-f792c7f28a83','6c1d78ff-fb2c-427a-ab2f-3b3c305b3cdb'),('c04851bc-5c8a-4f5d-9854-7ff14aab3700','6c1d78ff-fb2c-427a-ab2f-3b3c305b3cdb'),('c3d96832-d79d-4747-a91f-c6dc9cb32423','6c1d78ff-fb2c-427a-ab2f-3b3c305b3cdb'),('f81593d9-b2d6-4422-b37d-987d80f84dd4','6c1d78ff-fb2c-427a-ab2f-3b3c305b3cdb'),('ff94896f-b764-4fbc-ac30-1f1f9ca17e84','6c1d78ff-fb2c-427a-ab2f-3b3c305b3cdb'),('87313d49-8226-4c12-a791-13499f32ea71','738d8f37-ffe7-4cfb-8cd7-a4e04e956067'),('82cd0411-cb22-4d85-a8df-1987f527a737','90a98a01-573e-404e-8b73-21d8200ff927'),('b42f353f-f345-48f3-ba7c-f792c7f28a83','90ac6ba0-a635-40ad-aef2-6cbd1c78e0e7'),('e5532fad-78d3-49e4-9dcf-b4e980ee3adb','90ac6ba0-a635-40ad-aef2-6cbd1c78e0e7'),('042a83ae-00d5-47f5-87a7-16de10c53b15','9bc172bb-eec4-4737-b5eb-b137e462178c'),('48e6527a-1ca1-40bf-8e2c-3cef2399e08a','9bc172bb-eec4-4737-b5eb-b137e462178c'),('16e7738a-1bb7-458c-9ac3-b75bd19dd194','9f48701e-31ab-451f-b66b-07717cdfb822'),('2c998f0d-3366-4e45-861e-768e66c69caa','a9279995-f350-48e5-b54d-c8cf069bbcd2'),('3f8a6f0e-a297-46d6-a5f0-4fa86f924fa5','abb76df5-7a69-4e26-9d9b-c27a5ad8ad00'),('ff94896f-b764-4fbc-ac30-1f1f9ca17e84','abb76df5-7a69-4e26-9d9b-c27a5ad8ad00'),('940f7a41-6154-441b-859c-303833685e4f','af51348e-2099-40f5-9526-7a98e211c512'),('3ee0b572-da75-4f62-a257-28245e585e7f','b05ae628-63e1-464d-bdad-e68cb3109588'),('7626e9de-6388-4d01-95bc-eda2c584a1bb','bc6fd72b-b624-49d3-93a4-30154f11fd08'),('a741877b-a87a-46af-970d-a4befaf67df4','bd48d7b8-5939-41f9-9bd2-59604d9ce91e'),('dc1f85a6-56d3-48df-9018-665148f9ada4','c0404ac4-6a94-480a-ae58-7bc68247ad84'),('8f62c8ce-6045-46cb-91a2-85975df60104','c59ecfc0-aad5-4712-8233-79d66ba467e5'),('5e42a7aa-4b7d-4adb-b57d-20bf5e7f3db0','d1b855ca-d232-4610-a2e9-edad946f024e'),('353faf36-7d74-49f1-a12a-613dc7d49577','d7a0c003-aafb-4d36-9697-e4360b4f5728'),('a348f1dc-2575-47c1-a6a1-0c020ab2fcfa','dca3c470-7063-4c72-9aa0-3f53fff11283'),('7b204cc1-6e15-4117-a36d-f50211adb35b','e2b0c0b7-7392-4aa3-a8ce-37d41badca94'),('6bf4fbfa-63a8-481c-95e2-9ee3deebfa56','e501fb30-f5a3-4842-8fad-9edcd5cabced'),('20f9d7db-c81f-4a2a-95f1-25187ca8b777','e7e5762b-fc53-4e5d-b053-104de910fcc5'),('3873db4e-0256-4791-acb0-9f52539d95ee','e9fc6a9a-8ddc-437a-90fb-a79574a9ee2b'),('701a84c7-3f62-4fac-b990-272b4b083ab7','e9fc6a9a-8ddc-437a-90fb-a79574a9ee2b'),('c65865ab-78d2-49c6-b7fd-f73ca3367723','e9fc6a9a-8ddc-437a-90fb-a79574a9ee2b'),('b5e936ed-2cb6-46a5-aa55-f00644f4aec7','ee0723f2-4a9d-46cb-ab23-ff49b907f17b'),('3bdd56fd-969b-4ff5-a4e5-10e65ccc8139','ef95eb06-c95b-4a31-8f1a-b925c946ddc7'),('2dec3ffa-df55-4f1e-b8be-d994e5996dd5','f83cc113-8ea5-44cc-9f26-aab601984afa'),('57c7168f-d1e6-4888-b8d6-336e41d18a62','f83cc113-8ea5-44cc-9f26-aab601984afa'),('c28102f9-4b42-4a60-b626-7aed3ab0d988','fa8ac999-25e4-493e-abbe-68ab4aa7e604');
/*!40000 ALTER TABLE `chat_users` ENABLE KEYS */;
UNLOCK TABLES;

--
-- Table structure for table `invalidate_token`
--

DROP TABLE IF EXISTS `invalidate_token`;
/*!40101 SET @saved_cs_client     = @@character_set_client */;
/*!50503 SET character_set_client = utf8mb4 */;
CREATE TABLE `invalidate_token` (
  `id` varchar(255) NOT NULL,
  `created_at` datetime(6) DEFAULT NULL,
  `updated_at` datetime(6) DEFAULT NULL,
  `expiry_time` datetime(6) NOT NULL,
  `jit` varchar(255) NOT NULL,
  PRIMARY KEY (`id`)
) ENGINE=InnoDB DEFAULT CHARSET=utf8mb4 COLLATE=utf8mb4_0900_ai_ci;
/*!40101 SET character_set_client = @saved_cs_client */;

--
-- Dumping data for table `invalidate_token`
--

LOCK TABLES `invalidate_token` WRITE;
/*!40000 ALTER TABLE `invalidate_token` DISABLE KEYS */;
/*!40000 ALTER TABLE `invalidate_token` ENABLE KEYS */;
UNLOCK TABLES;

--
-- Table structure for table `message`
--

DROP TABLE IF EXISTS `message`;
/*!40101 SET @saved_cs_client     = @@character_set_client */;
/*!50503 SET character_set_client = utf8mb4 */;
CREATE TABLE `message` (
  `id` varchar(255) NOT NULL,
  `content` text,
  `timestamp` timestamp NOT NULL,
  `user_id` varchar(36) NOT NULL,
  `chat_id` varchar(36) NOT NULL,
  `created_at` timestamp NULL DEFAULT CURRENT_TIMESTAMP,
  `updated_at` timestamp NULL DEFAULT CURRENT_TIMESTAMP ON UPDATE CURRENT_TIMESTAMP,
  `image_url` varchar(255) DEFAULT NULL,
  PRIMARY KEY (`id`),
  KEY `user_id` (`user_id`),
  KEY `chat_id` (`chat_id`),
  CONSTRAINT `message_ibfk_1` FOREIGN KEY (`user_id`) REFERENCES `users` (`id`) ON DELETE CASCADE,
  CONSTRAINT `message_ibfk_2` FOREIGN KEY (`chat_id`) REFERENCES `chat` (`id`) ON DELETE CASCADE
) ENGINE=InnoDB DEFAULT CHARSET=utf8mb4 COLLATE=utf8mb4_0900_ai_ci;
/*!40101 SET character_set_client = @saved_cs_client */;

--
-- Dumping data for table `message`
--

LOCK TABLES `message` WRITE;
/*!40000 ALTER TABLE `message` DISABLE KEYS */;
INSERT INTO `message` VALUES ('00317869-7150-4433-8895-9f98d85f92c9','q','2025-04-24 07:59:52','47edef15-72e1-47e7-96e7-6caeb50bb34d','8f62c8ce-6045-46cb-91a2-85975df60104','2025-04-24 07:59:52','2025-04-24 07:59:52',NULL),('00539a2d-53a8-4e94-a557-5a7b749e8a9f','ww','2025-04-23 00:54:31','47edef15-72e1-47e7-96e7-6caeb50bb34d','9cedcea9-91a3-46fc-adf1-4ebbbd2d9b66','2025-04-23 00:54:31','2025-04-23 00:54:31',NULL),('005bd3aa-dc27-4200-ad3a-d234ee907568','like','2025-04-22 11:17:55','47edef15-72e1-47e7-96e7-6caeb50bb34d','5a99fb3b-bcf2-48ca-95bd-c9ee7877f9e0','2025-04-22 11:17:55','2025-04-22 11:17:55',NULL),('00a9945e-8fa8-4711-8ddc-735efed7d529','wwr4','2025-04-17 04:42:27','47edef15-72e1-47e7-96e7-6caeb50bb34d','db5c9758-2076-4779-a812-08b45b779430','2025-04-17 04:42:27','2025-04-17 04:42:27',NULL),('00e749b0-76e0-4334-8826-db3ada9888ab','d','2025-04-27 01:52:14','47edef15-72e1-47e7-96e7-6caeb50bb34d','b5e936ed-2cb6-46a5-aa55-f00644f4aec7','2025-04-27 01:52:14','2025-04-27 01:52:14',NULL),('0107e333-e1af-4768-8378-68b25f09594b','','2025-04-27 02:10:09','47edef15-72e1-47e7-96e7-6caeb50bb34d','b5e936ed-2cb6-46a5-aa55-f00644f4aec7','2025-04-27 02:10:09','2025-04-27 02:10:09','https://res.cloudinary.com/doxc6iqyk/image/upload/v1745745008/file_vfljah.png'),('01358267-61c2-48f7-90a7-e1610a8ddebc','1','2025-04-24 07:09:57','47edef15-72e1-47e7-96e7-6caeb50bb34d','db5c9758-2076-4779-a812-08b45b779430','2025-04-24 07:09:57','2025-04-24 07:09:57',NULL),('018ddf44-7cd4-45ad-9aba-eb9e43c2a6e0','r','2025-04-19 07:05:19','30152bce-29cd-4c1e-a41e-f6698c18870e','81a9e481-d18c-4abb-8b5f-2c0b020c159f','2025-04-19 07:05:19','2025-04-19 07:05:19',NULL),('018f5146-4ed8-43e2-ae6c-0b50242b444f','uww','2025-04-24 09:14:44','47edef15-72e1-47e7-96e7-6caeb50bb34d','db5c9758-2076-4779-a812-08b45b779430','2025-04-24 09:14:44','2025-04-24 09:14:44',NULL),('01b1871f-87b2-443f-9d13-95459f27cd93','like','2025-04-24 04:50:51','47edef15-72e1-47e7-96e7-6caeb50bb34d','8f62c8ce-6045-46cb-91a2-85975df60104','2025-04-24 04:50:51','2025-04-24 04:50:51',NULL),('01d2662d-1163-415d-bd7c-8afa4c2609bc','w','2025-04-17 09:00:25','47edef15-72e1-47e7-96e7-6caeb50bb34d','3f8a6f0e-a297-46d6-a5f0-4fa86f924fa5','2025-04-17 09:00:25','2025-04-17 09:00:25',NULL),('01ea7a3b-a9bc-43ab-a44b-1f603ad003c9','upload_failed','2025-04-26 05:30:55','47edef15-72e1-47e7-96e7-6caeb50bb34d','b5e936ed-2cb6-46a5-aa55-f00644f4aec7','2025-04-26 05:30:55','2025-04-26 05:30:55',NULL),('0203b06d-45a0-47dc-9a08-38db4486e791','q','2025-04-17 07:41:52','47edef15-72e1-47e7-96e7-6caeb50bb34d','81a9e481-d18c-4abb-8b5f-2c0b020c159f','2025-04-17 07:41:52','2025-04-17 07:41:52',NULL),('028433b3-eb4b-42f8-9f1b-b36a1a2f049a','w','2025-04-06 07:38:45','6c1d78ff-fb2c-427a-ab2f-3b3c305b3cdb','ff94896f-b764-4fbc-ac30-1f1f9ca17e84','2025-04-06 07:38:45','2025-04-06 07:38:45',NULL),('02a2ec65-8571-44a1-898f-76dee7a2e376','like','2025-04-22 11:05:19','47edef15-72e1-47e7-96e7-6caeb50bb34d','8f62c8ce-6045-46cb-91a2-85975df60104','2025-04-22 11:05:19','2025-04-22 11:05:19',NULL),('02d54052-4f28-4419-ae6d-7fbb0c87c0ca','x','2025-04-17 08:00:16','47edef15-72e1-47e7-96e7-6caeb50bb34d','e83e1312-b563-40f6-8010-bfbac996af49','2025-04-17 08:00:16','2025-04-17 08:00:16',NULL),('030510f4-bbed-4c7d-97d0-0e034b455a68','hi','2025-04-18 06:05:13','6c1d78ff-fb2c-427a-ab2f-3b3c305b3cdb','c04851bc-5c8a-4f5d-9854-7ff14aab3700','2025-04-18 06:05:13','2025-04-18 06:05:13',NULL),('03a04c4d-d23a-4bc9-850b-47f561c277d5','1','2025-04-24 07:09:58','47edef15-72e1-47e7-96e7-6caeb50bb34d','db5c9758-2076-4779-a812-08b45b779430','2025-04-24 07:09:58','2025-04-24 07:09:58',NULL),('040a70d7-024f-4e80-ae55-a901fa5719b8','hi sao da','2025-04-22 03:34:29','0533bbca-0206-4a55-b6e9-28118697a04c','cde4cfde-5600-4bfb-9053-f0ce898fb1c5','2025-04-22 03:34:29','2025-04-22 03:34:29',NULL),('042af7d6-5edc-473d-88e6-6d632ec1b541','qqq','2025-04-23 00:56:04','47edef15-72e1-47e7-96e7-6caeb50bb34d','8f62c8ce-6045-46cb-91a2-85975df60104','2025-04-23 00:56:04','2025-04-23 00:56:04',NULL),('046e6f82-a316-4e6d-95bd-1b9204c84444','g','2025-04-19 07:06:13','30152bce-29cd-4c1e-a41e-f6698c18870e','c04851bc-5c8a-4f5d-9854-7ff14aab3700','2025-04-19 07:06:13','2025-04-19 07:06:13',NULL),('0496628b-b3d1-4bce-a7e8-0ec3661ad719','like','2025-04-27 01:58:39','47edef15-72e1-47e7-96e7-6caeb50bb34d','b5e936ed-2cb6-46a5-aa55-f00644f4aec7','2025-04-27 01:58:39','2025-04-27 01:58:39',NULL),('04db4b7f-279c-4640-a0a3-a5e0db474505','x','2025-04-17 08:50:50','47edef15-72e1-47e7-96e7-6caeb50bb34d','3f8a6f0e-a297-46d6-a5f0-4fa86f924fa5','2025-04-17 08:50:50','2025-04-17 08:50:50',NULL),('04f8f3db-b302-461d-a5f8-0c1f1841219c','test','2025-04-17 09:40:48','47edef15-72e1-47e7-96e7-6caeb50bb34d','353faf36-7d74-49f1-a12a-613dc7d49577','2025-04-17 09:40:48','2025-04-17 09:40:48',NULL),('04fc32c6-04ce-4927-85a2-81fc291f9b36','like','2025-04-22 11:12:12','47edef15-72e1-47e7-96e7-6caeb50bb34d','8f62c8ce-6045-46cb-91a2-85975df60104','2025-04-22 11:12:12','2025-04-22 11:12:12',NULL),('0532da94-28e4-4c7b-af8c-7b794b720e25','e','2025-04-17 12:06:28','47edef15-72e1-47e7-96e7-6caeb50bb34d','a348f1dc-2575-47c1-a6a1-0c020ab2fcfa','2025-04-17 12:06:28','2025-04-17 12:06:28',NULL),('059f2366-ffae-4efd-8b9f-e2bebbd6086c','s','2025-04-06 07:49:49','6c1d78ff-fb2c-427a-ab2f-3b3c305b3cdb','ff94896f-b764-4fbc-ac30-1f1f9ca17e84','2025-04-06 07:49:49','2025-04-06 07:49:49',NULL),('063c9acb-43ce-472c-afff-88bd7a16cc0e','hihi','2025-04-22 10:15:28','47edef15-72e1-47e7-96e7-6caeb50bb34d','8f62c8ce-6045-46cb-91a2-85975df60104','2025-04-22 10:15:28','2025-04-22 10:15:28',NULL),('067c0150-6197-4a33-8038-a696781544ce','q','2025-04-23 00:49:57','47edef15-72e1-47e7-96e7-6caeb50bb34d','cde4cfde-5600-4bfb-9053-f0ce898fb1c5','2025-04-23 00:49:57','2025-04-23 00:49:57',NULL),('06830e6a-a777-406c-a74a-68eee739aaff','đm luôn','2025-04-23 23:46:08','47edef15-72e1-47e7-96e7-6caeb50bb34d','9cedcea9-91a3-46fc-adf1-4ebbbd2d9b66','2025-04-23 23:46:08','2025-04-23 23:46:08',NULL),('06a4bf60-b413-426c-894e-5b0f0dff4e93','aasad','2025-04-22 07:00:22','61e358f0-cf5a-4ac4-8d5b-a8307941bc93','aa3bbb56-6ca5-4ff4-b587-fef61bd43d88','2025-04-22 07:00:22','2025-04-22 07:00:22',NULL),('070b68aa-8e66-4f84-bcaf-abe61504a94a','wwww','2025-04-22 11:09:52','47edef15-72e1-47e7-96e7-6caeb50bb34d','8f62c8ce-6045-46cb-91a2-85975df60104','2025-04-22 11:09:52','2025-04-22 11:09:52',NULL),('0733a476-e861-4a33-bbb2-73ee10277ce3','w','2025-04-23 00:55:24','47edef15-72e1-47e7-96e7-6caeb50bb34d','9cedcea9-91a3-46fc-adf1-4ebbbd2d9b66','2025-04-23 00:55:24','2025-04-23 00:55:24',NULL),('07940ba7-9a39-4898-a376-671ed9806df8','','2025-04-27 01:21:00','47edef15-72e1-47e7-96e7-6caeb50bb34d','b5e936ed-2cb6-46a5-aa55-f00644f4aec7','2025-04-27 01:21:00','2025-04-27 01:21:00','https://res.cloudinary.com/doxc6iqyk/image/upload/v1745742058/file_bqhtpa.png'),('0796a097-d7d1-43a6-b62f-24ce9c9e6142','like','2025-04-22 11:17:59','47edef15-72e1-47e7-96e7-6caeb50bb34d','5a99fb3b-bcf2-48ca-95bd-c9ee7877f9e0','2025-04-22 11:17:59','2025-04-22 11:17:59',NULL),('0796b9bd-ca53-41fb-8342-ef6da24db292','','2025-04-27 01:03:32','47edef15-72e1-47e7-96e7-6caeb50bb34d','b5e936ed-2cb6-46a5-aa55-f00644f4aec7','2025-04-27 01:03:32','2025-04-27 01:03:32','https://res.cloudinary.com/doxc6iqyk/image/upload/v1745741011/file_hjtbzt.png'),('079809fd-eeb2-4122-bc1e-11a337001186','w','2025-04-23 00:54:32','47edef15-72e1-47e7-96e7-6caeb50bb34d','9cedcea9-91a3-46fc-adf1-4ebbbd2d9b66','2025-04-23 00:54:32','2025-04-23 00:54:32',NULL),('07a5e653-e996-4594-8959-79532a07a254','qqqq','2025-04-25 00:39:14','e9fc6a9a-8ddc-437a-90fb-a79574a9ee2b','701a84c7-3f62-4fac-b990-272b4b083ab7','2025-04-25 00:39:14','2025-04-25 00:39:14',NULL),('07b6fb7f-7470-4e84-a948-b74a828102a5','uwwww','2025-04-24 09:14:42','47edef15-72e1-47e7-96e7-6caeb50bb34d','db5c9758-2076-4779-a812-08b45b779430','2025-04-24 09:14:42','2025-04-24 09:14:42',NULL),('07fb35b6-52c2-4fae-849a-591d9bc2551d','w','2025-04-17 04:38:12','45e81b97-9739-4546-86bd-42d670e0f6e7','db5c9758-2076-4779-a812-08b45b779430','2025-04-17 04:38:12','2025-04-17 04:38:12',NULL),('07ff761c-4732-43ae-b7c1-bca56b491c43','x','2025-04-17 07:25:48','47edef15-72e1-47e7-96e7-6caeb50bb34d','9cedcea9-91a3-46fc-adf1-4ebbbd2d9b66','2025-04-17 07:25:48','2025-04-17 07:25:48',NULL),('081717a6-01a9-4ddd-a700-ea95480cb30d','s','2025-04-18 06:07:06','30152bce-29cd-4c1e-a41e-f6698c18870e','c04851bc-5c8a-4f5d-9854-7ff14aab3700','2025-04-18 06:07:06','2025-04-18 06:07:06',NULL),('084217d1-8c4b-44cc-a8d9-d08db7dcfe65','d','2025-04-19 07:07:47','30152bce-29cd-4c1e-a41e-f6698c18870e','c04851bc-5c8a-4f5d-9854-7ff14aab3700','2025-04-19 07:07:47','2025-04-19 07:07:47',NULL),('087199a2-200a-4e81-ba4d-3333ea6daaae','x','2025-04-17 07:27:06','47edef15-72e1-47e7-96e7-6caeb50bb34d','db5c9758-2076-4779-a812-08b45b779430','2025-04-17 07:27:06','2025-04-17 07:27:06',NULL),('089e3a72-065f-4c59-9792-adcb206e2e55','','2025-04-27 02:38:10','47edef15-72e1-47e7-96e7-6caeb50bb34d','c65865ab-78d2-49c6-b7fd-f73ca3367723','2025-04-27 02:38:10','2025-04-27 02:38:10','https://res.cloudinary.com/doxc6iqyk/image/upload/v1745746689/file_zzj1yj.jpg'),('08d03c3b-4c9c-4b9a-af50-2d608e46efcd','like','2025-04-24 09:34:35','47edef15-72e1-47e7-96e7-6caeb50bb34d','8f62c8ce-6045-46cb-91a2-85975df60104','2025-04-24 09:34:35','2025-04-24 09:34:35',NULL),('091506a8-870e-49d8-b7c6-7460128e428c','like','2025-04-22 11:12:57','47edef15-72e1-47e7-96e7-6caeb50bb34d','8f62c8ce-6045-46cb-91a2-85975df60104','2025-04-22 11:12:57','2025-04-22 11:12:57',NULL),('09191ab0-b198-4f0c-b896-cb45963274d7','??','2025-04-22 10:55:47','47edef15-72e1-47e7-96e7-6caeb50bb34d','8f62c8ce-6045-46cb-91a2-85975df60104','2025-04-22 10:55:47','2025-04-22 10:55:47',NULL),('0935620f-06df-4b20-af09-2a26059c97ed','kkk','2025-04-25 01:50:39','ee0723f2-4a9d-46cb-ab23-ff49b907f17b','b5e936ed-2cb6-46a5-aa55-f00644f4aec7','2025-04-25 01:50:39','2025-04-25 01:50:39',NULL),('098c127d-d742-462e-a149-d24180ca9496','w','2025-04-06 07:47:17','6c1d78ff-fb2c-427a-ab2f-3b3c305b3cdb','ff94896f-b764-4fbc-ac30-1f1f9ca17e84','2025-04-06 07:47:17','2025-04-06 07:47:17',NULL),('098c4a3b-cc84-4e7d-b64b-da6ff1e8caf3','what up','2025-04-24 01:01:01','47edef15-72e1-47e7-96e7-6caeb50bb34d','e1158314-3584-4e28-b1cb-1345db279269','2025-04-24 01:01:01','2025-04-24 01:01:01',NULL),('09ee0ac3-8fe2-48ec-b571-202094e724b8','like','2025-04-22 11:43:01','47edef15-72e1-47e7-96e7-6caeb50bb34d','5a99fb3b-bcf2-48ca-95bd-c9ee7877f9e0','2025-04-22 11:43:01','2025-04-22 11:43:01',NULL),('0a7e4065-c60d-418e-9536-fbb7f888508d','e','2025-04-17 04:38:27','47edef15-72e1-47e7-96e7-6caeb50bb34d','db5c9758-2076-4779-a812-08b45b779430','2025-04-17 04:38:27','2025-04-17 04:38:27',NULL),('0ad9ef53-1de2-42a3-8bc2-fe25202ca406','qqq','2025-04-22 07:05:09','61e358f0-cf5a-4ac4-8d5b-a8307941bc93','aa3bbb56-6ca5-4ff4-b587-fef61bd43d88','2025-04-22 07:05:09','2025-04-22 07:05:09',NULL),('0b1e03b7-e1a4-4dc0-9218-a4bf4474a2cb','q','2025-04-25 01:11:50','47edef15-72e1-47e7-96e7-6caeb50bb34d','c65865ab-78d2-49c6-b7fd-f73ca3367723','2025-04-25 01:11:50','2025-04-25 01:11:50',NULL),('0b35993e-1aee-40ed-bd32-46bc5f175532','what up','2025-04-23 00:55:03','47edef15-72e1-47e7-96e7-6caeb50bb34d','9cedcea9-91a3-46fc-adf1-4ebbbd2d9b66','2025-04-23 00:55:03','2025-04-23 00:55:03',NULL),('0b6d3519-a164-4324-941b-5101210d6b59','w','2025-04-23 00:55:24','47edef15-72e1-47e7-96e7-6caeb50bb34d','9cedcea9-91a3-46fc-adf1-4ebbbd2d9b66','2025-04-23 00:55:24','2025-04-23 00:55:24',NULL),('0bb6d1c3-7384-4957-adaa-2b4e5c7ac8a7','d','2025-04-19 07:15:03','30152bce-29cd-4c1e-a41e-f6698c18870e','c04851bc-5c8a-4f5d-9854-7ff14aab3700','2025-04-19 07:15:03','2025-04-19 07:15:03',NULL),('0bc0d678-0d63-404a-b1fc-4c8fae2873ad','like','2025-04-22 11:11:56','47edef15-72e1-47e7-96e7-6caeb50bb34d','cde4cfde-5600-4bfb-9053-f0ce898fb1c5','2025-04-22 11:11:56','2025-04-22 11:11:56',NULL),('0be5ac9c-2669-47e8-88e5-3363ece921d1','s','2025-04-17 07:25:21','47edef15-72e1-47e7-96e7-6caeb50bb34d','9cedcea9-91a3-46fc-adf1-4ebbbd2d9b66','2025-04-17 07:25:21','2025-04-17 07:25:21',NULL),('0c128259-7bbf-4534-817c-07f92b88358c','bố m lại sợ m quá','2025-04-23 01:11:41','6c1d78ff-fb2c-427a-ab2f-3b3c305b3cdb','9cedcea9-91a3-46fc-adf1-4ebbbd2d9b66','2025-04-23 01:11:41','2025-04-23 01:11:41',NULL),('0c23af2a-af80-4d63-a1d5-38f410d1e479','q','2025-04-27 00:24:36','47edef15-72e1-47e7-96e7-6caeb50bb34d','b5e936ed-2cb6-46a5-aa55-f00644f4aec7','2025-04-27 00:24:36','2025-04-27 00:24:36',NULL),('0c279593-3d0f-4889-843e-d98a4a61496c','e','2025-04-19 07:08:36','30152bce-29cd-4c1e-a41e-f6698c18870e','c04851bc-5c8a-4f5d-9854-7ff14aab3700','2025-04-19 07:08:36','2025-04-19 07:08:36',NULL),('0c5ca8bc-0716-454c-8806-2e935d31bd6b','','2025-04-26 11:10:56','47edef15-72e1-47e7-96e7-6caeb50bb34d','e83e1312-b563-40f6-8010-bfbac996af49','2025-04-26 11:10:56','2025-04-26 11:10:56',NULL),('0c60ee86-6233-4574-a489-3afa4516a8dc','s','2025-04-06 06:54:30','6c1d78ff-fb2c-427a-ab2f-3b3c305b3cdb','ff94896f-b764-4fbc-ac30-1f1f9ca17e84','2025-04-06 06:54:30','2025-04-06 06:54:30',NULL),('0c61d1a1-bc37-4d35-abac-7b8eb11d1193','hhi','2025-04-23 05:35:29','47edef15-72e1-47e7-96e7-6caeb50bb34d','e1158314-3584-4e28-b1cb-1345db279269','2025-04-23 05:35:29','2025-04-23 05:35:29',NULL),('0c84496e-40c2-499c-b8f9-3e360fa2270e','qqqq','2025-04-22 10:32:43','47edef15-72e1-47e7-96e7-6caeb50bb34d','8f62c8ce-6045-46cb-91a2-85975df60104','2025-04-22 10:32:43','2025-04-22 10:32:43',NULL),('0d12eebb-ab02-4aa7-a79c-30932ad60de5','dm lun','2025-04-25 00:01:39','47edef15-72e1-47e7-96e7-6caeb50bb34d','7626e9de-6388-4d01-95bc-eda2c584a1bb','2025-04-25 00:01:39','2025-04-25 00:01:39',NULL),('0d707c73-6b12-4e9e-bd00-fd8d1e52d4ec','s','2025-04-17 08:59:56','47edef15-72e1-47e7-96e7-6caeb50bb34d','3f8a6f0e-a297-46d6-a5f0-4fa86f924fa5','2025-04-17 08:59:56','2025-04-17 08:59:56',NULL),('0d9a978c-c1c2-4990-ba4f-5bccaaec8bd0','đz ngay','2025-04-25 01:50:28','47edef15-72e1-47e7-96e7-6caeb50bb34d','b5e936ed-2cb6-46a5-aa55-f00644f4aec7','2025-04-25 01:50:28','2025-04-25 01:50:28',NULL),('0dd99502-5617-4fde-ae9a-71ae3311e7fa','ahihiq','2025-04-22 10:34:48','47edef15-72e1-47e7-96e7-6caeb50bb34d','20f9d7db-c81f-4a2a-95f1-25187ca8b777','2025-04-22 10:34:48','2025-04-22 10:34:48',NULL),('0e25b8ff-d701-4e68-b2af-f276f55a0207','cay vler','2025-04-27 03:02:32','47edef15-72e1-47e7-96e7-6caeb50bb34d','4f5f75dd-8b64-4884-84ce-d6660d444da8','2025-04-27 03:02:32','2025-04-27 03:02:32',NULL),('0e4c8f99-650d-44f9-b1ec-854b444e7ad4','ddd','2025-04-22 11:36:40','47edef15-72e1-47e7-96e7-6caeb50bb34d','2dec3ffa-df55-4f1e-b8be-d994e5996dd5','2025-04-22 11:36:40','2025-04-22 11:36:40',NULL),('0f2ca859-758a-496d-971b-9ffe50367093','like','2025-04-22 11:17:58','47edef15-72e1-47e7-96e7-6caeb50bb34d','5a99fb3b-bcf2-48ca-95bd-c9ee7877f9e0','2025-04-22 11:17:58','2025-04-22 11:17:58',NULL),('0f839c9d-502e-4ef8-87bc-9912bf7ba04b','like','2025-04-27 01:49:12','47edef15-72e1-47e7-96e7-6caeb50bb34d','b5e936ed-2cb6-46a5-aa55-f00644f4aec7','2025-04-27 01:49:12','2025-04-27 01:49:12',NULL),('0fc6548e-d470-41eb-82cb-efb9c205c100','hi chao cau nha','2025-04-18 04:49:24','6c1d78ff-fb2c-427a-ab2f-3b3c305b3cdb','c04851bc-5c8a-4f5d-9854-7ff14aab3700','2025-04-18 04:49:24','2025-04-18 04:49:24',NULL),('0fe58b7b-0a19-40b9-a6a8-4f8c7223040f','like','2025-04-22 11:13:00','47edef15-72e1-47e7-96e7-6caeb50bb34d','cde4cfde-5600-4bfb-9053-f0ce898fb1c5','2025-04-22 11:13:00','2025-04-22 11:13:00',NULL),('1015b10c-b4bf-4792-b76a-1fe64b846bec','cay the','2025-04-17 10:36:45','47edef15-72e1-47e7-96e7-6caeb50bb34d','88387801-4521-45d9-93ac-7e96e5d8141d','2025-04-17 10:36:45','2025-04-17 10:36:45',NULL),('101ecb9b-576a-4330-96b7-a3a2e1f0db44','ii','2025-04-24 11:19:43','47edef15-72e1-47e7-96e7-6caeb50bb34d','7626e9de-6388-4d01-95bc-eda2c584a1bb','2025-04-24 11:19:43','2025-04-24 11:19:43',NULL),('10a3b6cb-62fe-491a-ad34-76227f940d67','s','2025-04-06 07:00:15','6c1d78ff-fb2c-427a-ab2f-3b3c305b3cdb','ff94896f-b764-4fbc-ac30-1f1f9ca17e84','2025-04-06 07:00:15','2025-04-06 07:00:15',NULL),('10a5d7af-90c2-4b83-beaf-8e3f8cf602c4','qqqhiihi','2025-04-22 06:58:47','61e358f0-cf5a-4ac4-8d5b-a8307941bc93','aa3bbb56-6ca5-4ff4-b587-fef61bd43d88','2025-04-22 06:58:47','2025-04-22 06:58:47',NULL),('10efe013-2962-41d5-8cc5-484a62df768d','q','2025-04-22 09:58:24','47edef15-72e1-47e7-96e7-6caeb50bb34d','8f62c8ce-6045-46cb-91a2-85975df60104','2025-04-22 09:58:24','2025-04-22 09:58:24',NULL),('1148195a-43b9-463f-98f1-7d86b7c9f6fc','hello vbanb','2025-04-06 07:53:50','6c1d78ff-fb2c-427a-ab2f-3b3c305b3cdb','ff94896f-b764-4fbc-ac30-1f1f9ca17e84','2025-04-06 07:53:50','2025-04-06 07:53:50',NULL),('114d0580-7ac5-4f94-8f24-62bacb7ebf58','like','2025-04-22 11:14:44','47edef15-72e1-47e7-96e7-6caeb50bb34d','cde4cfde-5600-4bfb-9053-f0ce898fb1c5','2025-04-22 11:14:44','2025-04-22 11:14:44',NULL),('11563099-ec2a-4fef-b83c-03ca67e85da6','like','2025-04-27 01:49:51','47edef15-72e1-47e7-96e7-6caeb50bb34d','b5e936ed-2cb6-46a5-aa55-f00644f4aec7','2025-04-27 01:49:51','2025-04-27 01:49:51',NULL),('116eb006-8703-4f71-9282-d821336ee125','eee','2025-04-27 01:50:45','47edef15-72e1-47e7-96e7-6caeb50bb34d','b5e936ed-2cb6-46a5-aa55-f00644f4aec7','2025-04-27 01:50:45','2025-04-27 01:50:45',NULL),('116f470f-3a0b-4fa0-b008-2c923b36c1be','q','2025-04-22 11:38:18','47edef15-72e1-47e7-96e7-6caeb50bb34d','2dec3ffa-df55-4f1e-b8be-d994e5996dd5','2025-04-22 11:38:18','2025-04-22 11:38:18',NULL),('11c9d5a9-747b-4647-ba48-521ced5d305c','s','2025-04-25 01:34:53','47edef15-72e1-47e7-96e7-6caeb50bb34d','c65865ab-78d2-49c6-b7fd-f73ca3367723','2025-04-25 01:34:53','2025-04-25 01:34:53',NULL),('11d920fc-f560-4b85-9e34-1da3f6b943db','sd','2025-04-27 02:04:06','47edef15-72e1-47e7-96e7-6caeb50bb34d','b5e936ed-2cb6-46a5-aa55-f00644f4aec7','2025-04-27 02:04:06','2025-04-27 02:04:06',NULL),('11dfe2ff-8ed8-485d-bf47-b21431f0752b','','2025-04-27 01:23:03','47edef15-72e1-47e7-96e7-6caeb50bb34d','b5e936ed-2cb6-46a5-aa55-f00644f4aec7','2025-04-27 01:23:03','2025-04-27 01:23:03','https://res.cloudinary.com/doxc6iqyk/image/upload/v1745742182/file_el0wt4.png'),('12e126dc-e653-4de7-95b0-07911c7ee541','Image','2025-04-27 00:40:42','47edef15-72e1-47e7-96e7-6caeb50bb34d','b5e936ed-2cb6-46a5-aa55-f00644f4aec7','2025-04-27 00:40:42','2025-04-27 00:40:42','https://res.cloudinary.com/doxc6iqyk/image/upload/v1745739641/file_fajuxk.jpg'),('12fb9358-218f-4dd8-8505-8271349be8b0','w','2025-04-06 07:20:56','6c1d78ff-fb2c-427a-ab2f-3b3c305b3cdb','ff94896f-b764-4fbc-ac30-1f1f9ca17e84','2025-04-06 07:20:56','2025-04-06 07:20:56',NULL),('131cb102-e9cb-4614-874b-6c79722b22bf','','2025-04-27 01:07:37','47edef15-72e1-47e7-96e7-6caeb50bb34d','b5e936ed-2cb6-46a5-aa55-f00644f4aec7','2025-04-27 01:07:37','2025-04-27 01:07:37','https://res.cloudinary.com/doxc6iqyk/image/upload/v1745741256/file_azlhp7.jpg'),('134cfc52-3dc9-4209-9130-b711ca55240e','whatup','2025-04-22 10:08:10','47edef15-72e1-47e7-96e7-6caeb50bb34d','cde4cfde-5600-4bfb-9053-f0ce898fb1c5','2025-04-22 10:08:10','2025-04-22 10:08:10',NULL),('138b828b-cd5b-47fc-bc0e-92357a3020ff','hi','2025-04-22 02:34:36','47edef15-72e1-47e7-96e7-6caeb50bb34d','e1158314-3584-4e28-b1cb-1345db279269','2025-04-22 02:34:36','2025-04-22 02:34:36',NULL),('139e0975-e985-45cc-8459-a81e2682a487','q','2025-04-23 00:58:25','47edef15-72e1-47e7-96e7-6caeb50bb34d','8f62c8ce-6045-46cb-91a2-85975df60104','2025-04-23 00:58:25','2025-04-23 00:58:25',NULL),('13c5f7a5-aa5b-43d8-b943-abc12e42606d','like','2025-04-22 11:13:46','47edef15-72e1-47e7-96e7-6caeb50bb34d','cde4cfde-5600-4bfb-9053-f0ce898fb1c5','2025-04-22 11:13:46','2025-04-22 11:13:46',NULL),('13fe0b37-264e-4580-80bd-264929b4d669','w','2025-04-22 11:13:50','47edef15-72e1-47e7-96e7-6caeb50bb34d','cde4cfde-5600-4bfb-9053-f0ce898fb1c5','2025-04-22 11:13:50','2025-04-22 11:13:50',NULL),('1473b406-6ce4-4a3b-b771-f96e4cdb9642','s','2025-04-22 11:37:04','47edef15-72e1-47e7-96e7-6caeb50bb34d','2dec3ffa-df55-4f1e-b8be-d994e5996dd5','2025-04-22 11:37:04','2025-04-22 11:37:04',NULL),('1485d590-03ae-454d-855b-5f419d8ee1ca','q','2025-04-25 00:38:47','e9fc6a9a-8ddc-437a-90fb-a79574a9ee2b','701a84c7-3f62-4fac-b990-272b4b083ab7','2025-04-25 00:38:47','2025-04-25 00:38:47',NULL),('149bffea-db43-4451-ab41-468664eb8ca7','ngau vay','2025-04-19 07:19:08','30152bce-29cd-4c1e-a41e-f6698c18870e','c04851bc-5c8a-4f5d-9854-7ff14aab3700','2025-04-19 07:19:08','2025-04-19 07:19:08',NULL),('149f3581-1c88-4951-8799-22d1d80d68ca','d','2025-04-06 07:44:27','6c1d78ff-fb2c-427a-ab2f-3b3c305b3cdb','ff94896f-b764-4fbc-ac30-1f1f9ca17e84','2025-04-06 07:44:27','2025-04-06 07:44:27',NULL),('14cf2bb8-af8f-4c89-901d-4247cee6f5ca','','2025-04-26 11:22:14','47edef15-72e1-47e7-96e7-6caeb50bb34d','b5e936ed-2cb6-46a5-aa55-f00644f4aec7','2025-04-26 11:22:14','2025-04-26 11:22:14','https://res.cloudinary.com/doxc6iqyk/image/upload/v1745691732/file_e1swab.jpg'),('14d87395-f5ca-4f38-8a4e-7de5c5ecaf7e','g','2025-04-19 07:06:37','30152bce-29cd-4c1e-a41e-f6698c18870e','c04851bc-5c8a-4f5d-9854-7ff14aab3700','2025-04-19 07:06:37','2025-04-19 07:06:37',NULL),('14f9ff69-2e14-40d0-8673-8a5b1f338d86','','2025-04-26 11:07:43','47edef15-72e1-47e7-96e7-6caeb50bb34d','e83e1312-b563-40f6-8010-bfbac996af49','2025-04-26 11:07:43','2025-04-26 11:07:43',NULL),('15075569-5bc6-4ceb-a656-b801cdecba74','w','2025-04-17 04:41:37','45e81b97-9739-4546-86bd-42d670e0f6e7','db5c9758-2076-4779-a812-08b45b779430','2025-04-17 04:41:37','2025-04-17 04:41:37',NULL),('151b3d8f-d707-4004-a81a-edd22f74f458','hello','2025-04-16 08:21:00','47edef15-72e1-47e7-96e7-6caeb50bb34d','db5c9758-2076-4779-a812-08b45b779430','2025-04-16 08:21:00','2025-04-16 08:21:00',NULL),('15298c74-d32a-4237-a494-51f094863d4d','','2025-04-27 01:04:51','47edef15-72e1-47e7-96e7-6caeb50bb34d','b5e936ed-2cb6-46a5-aa55-f00644f4aec7','2025-04-27 01:04:51','2025-04-27 01:04:51',NULL),('15429880-47ca-4b60-bdef-d760625a76e4','gi da           s','2025-04-22 10:35:57','47edef15-72e1-47e7-96e7-6caeb50bb34d','e1158314-3584-4e28-b1cb-1345db279269','2025-04-22 10:35:57','2025-04-22 10:35:57',NULL),('1581d1ff-e2e9-4677-aa41-13a11d0fddb0','whatup','2025-04-17 11:55:18','47edef15-72e1-47e7-96e7-6caeb50bb34d','058289fc-2c96-474c-877f-253e6bd5e36c','2025-04-17 11:55:18','2025-04-17 11:55:18',NULL),('15a6b62f-f392-4461-885e-fa435abbc6dc','mmmmmmmmmmmmmmmmmmmmmmmmmmmmmmmmmmmmmmmmmmmmmmmmmmmmmmmmmmmmmmmmmmmmmmmmmmmmmmmmmmmmmmmmmmmmmmmmmmmmmmmmmmmmmmmmmmmmmmmmmmmmmmmmmmmmmmmmmmmmmmmmmmmmmmmmmmmm','2025-04-22 11:49:03','47edef15-72e1-47e7-96e7-6caeb50bb34d','7b204cc1-6e15-4117-a36d-f50211adb35b','2025-04-22 11:49:03','2025-04-22 11:49:03',NULL),('15d6ef27-80f0-4f18-8d87-3964e8a373c7','like','2025-04-22 11:43:28','47edef15-72e1-47e7-96e7-6caeb50bb34d','cde4cfde-5600-4bfb-9053-f0ce898fb1c5','2025-04-22 11:43:28','2025-04-22 11:43:28',NULL),('160f2d06-0229-4d7d-8fd4-6c29aa1d81fa','ww','2025-04-16 09:20:14','47edef15-72e1-47e7-96e7-6caeb50bb34d','db5c9758-2076-4779-a812-08b45b779430','2025-04-16 09:20:14','2025-04-16 09:20:14',NULL),('162d20c8-a345-46f0-8c18-14b6feea106d','w\\','2025-04-17 04:40:23','45e81b97-9739-4546-86bd-42d670e0f6e7','db5c9758-2076-4779-a812-08b45b779430','2025-04-17 04:40:23','2025-04-17 04:40:23',NULL),('162f8e23-99c1-4ba6-a0d0-0ecf5706e55b','cc','2025-04-24 11:19:41','47edef15-72e1-47e7-96e7-6caeb50bb34d','7626e9de-6388-4d01-95bc-eda2c584a1bb','2025-04-24 11:19:41','2025-04-24 11:19:41',NULL),('167479f1-c39d-4403-9588-25894072f617','dz nhi','2025-04-22 12:06:23','47edef15-72e1-47e7-96e7-6caeb50bb34d','8f62c8ce-6045-46cb-91a2-85975df60104','2025-04-22 12:06:23','2025-04-22 12:06:23',NULL),('16dc078a-ed8d-4df7-8608-bae4a696f3ef','c','2025-04-06 07:20:40','abb76df5-7a69-4e26-9d9b-c27a5ad8ad00','ff94896f-b764-4fbc-ac30-1f1f9ca17e84','2025-04-06 07:20:40','2025-04-06 07:20:40',NULL),('16e92e69-587d-4f70-97f0-9560d29a9a45','what up','2025-04-18 04:01:01','6c1d78ff-fb2c-427a-ab2f-3b3c305b3cdb','0826df6c-5f1d-42b2-9c81-ca3fff0b1e67','2025-04-18 04:01:01','2025-04-18 04:01:01',NULL),('1719bd17-e971-4acf-b5aa-dbd2259930f3','weweeeeeeeeeeeeeeeeeeeeeeeeeeeeeeeeeeeeeeeeeeeeeeeeeeeeeeeeeeeeeeeeeeeeeeeeeeeeeeeeeeeeeeeeeee','2025-04-06 08:45:39','abb76df5-7a69-4e26-9d9b-c27a5ad8ad00','ff94896f-b764-4fbc-ac30-1f1f9ca17e84','2025-04-06 08:45:39','2025-04-06 08:45:39',NULL),('1735586f-aca5-4c2e-8b72-c1a3c30dd758','vip','2025-04-19 07:19:43','6c1d78ff-fb2c-427a-ab2f-3b3c305b3cdb','c04851bc-5c8a-4f5d-9854-7ff14aab3700','2025-04-19 07:19:43','2025-04-19 07:19:43',NULL),('1745599b-a52d-4bc7-b6f9-d30865c3f82e','s','2025-04-19 07:03:15','30152bce-29cd-4c1e-a41e-f6698c18870e','c04851bc-5c8a-4f5d-9854-7ff14aab3700','2025-04-19 07:03:15','2025-04-19 07:03:15',NULL),('1775b9dc-9a97-4c36-9d2d-a71e1cc32832','x','2025-04-06 07:56:43','6c1d78ff-fb2c-427a-ab2f-3b3c305b3cdb','ff94896f-b764-4fbc-ac30-1f1f9ca17e84','2025-04-06 07:56:43','2025-04-06 07:56:43',NULL),('179ee126-9b8c-4252-bbc5-675e5acdc4bd','','2025-04-27 01:19:56','47edef15-72e1-47e7-96e7-6caeb50bb34d','b5e936ed-2cb6-46a5-aa55-f00644f4aec7','2025-04-27 01:19:56','2025-04-27 01:19:56','https://res.cloudinary.com/doxc6iqyk/image/upload/v1745741995/file_qpjecr.png'),('17ca5a17-71f6-4b44-8a0a-20fef2234c91','hihi','2025-04-22 02:31:37','e7e5762b-fc53-4e5d-b053-104de910fcc5','20f9d7db-c81f-4a2a-95f1-25187ca8b777','2025-04-22 02:31:37','2025-04-22 02:31:37',NULL),('18342104-3c00-4361-b661-0d6330474fdf','1','2025-04-24 07:09:59','47edef15-72e1-47e7-96e7-6caeb50bb34d','db5c9758-2076-4779-a812-08b45b779430','2025-04-24 07:09:59','2025-04-24 07:09:59',NULL),('183b9b1a-82ae-48a6-9755-3417ec903680','s','2025-04-17 08:00:23','47edef15-72e1-47e7-96e7-6caeb50bb34d','e83e1312-b563-40f6-8010-bfbac996af49','2025-04-17 08:00:23','2025-04-17 08:00:23',NULL),('184e02d0-4e43-432d-89ea-3eea6bd22bb0','','2025-04-27 01:02:43','47edef15-72e1-47e7-96e7-6caeb50bb34d','b5e936ed-2cb6-46a5-aa55-f00644f4aec7','2025-04-27 01:02:43','2025-04-27 01:02:43','https://res.cloudinary.com/doxc6iqyk/image/upload/v1745740962/file_e18f56.gif'),('186afde7-eb8e-402e-941a-2cd8e418e3e4','a','2025-04-27 07:48:28','47edef15-72e1-47e7-96e7-6caeb50bb34d','e83e1312-b563-40f6-8010-bfbac996af49','2025-04-27 07:48:28','2025-04-27 07:48:28',NULL),('187b2f86-8cee-4cdc-bc8f-99e226f15f79','like','2025-04-27 02:33:48','47edef15-72e1-47e7-96e7-6caeb50bb34d','b5e936ed-2cb6-46a5-aa55-f00644f4aec7','2025-04-27 02:33:48','2025-04-27 02:33:48',NULL),('189bdd15-2c2d-4f3d-81b4-5faa13caf3e9','what up','2025-04-18 06:18:01','30152bce-29cd-4c1e-a41e-f6698c18870e','c04851bc-5c8a-4f5d-9854-7ff14aab3700','2025-04-18 06:18:01','2025-04-18 06:18:01',NULL),('18a04144-b60a-47ff-abfe-e5de8ba0047f','','2025-04-27 08:08:23','47edef15-72e1-47e7-96e7-6caeb50bb34d','b5e936ed-2cb6-46a5-aa55-f00644f4aec7','2025-04-27 08:08:23','2025-04-27 08:08:23','https://res.cloudinary.com/doxc6iqyk/image/upload/v1745766502/file_niiz2m.jpg'),('1918ec9d-1eb3-4cea-8480-59a7de12491e','wat 8p','2025-04-18 04:44:28','6c1d78ff-fb2c-427a-ab2f-3b3c305b3cdb','c04851bc-5c8a-4f5d-9854-7ff14aab3700','2025-04-18 04:44:28','2025-04-18 04:44:28',NULL),('19735f4d-e702-44bf-9728-7101c05f7e53','r','2025-04-19 07:06:31','30152bce-29cd-4c1e-a41e-f6698c18870e','c04851bc-5c8a-4f5d-9854-7ff14aab3700','2025-04-19 07:06:31','2025-04-19 07:06:31',NULL),('19ab4bfe-db04-44fd-8db1-fa5137dc6fba','dsd','2025-04-18 06:18:09','30152bce-29cd-4c1e-a41e-f6698c18870e','c04851bc-5c8a-4f5d-9854-7ff14aab3700','2025-04-18 06:18:09','2025-04-18 06:18:09',NULL),('19dd9ba3-e780-45b0-89c9-fa588c013cdc','qq','2025-04-18 06:15:45','30152bce-29cd-4c1e-a41e-f6698c18870e','c04851bc-5c8a-4f5d-9854-7ff14aab3700','2025-04-18 06:15:45','2025-04-18 06:15:45',NULL),('1a16050c-cc1f-4397-b46c-fc542031b81a','w','2025-04-22 11:45:13','47edef15-72e1-47e7-96e7-6caeb50bb34d','cde4cfde-5600-4bfb-9053-f0ce898fb1c5','2025-04-22 11:45:13','2025-04-22 11:45:13',NULL),('1a8162a4-64e7-4a4b-9f1b-06c6fc972e4a','1','2025-04-24 07:10:00','47edef15-72e1-47e7-96e7-6caeb50bb34d','db5c9758-2076-4779-a812-08b45b779430','2025-04-24 07:10:00','2025-04-24 07:10:00',NULL),('1ab4e980-c0e1-4c04-ab8a-c00df54506f2','Image','2025-04-27 00:40:52','47edef15-72e1-47e7-96e7-6caeb50bb34d','b5e936ed-2cb6-46a5-aa55-f00644f4aec7','2025-04-27 00:40:52','2025-04-27 00:40:52','https://res.cloudinary.com/doxc6iqyk/image/upload/v1745739651/file_powkh6.png'),('1b4a3421-138a-40ab-8413-aa9683818c48','like','2025-04-24 08:01:14','47edef15-72e1-47e7-96e7-6caeb50bb34d','8f62c8ce-6045-46cb-91a2-85975df60104','2025-04-24 08:01:14','2025-04-24 08:01:14',NULL),('1b5bfc9b-f575-4d4b-b172-9d0eb70302a6','like','2025-04-22 11:11:55','47edef15-72e1-47e7-96e7-6caeb50bb34d','cde4cfde-5600-4bfb-9053-f0ce898fb1c5','2025-04-22 11:11:55','2025-04-22 11:11:55',NULL),('1b60f92e-dc43-4fa8-9862-684311df5911','uwww','2025-04-24 09:14:44','47edef15-72e1-47e7-96e7-6caeb50bb34d','db5c9758-2076-4779-a812-08b45b779430','2025-04-24 09:14:44','2025-04-24 09:14:44',NULL),('1ba1d0b8-ff2f-48cf-9bb4-0574c886c4b9','1','2025-04-24 07:10:00','47edef15-72e1-47e7-96e7-6caeb50bb34d','db5c9758-2076-4779-a812-08b45b779430','2025-04-24 07:10:00','2025-04-24 07:10:00',NULL),('1ba62761-4dc3-4e8c-9092-dd7142a1b39e','q','2025-04-26 10:44:27','47edef15-72e1-47e7-96e7-6caeb50bb34d','b5e936ed-2cb6-46a5-aa55-f00644f4aec7','2025-04-26 10:44:27','2025-04-26 10:44:27',NULL),('1bb94156-15f6-49c9-b168-b1b961af318e','cc','2025-04-25 00:52:24','47edef15-72e1-47e7-96e7-6caeb50bb34d','c65865ab-78d2-49c6-b7fd-f73ca3367723','2025-04-25 00:52:24','2025-04-25 00:52:24',NULL),('1c10a4d8-a5f3-41fb-8796-5d34d967b1fa','','2025-04-26 23:37:05','47edef15-72e1-47e7-96e7-6caeb50bb34d','b5e936ed-2cb6-46a5-aa55-f00644f4aec7','2025-04-26 23:37:05','2025-04-26 23:37:05',NULL),('1c1b8105-f67c-41d6-8313-10bb8e3996f9','đéo gì 2 tin','2025-04-25 01:50:24','ee0723f2-4a9d-46cb-ab23-ff49b907f17b','b5e936ed-2cb6-46a5-aa55-f00644f4aec7','2025-04-25 01:50:24','2025-04-25 01:50:24',NULL),('1c401b00-8b22-47cd-80b4-5a8bc21f99cc','q','2025-04-22 10:31:14','47edef15-72e1-47e7-96e7-6caeb50bb34d','8f62c8ce-6045-46cb-91a2-85975df60104','2025-04-22 10:31:14','2025-04-22 10:31:14',NULL),('1c47526c-fa3a-457e-865a-4a0f7d2b2378','oki ne','2025-04-18 04:01:16','45e81b97-9739-4546-86bd-42d670e0f6e7','0826df6c-5f1d-42b2-9c81-ca3fff0b1e67','2025-04-18 04:01:16','2025-04-18 04:01:16',NULL),('1c690a7e-fba0-4927-a9e1-a3aaf3c67305','cay vl','2025-04-27 01:51:55','47edef15-72e1-47e7-96e7-6caeb50bb34d','b5e936ed-2cb6-46a5-aa55-f00644f4aec7','2025-04-27 01:51:55','2025-04-27 01:51:55',NULL),('1c87ba5a-41b8-469d-9bc0-c75f1ae1df3b','ww','2025-04-06 06:13:04','6c1d78ff-fb2c-427a-ab2f-3b3c305b3cdb','ff94896f-b764-4fbc-ac30-1f1f9ca17e84','2025-04-06 06:13:04','2025-04-06 06:13:04',NULL),('1cac0b6a-309f-4aef-984a-7cccafe36180','like','2025-04-23 00:56:10','47edef15-72e1-47e7-96e7-6caeb50bb34d','8f62c8ce-6045-46cb-91a2-85975df60104','2025-04-23 00:56:10','2025-04-23 00:56:10',NULL),('1d19e1a1-91c5-488f-8ba5-6a9e2f32a2d7','q','2025-04-06 07:13:42','6c1d78ff-fb2c-427a-ab2f-3b3c305b3cdb','ff94896f-b764-4fbc-ac30-1f1f9ca17e84','2025-04-06 07:13:42','2025-04-06 07:13:42',NULL),('1d37f882-e993-4ce4-b973-372d6ca3dedc','s','2025-04-17 04:24:16','47edef15-72e1-47e7-96e7-6caeb50bb34d','db5c9758-2076-4779-a812-08b45b779430','2025-04-17 04:24:16','2025-04-17 04:24:16',NULL),('1d47e45b-6991-4036-a996-1b44cb57cd2a','1','2025-04-24 07:10:00','47edef15-72e1-47e7-96e7-6caeb50bb34d','db5c9758-2076-4779-a812-08b45b779430','2025-04-24 07:10:00','2025-04-24 07:10:00',NULL),('1dba39be-1688-4090-a34e-6a3b88ba97d5','q','2025-04-25 03:17:19','47edef15-72e1-47e7-96e7-6caeb50bb34d','db5c9758-2076-4779-a812-08b45b779430','2025-04-25 03:17:19','2025-04-25 03:17:19',NULL),('1dce2d74-35cd-4b9c-919c-eb3d63f72f09','we','2025-04-22 10:06:38','47edef15-72e1-47e7-96e7-6caeb50bb34d','cde4cfde-5600-4bfb-9053-f0ce898fb1c5','2025-04-22 10:06:38','2025-04-22 10:06:38',NULL),('1e0fc6c4-d720-4492-b57e-ad47eedfd967','wwwwwwwwwwwwwwwwwwwwwwwwwwwwwwwwwwwwwwwwwwwwwwwwwwwwwwwwwwwwwwwwwwwwwwwwwwwwwwwwwwwwwwwwwwwwwwwwwwwwwwwwwwww','2025-04-06 09:25:37','6c1d78ff-fb2c-427a-ab2f-3b3c305b3cdb','ff94896f-b764-4fbc-ac30-1f1f9ca17e84','2025-04-06 09:25:37','2025-04-06 09:25:37',NULL),('1e61248a-b772-4765-8124-32342360f425','w','2025-04-25 01:39:06','47edef15-72e1-47e7-96e7-6caeb50bb34d','c65865ab-78d2-49c6-b7fd-f73ca3367723','2025-04-25 01:39:06','2025-04-25 01:39:06',NULL),('1e816c60-ba23-4810-817d-74548492b8fc','','2025-04-27 08:13:22','47edef15-72e1-47e7-96e7-6caeb50bb34d','b5e936ed-2cb6-46a5-aa55-f00644f4aec7','2025-04-27 08:13:22','2025-04-27 08:13:22','https://res.cloudinary.com/doxc6iqyk/image/upload/v1745766801/file_rhyvpl.jpg'),('1e8d4365-0acb-44a0-95bf-2b205e020750','dm','2025-04-24 04:38:38','47edef15-72e1-47e7-96e7-6caeb50bb34d','cde4cfde-5600-4bfb-9053-f0ce898fb1c5','2025-04-24 04:38:38','2025-04-24 04:38:38',NULL),('1eb771de-bd05-4a2e-9fbc-0b5bada7d060','dm luon','2025-04-24 11:07:28','47edef15-72e1-47e7-96e7-6caeb50bb34d','8f62c8ce-6045-46cb-91a2-85975df60104','2025-04-24 11:07:28','2025-04-24 11:07:28',NULL),('1f238691-2485-4257-adb7-3a703988a4b5','sssc','2025-04-06 07:19:56','6c1d78ff-fb2c-427a-ab2f-3b3c305b3cdb','ff94896f-b764-4fbc-ac30-1f1f9ca17e84','2025-04-06 07:19:56','2025-04-06 07:19:56',NULL),('1f2db9ac-a435-449a-8878-9a3d1f22a68d','w','2025-04-17 04:38:45','47edef15-72e1-47e7-96e7-6caeb50bb34d','db5c9758-2076-4779-a812-08b45b779430','2025-04-17 04:38:45','2025-04-17 04:38:45',NULL),('1ffcdc7a-08f2-409a-a573-01373c92cd47','w','2025-04-16 09:11:09','45e81b97-9739-4546-86bd-42d670e0f6e7','db5c9758-2076-4779-a812-08b45b779430','2025-04-16 09:11:09','2025-04-16 09:11:09',NULL),('20377318-f294-4458-823e-de647fd3f1f1','uwwww','2025-04-24 09:14:44','47edef15-72e1-47e7-96e7-6caeb50bb34d','db5c9758-2076-4779-a812-08b45b779430','2025-04-24 09:14:44','2025-04-24 09:14:44',NULL),('203cf016-af28-46a8-8d17-5007719b94f1','q','2025-04-22 00:37:52','0eb1f79c-a7f6-436d-a159-a4dd53a5d631','bb5c46e9-8304-4726-ba45-42e2b24147ad','2025-04-22 00:37:52','2025-04-22 00:37:52',NULL),('20475154-584c-49e3-bcf3-91782e5df73d','','2025-04-27 01:59:03','47edef15-72e1-47e7-96e7-6caeb50bb34d','b5e936ed-2cb6-46a5-aa55-f00644f4aec7','2025-04-27 01:59:03','2025-04-27 01:59:03','https://res.cloudinary.com/doxc6iqyk/image/upload/v1745744342/file_novtpn.png'),('206ab920-4a2b-4011-9e47-84304bdc0a64','hilou','2025-04-17 04:49:54','47edef15-72e1-47e7-96e7-6caeb50bb34d','db5c9758-2076-4779-a812-08b45b779430','2025-04-17 04:49:54','2025-04-17 04:49:54',NULL),('20bff1c3-da4d-4b9b-aac1-01802c9fdd87','w','2025-04-22 11:34:41','47edef15-72e1-47e7-96e7-6caeb50bb34d','2dec3ffa-df55-4f1e-b8be-d994e5996dd5','2025-04-22 11:34:41','2025-04-22 11:34:41',NULL),('20e3aabd-e03f-4431-8e0b-921010fb4d5e','doumna ao that do m','2025-04-22 07:05:36','61e358f0-cf5a-4ac4-8d5b-a8307941bc93','aa3bbb56-6ca5-4ff4-b587-fef61bd43d88','2025-04-22 07:05:36','2025-04-22 07:05:36',NULL),('212266f5-5484-4b82-b27c-d9285526ec7e','what up','2025-04-18 06:30:15','30152bce-29cd-4c1e-a41e-f6698c18870e','c04851bc-5c8a-4f5d-9854-7ff14aab3700','2025-04-18 06:30:15','2025-04-18 06:30:15',NULL),('214cdc6e-99ed-4c87-9f99-a0164adc973f','ao that day','2025-04-24 11:13:07','47edef15-72e1-47e7-96e7-6caeb50bb34d','c28102f9-4b42-4a60-b626-7aed3ab0d988','2025-04-24 11:13:07','2025-04-24 11:13:07',NULL),('216c0bc1-a475-4317-91ce-711c251176d6','i','2025-04-17 09:42:40','47edef15-72e1-47e7-96e7-6caeb50bb34d','3ee0b572-da75-4f62-a257-28245e585e7f','2025-04-17 09:42:40','2025-04-17 09:42:40',NULL),('21a5f958-e1d7-44c0-bc64-0b1522ad8c46','qq','2025-04-22 00:31:21','5600bb3d-d107-4239-9127-944bad94cdab','c3d96832-d79d-4747-a91f-c6dc9cb32423','2025-04-22 00:31:21','2025-04-22 00:31:21',NULL),('21ab688c-532d-4fb5-b164-76bd2af7e18b','sdd','2025-04-18 06:20:22','30152bce-29cd-4c1e-a41e-f6698c18870e','c04851bc-5c8a-4f5d-9854-7ff14aab3700','2025-04-18 06:20:22','2025-04-18 06:20:22',NULL),('21b941a2-1f00-48f5-b563-c3caa0263eb2','dmmdmdmd','2025-04-25 00:51:25','47edef15-72e1-47e7-96e7-6caeb50bb34d','c65865ab-78d2-49c6-b7fd-f73ca3367723','2025-04-25 00:51:25','2025-04-25 00:51:25',NULL),('21f03883-ceb9-4529-9c55-8be4469a8d44','q','2025-04-25 01:04:29','47edef15-72e1-47e7-96e7-6caeb50bb34d','c65865ab-78d2-49c6-b7fd-f73ca3367723','2025-04-25 01:04:29','2025-04-25 01:04:29',NULL),('2251c674-44c0-4d91-abc6-aa0dfa77d059','q','2025-04-17 11:29:24','47edef15-72e1-47e7-96e7-6caeb50bb34d','042db665-610d-47a0-bf2f-17afa6728f3a','2025-04-17 11:29:24','2025-04-17 11:29:24',NULL),('225b1b09-b7bf-4743-98a2-6188eb63662e','sssssss','2025-04-17 07:13:45','47edef15-72e1-47e7-96e7-6caeb50bb34d','db5c9758-2076-4779-a812-08b45b779430','2025-04-17 07:13:45','2025-04-17 07:13:45',NULL),('22fdba64-8266-4e67-827a-5bf806e5b180','q','2025-04-25 01:09:55','47edef15-72e1-47e7-96e7-6caeb50bb34d','c65865ab-78d2-49c6-b7fd-f73ca3367723','2025-04-25 01:09:55','2025-04-25 01:09:55',NULL),('2374d9a1-af23-47af-bdfb-9f3b96771829','d','2025-04-25 00:39:55','47edef15-72e1-47e7-96e7-6caeb50bb34d','c65865ab-78d2-49c6-b7fd-f73ca3367723','2025-04-25 00:39:55','2025-04-25 00:39:55',NULL),('2375f345-4ff3-4c5d-a01b-a3a9f68ba6e7','sss','2025-04-17 07:29:02','47edef15-72e1-47e7-96e7-6caeb50bb34d','db5c9758-2076-4779-a812-08b45b779430','2025-04-17 07:29:02','2025-04-17 07:29:02',NULL),('2383d460-003d-45db-8ee8-3cf157ba9a89','www','2025-04-06 07:06:10','6c1d78ff-fb2c-427a-ab2f-3b3c305b3cdb','ff94896f-b764-4fbc-ac30-1f1f9ca17e84','2025-04-06 07:06:10','2025-04-06 07:06:10',NULL),('2383ef62-ed1a-4276-82d9-5c341d2217c4','r','2025-04-27 01:56:35','47edef15-72e1-47e7-96e7-6caeb50bb34d','b5e936ed-2cb6-46a5-aa55-f00644f4aec7','2025-04-27 01:56:35','2025-04-27 01:56:35',NULL),('23c6033d-ad25-4f7a-bb43-4c6bd2cfd8e6','q','2025-04-25 01:40:19','47edef15-72e1-47e7-96e7-6caeb50bb34d','7626e9de-6388-4d01-95bc-eda2c584a1bb','2025-04-25 01:40:19','2025-04-25 01:40:19',NULL),('242f3154-081e-4f1a-af1a-cfe70518a9a0','cauy vler','2025-04-27 01:56:29','47edef15-72e1-47e7-96e7-6caeb50bb34d','b5e936ed-2cb6-46a5-aa55-f00644f4aec7','2025-04-27 01:56:29','2025-04-27 01:56:29',NULL),('24a4026c-494b-44b7-9629-fecd4334a892','q','2025-04-22 11:36:31','47edef15-72e1-47e7-96e7-6caeb50bb34d','2dec3ffa-df55-4f1e-b8be-d994e5996dd5','2025-04-22 11:36:31','2025-04-22 11:36:31',NULL),('24c3ace5-7da4-4c18-a466-0fa87a42ed10','w','2025-04-16 09:10:45','45e81b97-9739-4546-86bd-42d670e0f6e7','db5c9758-2076-4779-a812-08b45b779430','2025-04-16 09:10:45','2025-04-16 09:10:45',NULL),('24c4c9d9-8dd9-4843-8992-71fe9c7c8242','hi chao cau','2025-04-17 11:34:49','47edef15-72e1-47e7-96e7-6caeb50bb34d','5e42a7aa-4b7d-4adb-b57d-20bf5e7f3db0','2025-04-17 11:34:49','2025-04-17 11:34:49',NULL),('24cdb7f6-fdba-4244-85d2-fa62a5b21a58','nahu trong hoa binh','2025-04-18 06:39:44','30152bce-29cd-4c1e-a41e-f6698c18870e','c04851bc-5c8a-4f5d-9854-7ff14aab3700','2025-04-18 06:39:44','2025-04-18 06:39:44',NULL),('24d285cd-b659-4e27-a1b9-2f7d01807d69','sd','2025-04-17 07:28:40','47edef15-72e1-47e7-96e7-6caeb50bb34d','db5c9758-2076-4779-a812-08b45b779430','2025-04-17 07:28:40','2025-04-17 07:28:40',NULL),('2506c597-2a22-4cb6-bbf7-2693c4941600','w','2025-04-06 07:42:55','6c1d78ff-fb2c-427a-ab2f-3b3c305b3cdb','ff94896f-b764-4fbc-ac30-1f1f9ca17e84','2025-04-06 07:42:55','2025-04-06 07:42:55',NULL),('250fb588-a74d-42e1-8a49-223dec486577','','2025-04-27 01:24:43','47edef15-72e1-47e7-96e7-6caeb50bb34d','b5e936ed-2cb6-46a5-aa55-f00644f4aec7','2025-04-27 01:24:43','2025-04-27 01:24:43','https://res.cloudinary.com/doxc6iqyk/image/upload/v1745742282/file_sacjtq.png'),('2531ab0e-e4f2-4f4f-b9e1-da7f56d9af08','van ok ban','2025-04-17 11:40:26','3797900c-616b-473e-9b27-a952de6bda3b','5e816ca8-eafa-48e1-9c96-176ac1e55b9e','2025-04-17 11:40:26','2025-04-17 11:40:26',NULL),('255c718c-8848-426f-a745-f75d55b0503c','s','2025-04-19 07:15:05','30152bce-29cd-4c1e-a41e-f6698c18870e','c04851bc-5c8a-4f5d-9854-7ff14aab3700','2025-04-19 07:15:05','2025-04-19 07:15:05',NULL),('25d7a0b9-e368-4cb6-abcb-cabe4646fba6','dz nay','2025-04-25 01:50:38','ee0723f2-4a9d-46cb-ab23-ff49b907f17b','b5e936ed-2cb6-46a5-aa55-f00644f4aec7','2025-04-25 01:50:38','2025-04-25 01:50:38',NULL),('25f16ba2-c568-4420-a34c-df581f8105c1','werw','2025-04-17 04:24:36','45e81b97-9739-4546-86bd-42d670e0f6e7','db5c9758-2076-4779-a812-08b45b779430','2025-04-17 04:24:36','2025-04-17 04:24:36',NULL),('2629a3e0-2df2-498b-a7c8-c4225a642da2','like','2025-04-22 11:11:48','47edef15-72e1-47e7-96e7-6caeb50bb34d','cde4cfde-5600-4bfb-9053-f0ce898fb1c5','2025-04-22 11:11:48','2025-04-22 11:11:48',NULL),('2667f024-5d5d-48b7-ac7b-bcd0ea2b2a39','duong nhien r ban oi','2025-04-22 02:34:44','24e852f2-16ad-4b57-a8d6-0f186e8eda4d','e1158314-3584-4e28-b1cb-1345db279269','2025-04-22 02:34:44','2025-04-22 02:34:44',NULL),('26682bdf-135c-40a3-96d2-273ffbfcde09','s','2025-04-06 07:01:20','6c1d78ff-fb2c-427a-ab2f-3b3c305b3cdb','ff94896f-b764-4fbc-ac30-1f1f9ca17e84','2025-04-06 07:01:20','2025-04-06 07:01:20',NULL),('2699ef14-440e-49d6-9688-1b1de3f67f1f','inufsdi','2025-04-17 09:43:05','47edef15-72e1-47e7-96e7-6caeb50bb34d','3ee0b572-da75-4f62-a257-28245e585e7f','2025-04-17 09:43:05','2025-04-17 09:43:05',NULL),('26e3e402-8ce9-4843-8808-7865a2a883ed','w34t','2025-04-06 07:51:51','6c1d78ff-fb2c-427a-ab2f-3b3c305b3cdb','ff94896f-b764-4fbc-ac30-1f1f9ca17e84','2025-04-06 07:51:51','2025-04-06 07:51:51',NULL),('26efae7b-a49d-4e64-b45b-d31f5381bcf1','like','2025-04-24 08:12:26','47edef15-72e1-47e7-96e7-6caeb50bb34d','bb5c46e9-8304-4726-ba45-42e2b24147ad','2025-04-24 08:12:26','2025-04-24 08:12:26',NULL),('26f95a94-651d-475c-8413-48443aaa8311','hi chao cau','2025-04-22 12:04:32','47edef15-72e1-47e7-96e7-6caeb50bb34d','8f62c8ce-6045-46cb-91a2-85975df60104','2025-04-22 12:04:32','2025-04-22 12:04:32',NULL),('2716ae12-1e20-429d-875f-cc2c62f9538a','dm l;uon','2025-04-24 09:37:17','47edef15-72e1-47e7-96e7-6caeb50bb34d','20f9d7db-c81f-4a2a-95f1-25187ca8b777','2025-04-24 09:37:17','2025-04-24 09:37:17',NULL),('271c8a5f-e377-40e3-bbb9-d7c451c0271c','?heello????','2025-04-07 01:51:30','abb76df5-7a69-4e26-9d9b-c27a5ad8ad00','ff94896f-b764-4fbc-ac30-1f1f9ca17e84','2025-04-07 01:51:30','2025-04-07 01:51:30',NULL),('2761d65e-acdb-4be3-89c8-9085d1a1dc61','like','2025-04-24 04:50:42','47edef15-72e1-47e7-96e7-6caeb50bb34d','8f62c8ce-6045-46cb-91a2-85975df60104','2025-04-24 04:50:42','2025-04-24 04:50:42',NULL),('2798c971-c63a-46f5-b054-fdd558dcc79f','w','2025-04-17 04:38:02','47edef15-72e1-47e7-96e7-6caeb50bb34d','db5c9758-2076-4779-a812-08b45b779430','2025-04-17 04:38:02','2025-04-17 04:38:02',NULL),('27cb1672-a8e0-4235-92d4-1d9d7a19af8c','ssssssssssssssssssssssssssssssssssssssssssssssssssssssssssssssssssssssssssssssssssssssssssssssssssssssssssssssssssssssssssssssssssssssssssssssssssssssssssssssssssssssssssssssssssssssssssssssssssssssssssssssssssssssssssssssssssssssssssssssssssssssssssssssssssssssssssssssssssssssssssssssssssssssssssssssssssssssssssssssssssssssssssssssssssssssssssssssssssssssssssssssssssssssssssssssssssssssssssssssss','2025-04-23 08:30:12','47edef15-72e1-47e7-96e7-6caeb50bb34d','8f62c8ce-6045-46cb-91a2-85975df60104','2025-04-23 08:30:12','2025-04-23 08:30:12',NULL),('27e06513-2f0a-426f-9b9d-6c63f36ec52b','s','2025-04-17 07:15:08','47edef15-72e1-47e7-96e7-6caeb50bb34d','db5c9758-2076-4779-a812-08b45b779430','2025-04-17 07:15:08','2025-04-17 07:15:08',NULL),('2817a4d2-6be7-470e-ad3b-ee208c18e80a','uwwwww','2025-04-24 09:14:43','47edef15-72e1-47e7-96e7-6caeb50bb34d','db5c9758-2076-4779-a812-08b45b779430','2025-04-24 09:14:43','2025-04-24 09:14:43',NULL),('28397d32-5369-4e20-bad3-6075eced9c31','like','2025-04-22 11:18:01','47edef15-72e1-47e7-96e7-6caeb50bb34d','5a99fb3b-bcf2-48ca-95bd-c9ee7877f9e0','2025-04-22 11:18:01','2025-04-22 11:18:01',NULL),('2842c7f1-6052-4f65-bfc2-0444df5bae09','w','2025-04-25 00:49:41','47edef15-72e1-47e7-96e7-6caeb50bb34d','c65865ab-78d2-49c6-b7fd-f73ca3367723','2025-04-25 00:49:41','2025-04-25 00:49:41',NULL),('2868565b-be33-43b2-ae9e-6eb940d3a2f3','qqwqw33','2025-04-22 10:30:38','47edef15-72e1-47e7-96e7-6caeb50bb34d','8f62c8ce-6045-46cb-91a2-85975df60104','2025-04-22 10:30:38','2025-04-22 10:30:38',NULL),('28753524-fb41-401f-b72a-b2fa14dcd594','like','2025-04-22 11:12:54','47edef15-72e1-47e7-96e7-6caeb50bb34d','8f62c8ce-6045-46cb-91a2-85975df60104','2025-04-22 11:12:54','2025-04-22 11:12:54',NULL),('291e4240-818e-43c0-8555-07d152919242','iihi','2025-04-22 06:49:07','61e358f0-cf5a-4ac4-8d5b-a8307941bc93','aa3bbb56-6ca5-4ff4-b587-fef61bd43d88','2025-04-22 06:49:07','2025-04-22 06:49:07',NULL),('2929ce80-29ff-49df-a565-86bd090566b6','adiy','2025-04-24 11:19:37','47edef15-72e1-47e7-96e7-6caeb50bb34d','7626e9de-6388-4d01-95bc-eda2c584a1bb','2025-04-24 11:19:37','2025-04-24 11:19:37',NULL),('29bba3a9-fdb1-4c4d-84f0-229cd01ab0ef','q','2025-04-25 01:10:25','47edef15-72e1-47e7-96e7-6caeb50bb34d','c65865ab-78d2-49c6-b7fd-f73ca3367723','2025-04-25 01:10:25','2025-04-25 01:10:25',NULL),('2a21e018-f4b0-4cea-a3f5-bf3905b208ee','s','2025-04-06 07:41:54','6c1d78ff-fb2c-427a-ab2f-3b3c305b3cdb','ff94896f-b764-4fbc-ac30-1f1f9ca17e84','2025-04-06 07:41:54','2025-04-06 07:41:54',NULL),('2a61d752-deaa-4527-af9a-cfe3be3bf199','q','2025-04-26 11:22:45','47edef15-72e1-47e7-96e7-6caeb50bb34d','b5e936ed-2cb6-46a5-aa55-f00644f4aec7','2025-04-26 11:22:45','2025-04-26 11:22:45',NULL),('2af1076d-d165-4581-9b84-9fae4038d43e','van ok ban oi','2025-04-07 01:50:50','abb76df5-7a69-4e26-9d9b-c27a5ad8ad00','ff94896f-b764-4fbc-ac30-1f1f9ca17e84','2025-04-07 01:50:51','2025-04-07 01:50:51',NULL),('2af814ca-a289-4b5d-a957-72149187d67d','w','2025-04-24 09:14:41','47edef15-72e1-47e7-96e7-6caeb50bb34d','db5c9758-2076-4779-a812-08b45b779430','2025-04-24 09:14:41','2025-04-24 09:14:41',NULL),('2affdab3-5304-4863-b342-729f92e5aac5','hi','2025-04-17 08:25:38','47edef15-72e1-47e7-96e7-6caeb50bb34d','9cedcea9-91a3-46fc-adf1-4ebbbd2d9b66','2025-04-17 08:25:38','2025-04-17 08:25:38',NULL),('2b21de0b-09e0-4ceb-b3ee-755baec561a0','q','2025-04-24 04:50:34','47edef15-72e1-47e7-96e7-6caeb50bb34d','8f62c8ce-6045-46cb-91a2-85975df60104','2025-04-24 04:50:34','2025-04-24 04:50:34',NULL),('2b3d1e90-4ffd-4994-8e6c-8cf1e3ef56fc','van loi','2025-04-27 02:05:30','47edef15-72e1-47e7-96e7-6caeb50bb34d','b5e936ed-2cb6-46a5-aa55-f00644f4aec7','2025-04-27 02:05:30','2025-04-27 02:05:30',NULL),('2b4bd74a-8a82-435b-867b-60bcc1d2ef01','r','2025-04-19 07:05:17','6c1d78ff-fb2c-427a-ab2f-3b3c305b3cdb','0826df6c-5f1d-42b2-9c81-ca3fff0b1e67','2025-04-19 07:05:17','2025-04-19 07:05:17',NULL),('2b6a4428-865d-4045-a899-b77d3569718e','???','2025-04-22 09:13:33','c59ecfc0-aad5-4712-8233-79d66ba467e5','8f62c8ce-6045-46cb-91a2-85975df60104','2025-04-22 09:13:33','2025-04-22 09:13:33',NULL),('2bbed0d1-6eab-4ea9-a209-fa16abcabb68','hihi','2025-04-22 11:13:53','47edef15-72e1-47e7-96e7-6caeb50bb34d','cde4cfde-5600-4bfb-9053-f0ce898fb1c5','2025-04-22 11:13:53','2025-04-22 11:13:53',NULL),('2be0caa2-7f31-4747-ba11-77c6c5613dd3','ssfusfu','2025-04-18 06:08:26','30152bce-29cd-4c1e-a41e-f6698c18870e','c04851bc-5c8a-4f5d-9854-7ff14aab3700','2025-04-18 06:08:26','2025-04-18 06:08:26',NULL),('2bfd22df-c618-494c-b29c-6e5a4bdd52e3','q','2025-04-24 04:50:36','47edef15-72e1-47e7-96e7-6caeb50bb34d','8f62c8ce-6045-46cb-91a2-85975df60104','2025-04-24 04:50:36','2025-04-24 04:50:36',NULL),('2c2412d5-ad61-46f4-8e6e-57a6e604e7e8','like','2025-04-22 11:05:05','47edef15-72e1-47e7-96e7-6caeb50bb34d','8f62c8ce-6045-46cb-91a2-85975df60104','2025-04-22 11:05:05','2025-04-22 11:05:05',NULL),('2c878769-e1ec-4f68-8a9e-b3f5e1dc320f','like','2025-04-22 11:07:09','47edef15-72e1-47e7-96e7-6caeb50bb34d','cde4cfde-5600-4bfb-9053-f0ce898fb1c5','2025-04-22 11:07:09','2025-04-22 11:07:09',NULL),('2c904885-40f7-4d9e-83a2-1a9a3f931e1d','ohb ohh','2025-04-22 03:23:42','24e852f2-16ad-4b57-a8d6-0f186e8eda4d','e1158314-3584-4e28-b1cb-1345db279269','2025-04-22 03:23:42','2025-04-22 03:23:42',NULL),('2c9bedb1-6ef4-433e-85f7-4b2248751db3','w','2025-04-23 00:55:42','47edef15-72e1-47e7-96e7-6caeb50bb34d','8f62c8ce-6045-46cb-91a2-85975df60104','2025-04-23 00:55:42','2025-04-23 00:55:42',NULL),('2d6a7052-0010-4e29-9f03-abc7f44c1896','wwwwwwwwwwwwwwwwwwwwwwwwwwwwwwwwwwwwwwwwwwwwwwwwwwwwwww','2025-04-06 07:56:46','6c1d78ff-fb2c-427a-ab2f-3b3c305b3cdb','ff94896f-b764-4fbc-ac30-1f1f9ca17e84','2025-04-06 07:56:46','2025-04-06 07:56:46',NULL),('2db07959-160c-4ae9-9688-1023b521f05a','dm','2025-04-27 02:05:25','47edef15-72e1-47e7-96e7-6caeb50bb34d','b5e936ed-2cb6-46a5-aa55-f00644f4aec7','2025-04-27 02:05:25','2025-04-27 02:05:25',NULL),('2df8d9eb-66aa-41e4-8c64-65718bf8c2a3','like','2025-04-22 11:14:29','47edef15-72e1-47e7-96e7-6caeb50bb34d','cde4cfde-5600-4bfb-9053-f0ce898fb1c5','2025-04-22 11:14:29','2025-04-22 11:14:29',NULL),('2e07b12b-39f7-4275-950d-67825fc502a1','q','2025-04-17 08:50:45','47edef15-72e1-47e7-96e7-6caeb50bb34d','3f8a6f0e-a297-46d6-a5f0-4fa86f924fa5','2025-04-17 08:50:45','2025-04-17 08:50:45',NULL),('2e4b7b42-fe4d-421b-88a4-e26ccc73cd17','hi ban','2025-04-22 11:15:14','47edef15-72e1-47e7-96e7-6caeb50bb34d','cde4cfde-5600-4bfb-9053-f0ce898fb1c5','2025-04-22 11:15:14','2025-04-22 11:15:14',NULL),('2e5d8d57-c626-4aae-8916-c62bb9b292a4','qqqqqqqqqqqqqqqqqqqqqqqqqqqqqqqqqqqqqqqqqqqqqqqqqqqqqq','2025-04-06 07:56:35','6c1d78ff-fb2c-427a-ab2f-3b3c305b3cdb','ff94896f-b764-4fbc-ac30-1f1f9ca17e84','2025-04-06 07:56:35','2025-04-06 07:56:35',NULL),('2e87ad1e-0297-4eb6-bd8f-b43c788f1b2b','hi dz do','2025-04-23 05:34:57','47edef15-72e1-47e7-96e7-6caeb50bb34d','e1158314-3584-4e28-b1cb-1345db279269','2025-04-23 05:34:57','2025-04-23 05:34:57',NULL),('2e9998c6-d5f6-49b0-af30-109a9162ce8e','ww','2025-04-16 09:22:46','47edef15-72e1-47e7-96e7-6caeb50bb34d','db5c9758-2076-4779-a812-08b45b779430','2025-04-16 09:22:46','2025-04-16 09:22:46',NULL),('2eae8203-a073-4fb0-a64a-fc271f436c1f','','2025-04-26 23:37:48','ee0723f2-4a9d-46cb-ab23-ff49b907f17b','b5e936ed-2cb6-46a5-aa55-f00644f4aec7','2025-04-26 23:37:48','2025-04-26 23:37:48',NULL),('2eb9a310-4677-4586-8ac7-6595b3e146e1','swd','2025-04-17 07:28:02','45e81b97-9739-4546-86bd-42d670e0f6e7','db5c9758-2076-4779-a812-08b45b779430','2025-04-17 07:28:02','2025-04-17 07:28:02',NULL),('2ed90610-c2bb-43d2-9517-7a1f8df853aa','s','2025-04-17 05:01:28','47edef15-72e1-47e7-96e7-6caeb50bb34d','db5c9758-2076-4779-a812-08b45b779430','2025-04-17 05:01:28','2025-04-17 05:01:28',NULL),('2f03bfde-11b4-4332-b8f4-8def45f4cd55','q','2025-04-24 09:48:19','47edef15-72e1-47e7-96e7-6caeb50bb34d','cde4cfde-5600-4bfb-9053-f0ce898fb1c5','2025-04-24 09:48:19','2025-04-24 09:48:19',NULL),('2f172d97-78c5-481b-b7dc-86ee51f144a2','like','2025-04-22 11:12:55','47edef15-72e1-47e7-96e7-6caeb50bb34d','8f62c8ce-6045-46cb-91a2-85975df60104','2025-04-22 11:12:55','2025-04-22 11:12:55',NULL),('2f53c176-4e8a-4585-a4cf-c503f80d9f31','dd','2025-04-25 00:26:55','e9fc6a9a-8ddc-437a-90fb-a79574a9ee2b','c65865ab-78d2-49c6-b7fd-f73ca3367723','2025-04-25 00:26:55','2025-04-25 00:26:55',NULL),('2f995d0b-98c3-44cc-b42f-3add3e10389d','q\\','2025-04-25 00:01:22','47edef15-72e1-47e7-96e7-6caeb50bb34d','7626e9de-6388-4d01-95bc-eda2c584a1bb','2025-04-25 00:01:22','2025-04-25 00:01:22',NULL),('2fab35d1-d505-4bba-9406-6c8b2aa752c4','chia tay nhau trong hoa binh','2025-04-18 06:29:23','30152bce-29cd-4c1e-a41e-f6698c18870e','c04851bc-5c8a-4f5d-9854-7ff14aab3700','2025-04-18 06:29:23','2025-04-18 06:29:23',NULL),('30414119-4f06-4b56-b804-b2af9eed86dd','c','2025-04-27 01:58:04','47edef15-72e1-47e7-96e7-6caeb50bb34d','b5e936ed-2cb6-46a5-aa55-f00644f4aec7','2025-04-27 01:58:04','2025-04-27 01:58:04',NULL),('304ed5c7-210c-4828-92ac-2b5c2a7b49d2','like','2025-04-27 01:52:51','47edef15-72e1-47e7-96e7-6caeb50bb34d','b5e936ed-2cb6-46a5-aa55-f00644f4aec7','2025-04-27 01:52:51','2025-04-27 01:52:51',NULL),('306b2dd6-fcfb-4c3c-90fd-a6416524a7ad','c','2025-04-19 07:11:23','30152bce-29cd-4c1e-a41e-f6698c18870e','c04851bc-5c8a-4f5d-9854-7ff14aab3700','2025-04-19 07:11:23','2025-04-19 07:11:23',NULL),('3071b650-e635-46f2-8540-7b96b1b07709','q','2025-04-25 01:05:39','47edef15-72e1-47e7-96e7-6caeb50bb34d','c65865ab-78d2-49c6-b7fd-f73ca3367723','2025-04-25 01:05:39','2025-04-25 01:05:39',NULL),('30f88590-8f86-4be7-a9f0-69d854fde2d7','w','2025-04-23 00:55:23','47edef15-72e1-47e7-96e7-6caeb50bb34d','9cedcea9-91a3-46fc-adf1-4ebbbd2d9b66','2025-04-23 00:55:23','2025-04-23 00:55:23',NULL),('31287b86-904d-4e23-99be-f52365f4f06c','like','2025-04-22 11:03:17','47edef15-72e1-47e7-96e7-6caeb50bb34d','8f62c8ce-6045-46cb-91a2-85975df60104','2025-04-22 11:03:17','2025-04-22 11:03:17',NULL),('31a0561e-9bf3-4e9a-b141-6eb114d8af98','like','2025-04-27 01:49:28','47edef15-72e1-47e7-96e7-6caeb50bb34d','b5e936ed-2cb6-46a5-aa55-f00644f4aec7','2025-04-27 01:49:28','2025-04-27 01:49:28',NULL),('31a16e4a-0edf-4a21-b135-11ec03bebe7a','like','2025-04-22 11:12:02','47edef15-72e1-47e7-96e7-6caeb50bb34d','e1158314-3584-4e28-b1cb-1345db279269','2025-04-22 11:12:02','2025-04-22 11:12:02',NULL),('321f3114-ed62-4c63-af0e-f82a4076c084','ww','2025-04-22 11:09:13','47edef15-72e1-47e7-96e7-6caeb50bb34d','8f62c8ce-6045-46cb-91a2-85975df60104','2025-04-22 11:09:13','2025-04-22 11:09:13',NULL),('32256f5d-e873-404c-8496-b56dd452a7fe','what up','2025-04-22 02:04:06','90ac6ba0-a635-40ad-aef2-6cbd1c78e0e7','b42f353f-f345-48f3-ba7c-f792c7f28a83','2025-04-22 02:04:06','2025-04-22 02:04:06',NULL),('32671819-cba2-48a0-8496-554d1ff10930','','2025-04-27 01:09:30','47edef15-72e1-47e7-96e7-6caeb50bb34d','b5e936ed-2cb6-46a5-aa55-f00644f4aec7','2025-04-27 01:09:30','2025-04-27 01:09:30','https://res.cloudinary.com/doxc6iqyk/image/upload/v1745741368/file_zzjvso.jpg'),('327afaff-7f85-4e20-9917-343beae74c52','s','2025-04-22 10:30:36','47edef15-72e1-47e7-96e7-6caeb50bb34d','8f62c8ce-6045-46cb-91a2-85975df60104','2025-04-22 10:30:36','2025-04-22 10:30:36',NULL),('328045c5-bd48-4084-9fb1-2f872f9e3adb','w','2025-04-17 09:01:25','47edef15-72e1-47e7-96e7-6caeb50bb34d','3f8a6f0e-a297-46d6-a5f0-4fa86f924fa5','2025-04-17 09:01:25','2025-04-17 09:01:25',NULL),('32ab4f4f-873b-4316-8c26-a416d92dd689','hi cau','2025-04-17 10:43:03','47edef15-72e1-47e7-96e7-6caeb50bb34d','f2c2848d-689b-45af-8404-8c35e973e963','2025-04-17 10:43:03','2025-04-17 10:43:03',NULL),('333ceca9-908f-4044-8f53-c939d9d5adf9','','2025-04-27 02:34:03','47edef15-72e1-47e7-96e7-6caeb50bb34d','b5e936ed-2cb6-46a5-aa55-f00644f4aec7','2025-04-27 02:34:03','2025-04-27 02:34:03','https://res.cloudinary.com/doxc6iqyk/image/upload/v1745746442/file_gpi8ub.jpg'),('33d57bb4-8420-4ac2-bbf2-b5c72a898132','w','2025-04-22 11:13:49','47edef15-72e1-47e7-96e7-6caeb50bb34d','cde4cfde-5600-4bfb-9053-f0ce898fb1c5','2025-04-22 11:13:49','2025-04-22 11:13:49',NULL),('34130e00-dc95-4eaa-bc64-de11ac70e4b3','sx','2025-04-18 06:05:24','30152bce-29cd-4c1e-a41e-f6698c18870e','c04851bc-5c8a-4f5d-9854-7ff14aab3700','2025-04-18 06:05:24','2025-04-18 06:05:24',NULL),('341550c5-f708-4572-9d82-5439e90bf7b0','','2025-04-27 02:53:01','47edef15-72e1-47e7-96e7-6caeb50bb34d','c65865ab-78d2-49c6-b7fd-f73ca3367723','2025-04-27 02:53:01','2025-04-27 02:53:01','https://res.cloudinary.com/doxc6iqyk/image/upload/v1745747580/file_kxvg6t.jpg'),('3456c122-0e74-4288-97a7-609fa212ab38','f','2025-04-19 07:06:46','6c1d78ff-fb2c-427a-ab2f-3b3c305b3cdb','0826df6c-5f1d-42b2-9c81-ca3fff0b1e67','2025-04-19 07:06:46','2025-04-19 07:06:46',NULL),('3458365e-5bb0-4808-9992-6389b3771a6c','','2025-04-27 02:02:51','47edef15-72e1-47e7-96e7-6caeb50bb34d','b5e936ed-2cb6-46a5-aa55-f00644f4aec7','2025-04-27 02:02:51','2025-04-27 02:02:51','https://res.cloudinary.com/doxc6iqyk/image/upload/v1745744570/file_m1q12m.png'),('346e736a-f2ee-42b0-a16c-b88b484315bf','ww','2025-04-22 00:58:36','6c1d78ff-fb2c-427a-ab2f-3b3c305b3cdb','0826df6c-5f1d-42b2-9c81-ca3fff0b1e67','2025-04-22 00:58:36','2025-04-22 00:58:36',NULL),('3494b0a4-7c69-4813-86c7-3060520ae134','1','2025-04-24 07:10:00','47edef15-72e1-47e7-96e7-6caeb50bb34d','db5c9758-2076-4779-a812-08b45b779430','2025-04-24 07:10:00','2025-04-24 07:10:00',NULL),('34b78797-24f9-4490-a35b-3b40ece41f63','co viec','2025-04-23 00:55:12','47edef15-72e1-47e7-96e7-6caeb50bb34d','9cedcea9-91a3-46fc-adf1-4ebbbd2d9b66','2025-04-23 00:55:12','2025-04-23 00:55:12',NULL),('34bcca7b-47dd-46a0-a44c-a8be76b214f4','hjhi','2025-04-22 11:14:12','47edef15-72e1-47e7-96e7-6caeb50bb34d','cde4cfde-5600-4bfb-9053-f0ce898fb1c5','2025-04-22 11:14:12','2025-04-22 11:14:12',NULL),('34bd4b20-8409-4fc0-86d3-bcd107a4e8ce','q','2025-04-25 00:57:57','47edef15-72e1-47e7-96e7-6caeb50bb34d','c65865ab-78d2-49c6-b7fd-f73ca3367723','2025-04-25 00:57:57','2025-04-25 00:57:57',NULL),('34f10b4e-9707-455b-9bc7-30a930d200e4','hi','2025-04-17 10:43:14','47edef15-72e1-47e7-96e7-6caeb50bb34d','f2c2848d-689b-45af-8404-8c35e973e963','2025-04-17 10:43:14','2025-04-17 10:43:14',NULL),('34fcb63b-443d-40f9-b15a-96d1ddb5e26d','w','2025-04-16 09:10:55','47edef15-72e1-47e7-96e7-6caeb50bb34d','db5c9758-2076-4779-a812-08b45b779430','2025-04-16 09:10:55','2025-04-16 09:10:55',NULL),('35776789-96c3-4f53-b915-4539fef0945c','s','2025-04-19 07:18:41','30152bce-29cd-4c1e-a41e-f6698c18870e','c04851bc-5c8a-4f5d-9854-7ff14aab3700','2025-04-19 07:18:41','2025-04-19 07:18:41',NULL),('357cbc3c-a88a-4af7-ab93-3064ddb88ea0','van cay','2025-04-27 01:50:56','47edef15-72e1-47e7-96e7-6caeb50bb34d','b5e936ed-2cb6-46a5-aa55-f00644f4aec7','2025-04-27 01:50:56','2025-04-27 01:50:56',NULL),('35c19ac7-d974-4d39-865b-7a7ab9c9b918','s','2025-04-17 10:36:09','47edef15-72e1-47e7-96e7-6caeb50bb34d','042db665-610d-47a0-bf2f-17afa6728f3a','2025-04-17 10:36:09','2025-04-17 10:36:09',NULL),('361d01df-a436-4044-892e-77ca7c9d9437','ss','2025-04-17 12:25:11','47edef15-72e1-47e7-96e7-6caeb50bb34d','e0d1ee8f-86d8-465d-884b-9d4d1e077332','2025-04-17 12:25:11','2025-04-17 12:25:11',NULL),('361f7794-ff8b-46ca-a1c4-ae65c58119d2','qqqqqqqqqqqqqqqqq','2025-04-22 10:34:52','47edef15-72e1-47e7-96e7-6caeb50bb34d','20f9d7db-c81f-4a2a-95f1-25187ca8b777','2025-04-22 10:34:52','2025-04-22 10:34:52',NULL),('36329943-b777-4344-abff-5ac52360571b','q','2025-04-22 10:13:41','47edef15-72e1-47e7-96e7-6caeb50bb34d','e1158314-3584-4e28-b1cb-1345db279269','2025-04-22 10:13:41','2025-04-22 10:13:41',NULL),('379d0b04-962b-4357-8cef-c1ebe239afc2','wr','2025-04-16 08:12:56','47edef15-72e1-47e7-96e7-6caeb50bb34d','db5c9758-2076-4779-a812-08b45b779430','2025-04-16 08:12:56','2025-04-16 08:12:56',NULL),('37a83564-19d3-4a92-a095-d2426f84d1e0','doume','2025-04-18 04:44:33','30152bce-29cd-4c1e-a41e-f6698c18870e','c04851bc-5c8a-4f5d-9854-7ff14aab3700','2025-04-18 04:44:33','2025-04-18 04:44:33',NULL),('37e9a98a-2c58-4726-9e14-459ae969f8fe','cay vler','2025-04-27 01:52:55','47edef15-72e1-47e7-96e7-6caeb50bb34d','b5e936ed-2cb6-46a5-aa55-f00644f4aec7','2025-04-27 01:52:55','2025-04-27 01:52:55',NULL),('37ee1fd3-58e5-4f67-afcb-b61dbcf266e7','like','2025-04-22 11:14:19','47edef15-72e1-47e7-96e7-6caeb50bb34d','cde4cfde-5600-4bfb-9053-f0ce898fb1c5','2025-04-22 11:14:19','2025-04-22 11:14:19',NULL),('38265bf2-821c-47cf-9699-c96cf01021e2','','2025-04-27 02:55:47','47edef15-72e1-47e7-96e7-6caeb50bb34d','c65865ab-78d2-49c6-b7fd-f73ca3367723','2025-04-27 02:55:47','2025-04-27 02:55:47','https://res.cloudinary.com/doxc6iqyk/image/upload/v1745747745/file_eowtw9.jpg'),('385414c1-ebfb-48b7-9b2f-7d8f4a877502','q','2025-04-17 04:53:10','45e81b97-9739-4546-86bd-42d670e0f6e7','db5c9758-2076-4779-a812-08b45b779430','2025-04-17 04:53:10','2025-04-17 04:53:10',NULL),('3855729f-4ac5-460e-a570-3a3772d62b22','cay vler','2025-04-27 02:03:44','47edef15-72e1-47e7-96e7-6caeb50bb34d','b5e936ed-2cb6-46a5-aa55-f00644f4aec7','2025-04-27 02:03:44','2025-04-27 02:03:44',NULL),('3855daad-a1ad-47a3-bfa5-279493349b92','hôm nay sao mày đấm thằng em tao đm','2025-04-23 01:07:48','6c1d78ff-fb2c-427a-ab2f-3b3c305b3cdb','9cedcea9-91a3-46fc-adf1-4ebbbd2d9b66','2025-04-23 01:07:48','2025-04-23 01:07:48',NULL),('385af033-f552-460c-857e-7f658fc42c78','q','2025-04-24 11:16:13','47edef15-72e1-47e7-96e7-6caeb50bb34d','940f7a41-6154-441b-859c-303833685e4f','2025-04-24 11:16:13','2025-04-24 11:16:13',NULL),('385da23f-d8e2-45c7-b4cb-769d66d41573','ww','2025-04-22 11:38:06','47edef15-72e1-47e7-96e7-6caeb50bb34d','2dec3ffa-df55-4f1e-b8be-d994e5996dd5','2025-04-22 11:38:06','2025-04-22 11:38:06',NULL),('38bbe0b1-9e26-47bc-a410-d694a1ccc8a6','w','2025-04-23 00:54:31','47edef15-72e1-47e7-96e7-6caeb50bb34d','9cedcea9-91a3-46fc-adf1-4ebbbd2d9b66','2025-04-23 00:54:31','2025-04-23 00:54:31',NULL),('38dac53d-ed07-4c1a-9832-b54c50370e20','sws','2025-04-17 04:16:05','47edef15-72e1-47e7-96e7-6caeb50bb34d','db5c9758-2076-4779-a812-08b45b779430','2025-04-17 04:16:05','2025-04-17 04:16:05',NULL),('392960e7-a67d-47ad-bc4b-af0099965d57','qqqqqqqqqqqqqqqqqqqqqqqqqqqqqqqqqqqqqqqqqqqqqqqqqqqqqqqqqqqqqqqqqqqqqqqqqqqqqqqqqqqqqqqqqqqqqqqqqqqqqqqqqqqqqqqqqqqqqqqqqqqqqqqqqqqqqqqqqqqqqqqqqqqqqqqqqqqqqqqqqqqqqqqqqqqq','2025-04-22 10:06:11','47edef15-72e1-47e7-96e7-6caeb50bb34d','cde4cfde-5600-4bfb-9053-f0ce898fb1c5','2025-04-22 10:06:11','2025-04-22 10:06:11',NULL),('39b81023-47c3-4156-bc86-942558232742','','2025-04-27 01:06:35','47edef15-72e1-47e7-96e7-6caeb50bb34d','b5e936ed-2cb6-46a5-aa55-f00644f4aec7','2025-04-27 01:06:35','2025-04-27 01:06:35','https://res.cloudinary.com/doxc6iqyk/image/upload/v1745741194/file_waqmoe.jpg'),('3a25e448-c68f-4526-b43a-9d0f8be1fd62','w','2025-04-24 04:53:32','47edef15-72e1-47e7-96e7-6caeb50bb34d','8f62c8ce-6045-46cb-91a2-85975df60104','2025-04-24 04:53:32','2025-04-24 04:53:32',NULL),('3a58f109-c00b-4cf0-8b0f-75a75dfd869f','w','2025-04-23 04:37:10','47edef15-72e1-47e7-96e7-6caeb50bb34d','8f62c8ce-6045-46cb-91a2-85975df60104','2025-04-23 04:37:10','2025-04-23 04:37:10',NULL),('3a6ffa2d-fbc0-411b-885e-cd40289fe93f','cay vler','2025-04-27 01:50:50','47edef15-72e1-47e7-96e7-6caeb50bb34d','b5e936ed-2cb6-46a5-aa55-f00644f4aec7','2025-04-27 01:50:50','2025-04-27 01:50:50',NULL),('3ac5d613-b548-4f64-9cd7-9eab33a37d7c','wwew','2025-04-18 06:09:25','30152bce-29cd-4c1e-a41e-f6698c18870e','c04851bc-5c8a-4f5d-9854-7ff14aab3700','2025-04-18 06:09:25','2025-04-18 06:09:25',NULL),('3adf9d6e-fdfc-43d5-ae91-fcfeac70ef44','sao','2025-04-27 02:05:28','ee0723f2-4a9d-46cb-ab23-ff49b907f17b','b5e936ed-2cb6-46a5-aa55-f00644f4aec7','2025-04-27 02:05:28','2025-04-27 02:05:28',NULL),('3bbec914-8d83-4208-ae3a-a38326c31d58','like','2025-04-22 11:14:45','47edef15-72e1-47e7-96e7-6caeb50bb34d','cde4cfde-5600-4bfb-9053-f0ce898fb1c5','2025-04-22 11:14:45','2025-04-22 11:14:45',NULL),('3bcc158f-374c-4a3f-85ec-7680bd578f95','q','2025-04-24 04:50:49','47edef15-72e1-47e7-96e7-6caeb50bb34d','8f62c8ce-6045-46cb-91a2-85975df60104','2025-04-24 04:50:49','2025-04-24 04:50:49',NULL),('3c65069d-612b-4567-a84c-494e67c6a416','','2025-04-27 01:05:02','47edef15-72e1-47e7-96e7-6caeb50bb34d','b5e936ed-2cb6-46a5-aa55-f00644f4aec7','2025-04-27 01:05:02','2025-04-27 01:05:02','https://res.cloudinary.com/doxc6iqyk/image/upload/v1745741101/file_jk9gtm.png'),('3cb2b850-35b1-4c3a-a5f2-83731c090ca8','','2025-04-27 00:56:48','47edef15-72e1-47e7-96e7-6caeb50bb34d','b5e936ed-2cb6-46a5-aa55-f00644f4aec7','2025-04-27 00:56:48','2025-04-27 00:56:48',NULL),('3cc155ca-5ff0-4747-8709-35c74bb708d3','w','2025-04-23 04:46:49','47edef15-72e1-47e7-96e7-6caeb50bb34d','cde4cfde-5600-4bfb-9053-f0ce898fb1c5','2025-04-23 04:46:49','2025-04-23 04:46:49',NULL),('3cc7e23c-ceb8-40b6-abd5-4f3ae216fad8','w','2025-04-17 07:13:32','47edef15-72e1-47e7-96e7-6caeb50bb34d','db5c9758-2076-4779-a812-08b45b779430','2025-04-17 07:13:32','2025-04-17 07:13:32',NULL),('3dd4dcba-c3ab-4be5-a711-4308f552cef1','w','2025-04-17 07:41:05','47edef15-72e1-47e7-96e7-6caeb50bb34d','81a9e481-d18c-4abb-8b5f-2c0b020c159f','2025-04-17 07:41:05','2025-04-17 07:41:05',NULL),('3dfb1307-d326-4406-bd78-0e8518156748','r','2025-04-19 07:06:25','30152bce-29cd-4c1e-a41e-f6698c18870e','c04851bc-5c8a-4f5d-9854-7ff14aab3700','2025-04-19 07:06:25','2025-04-19 07:06:25',NULL),('3dfc5498-071c-4bd2-965a-6e3b43458016','what i','2025-04-18 06:05:42','6c1d78ff-fb2c-427a-ab2f-3b3c305b3cdb','c04851bc-5c8a-4f5d-9854-7ff14aab3700','2025-04-18 06:05:42','2025-04-18 06:05:42',NULL),('3e7fd573-d8e4-4da0-95d7-7d6f787ccc68','whatip','2025-04-17 10:35:59','47edef15-72e1-47e7-96e7-6caeb50bb34d','88387801-4521-45d9-93ac-7e96e5d8141d','2025-04-17 10:35:59','2025-04-17 10:35:59',NULL),('3ecd7eb2-bc0e-4c41-8376-2537626fb5ef','like','2025-04-22 11:18:38','47edef15-72e1-47e7-96e7-6caeb50bb34d','5a99fb3b-bcf2-48ca-95bd-c9ee7877f9e0','2025-04-22 11:18:38','2025-04-22 11:18:38',NULL),('3ed19a56-d2cc-4d96-9a8d-f9cc18179b19','ư','2025-04-17 04:46:44','45e81b97-9739-4546-86bd-42d670e0f6e7','db5c9758-2076-4779-a812-08b45b779430','2025-04-17 04:46:44','2025-04-17 04:46:44',NULL),('3ee6ea15-f013-4132-8c17-3199e48fd4f7','sder','2025-04-27 08:12:43','47edef15-72e1-47e7-96e7-6caeb50bb34d','b5e936ed-2cb6-46a5-aa55-f00644f4aec7','2025-04-27 08:12:43','2025-04-27 08:12:43',NULL),('3f20badc-f3dd-4d15-8099-e399b2ddae72','w','2025-04-17 07:26:41','47edef15-72e1-47e7-96e7-6caeb50bb34d','3f8a6f0e-a297-46d6-a5f0-4fa86f924fa5','2025-04-17 07:26:41','2025-04-17 07:26:41',NULL),('3f2d6d78-7fea-4ea5-b256-dcfe654bb77f','','2025-04-26 23:37:52','ee0723f2-4a9d-46cb-ab23-ff49b907f17b','b5e936ed-2cb6-46a5-aa55-f00644f4aec7','2025-04-26 23:37:52','2025-04-26 23:37:52','https://res.cloudinary.com/doxc6iqyk/image/upload/v1745735870/file_x3bcqh.png'),('3f888031-b108-4d9b-990d-ede228067c36','e','2025-04-17 04:38:28','47edef15-72e1-47e7-96e7-6caeb50bb34d','db5c9758-2076-4779-a812-08b45b779430','2025-04-17 04:38:28','2025-04-17 04:38:28',NULL),('3f967821-4752-436a-9b5d-b14e6ef728dc','hi cau','2025-04-18 06:10:57','30152bce-29cd-4c1e-a41e-f6698c18870e','c04851bc-5c8a-4f5d-9854-7ff14aab3700','2025-04-18 06:10:57','2025-04-18 06:10:57',NULL),('409c4319-8822-4ab5-bba9-68c14d07f3ee','hi chao ban nha','2025-04-22 03:34:26','47edef15-72e1-47e7-96e7-6caeb50bb34d','cde4cfde-5600-4bfb-9053-f0ce898fb1c5','2025-04-22 03:34:26','2025-04-22 03:34:26',NULL),('40b84ce5-d5ac-40e3-a513-67a22422dc1a','q','2025-04-25 01:07:10','47edef15-72e1-47e7-96e7-6caeb50bb34d','c65865ab-78d2-49c6-b7fd-f73ca3367723','2025-04-25 01:07:10','2025-04-25 01:07:10',NULL),('40ce14c1-e3db-4284-9c5d-2bb735aa56c7','qqqqqqqqqqqqqqqqqqqqqqqqqqqqqqqqqqqqqqqqqqqqqqqqqqqqqqqqqqqqqqqqqqqqqqqqqqqqqqqqqqqqqqqqqqqqqqqqq','2025-04-06 08:44:14','6c1d78ff-fb2c-427a-ab2f-3b3c305b3cdb','ff94896f-b764-4fbc-ac30-1f1f9ca17e84','2025-04-06 08:44:14','2025-04-06 08:44:14',NULL),('41229817-caea-4bb2-a3a3-04d0f96585eb','cay vl','2025-04-25 01:36:03','47edef15-72e1-47e7-96e7-6caeb50bb34d','c65865ab-78d2-49c6-b7fd-f73ca3367723','2025-04-25 01:36:03','2025-04-25 01:36:03',NULL),('413f9b0a-5cff-4482-8da7-5939123dfc89','o','2025-04-17 09:45:15','47edef15-72e1-47e7-96e7-6caeb50bb34d','6bf4fbfa-63a8-481c-95e2-9ee3deebfa56','2025-04-17 09:45:15','2025-04-17 09:45:15',NULL),('421c25fb-aeb5-44df-add8-2899a307530d','ee','2025-04-25 00:50:31','47edef15-72e1-47e7-96e7-6caeb50bb34d','c65865ab-78d2-49c6-b7fd-f73ca3367723','2025-04-25 00:50:31','2025-04-25 00:50:31',NULL),('426cc7e9-abdd-4678-9c47-f848011c9d36','ban gi khong','2025-04-23 00:55:08','47edef15-72e1-47e7-96e7-6caeb50bb34d','9cedcea9-91a3-46fc-adf1-4ebbbd2d9b66','2025-04-23 00:55:08','2025-04-23 00:55:08',NULL),('42acd0c0-7a16-4588-b4a8-2d650e9c8c63','sss','2025-04-06 07:05:53','6c1d78ff-fb2c-427a-ab2f-3b3c305b3cdb','ff94896f-b764-4fbc-ac30-1f1f9ca17e84','2025-04-06 07:05:53','2025-04-06 07:05:53',NULL),('42e8feca-8ffe-4733-ae0d-fdcfed270680','like','2025-04-22 11:13:48','47edef15-72e1-47e7-96e7-6caeb50bb34d','cde4cfde-5600-4bfb-9053-f0ce898fb1c5','2025-04-22 11:13:48','2025-04-22 11:13:48',NULL),('4335e0a0-5433-4294-ba91-1a5606286766','like','2025-04-24 09:30:28','47edef15-72e1-47e7-96e7-6caeb50bb34d','8f62c8ce-6045-46cb-91a2-85975df60104','2025-04-24 09:30:28','2025-04-24 09:30:28',NULL),('4361522a-2117-4f20-899b-d1786dd07a32','thích thì đánh nhau em ơi','2025-04-25 01:49:12','ee0723f2-4a9d-46cb-ab23-ff49b907f17b','b5e936ed-2cb6-46a5-aa55-f00644f4aec7','2025-04-25 01:49:12','2025-04-25 01:49:12',NULL),('4372d7ce-3103-4819-8a44-19fd385e70ef','like','2025-04-22 11:10:42','47edef15-72e1-47e7-96e7-6caeb50bb34d','8f62c8ce-6045-46cb-91a2-85975df60104','2025-04-22 11:10:42','2025-04-22 11:10:42',NULL),('43a603d2-a1b5-40b1-9bea-fadf29945df5','w','2025-04-22 10:06:26','47edef15-72e1-47e7-96e7-6caeb50bb34d','cde4cfde-5600-4bfb-9053-f0ce898fb1c5','2025-04-22 10:06:26','2025-04-22 10:06:26',NULL),('44044f50-f25a-4150-85d2-d9e78a71b39e','ww','2025-04-19 08:28:21','30152bce-29cd-4c1e-a41e-f6698c18870e','c04851bc-5c8a-4f5d-9854-7ff14aab3700','2025-04-19 08:28:21','2025-04-19 08:28:21',NULL),('4414f7cf-9c5b-4800-8020-04a0491c4ea6','like','2025-04-24 08:47:50','47edef15-72e1-47e7-96e7-6caeb50bb34d','3f8a6f0e-a297-46d6-a5f0-4fa86f924fa5','2025-04-24 08:47:50','2025-04-24 08:47:50',NULL),('4441037c-4876-4f1c-98fa-7420e105412c','w','2025-04-23 01:09:24','6c1d78ff-fb2c-427a-ab2f-3b3c305b3cdb','9cedcea9-91a3-46fc-adf1-4ebbbd2d9b66','2025-04-23 01:09:24','2025-04-23 01:09:24',NULL),('44416be5-20e4-4ca4-a49c-a821ffec0a89','wq','2025-04-06 07:20:58','abb76df5-7a69-4e26-9d9b-c27a5ad8ad00','ff94896f-b764-4fbc-ac30-1f1f9ca17e84','2025-04-06 07:20:58','2025-04-06 07:20:58',NULL),('4447a660-ca1c-4f7a-939d-5ad4f1dc3b34','wd','2025-04-06 07:50:14','6c1d78ff-fb2c-427a-ab2f-3b3c305b3cdb','ff94896f-b764-4fbc-ac30-1f1f9ca17e84','2025-04-06 07:50:14','2025-04-06 07:50:14',NULL),('4473c955-1f95-4eaf-a88b-13be917423be','ao vler luon cc','2025-04-27 01:52:20','47edef15-72e1-47e7-96e7-6caeb50bb34d','b5e936ed-2cb6-46a5-aa55-f00644f4aec7','2025-04-27 01:52:20','2025-04-27 01:52:20',NULL),('44d6d174-2ffb-4ce9-9ccd-6504dab6dc12','1','2025-04-24 07:09:59','47edef15-72e1-47e7-96e7-6caeb50bb34d','db5c9758-2076-4779-a812-08b45b779430','2025-04-24 07:09:59','2025-04-24 07:09:59',NULL),('44f939e3-c020-4ecd-b336-afc5c6a73b83','q','2025-04-27 02:38:03','47edef15-72e1-47e7-96e7-6caeb50bb34d','c65865ab-78d2-49c6-b7fd-f73ca3367723','2025-04-27 02:38:03','2025-04-27 02:38:03',NULL),('4506b39d-96f0-4ef7-b98d-30462b5f4255','chao cau','2025-04-22 03:33:27','0533bbca-0206-4a55-b6e9-28118697a04c','f81593d9-b2d6-4422-b37d-987d80f84dd4','2025-04-22 03:33:27','2025-04-22 03:33:27',NULL),('45e2c1b5-ec45-4cf2-ba2c-4f42b9053ae3','ao vl','2025-04-23 23:23:32','47edef15-72e1-47e7-96e7-6caeb50bb34d','db5c9758-2076-4779-a812-08b45b779430','2025-04-23 23:23:32','2025-04-23 23:23:32',NULL),('45e321b7-4981-439d-ab0a-174a29aae46e','like','2025-04-22 11:12:13','47edef15-72e1-47e7-96e7-6caeb50bb34d','8f62c8ce-6045-46cb-91a2-85975df60104','2025-04-22 11:12:13','2025-04-22 11:12:13',NULL),('45e82a35-079b-4528-af77-8a018f99dd1d','','2025-04-27 01:06:33','47edef15-72e1-47e7-96e7-6caeb50bb34d','b5e936ed-2cb6-46a5-aa55-f00644f4aec7','2025-04-27 01:06:33','2025-04-27 01:06:33',NULL),('460291c0-405a-4da4-9240-7e553ebc30f2','w','2025-04-22 11:13:57','47edef15-72e1-47e7-96e7-6caeb50bb34d','cde4cfde-5600-4bfb-9053-f0ce898fb1c5','2025-04-22 11:13:57','2025-04-22 11:13:57',NULL),('46be7d00-e04f-46b8-bf19-f8dfc04886c0','sup','2025-04-27 01:45:09','47edef15-72e1-47e7-96e7-6caeb50bb34d','b5e936ed-2cb6-46a5-aa55-f00644f4aec7','2025-04-27 01:45:09','2025-04-27 01:45:09',NULL),('46ef84de-f70a-4f67-86e1-65868896a014','like','2025-04-22 11:43:02','47edef15-72e1-47e7-96e7-6caeb50bb34d','5a99fb3b-bcf2-48ca-95bd-c9ee7877f9e0','2025-04-22 11:43:02','2025-04-22 11:43:02',NULL),('4714f46b-dcf5-4d9d-a764-b349ae4d2532','','2025-04-27 01:02:41','47edef15-72e1-47e7-96e7-6caeb50bb34d','b5e936ed-2cb6-46a5-aa55-f00644f4aec7','2025-04-27 01:02:41','2025-04-27 01:02:41',NULL),('47828929-0637-49f8-9408-f3f37c1325ff','like','2025-04-27 01:58:41','47edef15-72e1-47e7-96e7-6caeb50bb34d','b5e936ed-2cb6-46a5-aa55-f00644f4aec7','2025-04-27 01:58:41','2025-04-27 01:58:41',NULL),('47d7b6cb-c919-451e-bf3b-1797ad4e4a8f','ww','2025-04-24 04:48:57','47edef15-72e1-47e7-96e7-6caeb50bb34d','8f62c8ce-6045-46cb-91a2-85975df60104','2025-04-24 04:48:57','2025-04-24 04:48:57',NULL),('482e50a9-dac1-4c62-8b0e-c7b36dae1688','dz do','2025-04-22 02:34:38','47edef15-72e1-47e7-96e7-6caeb50bb34d','e1158314-3584-4e28-b1cb-1345db279269','2025-04-22 02:34:38','2025-04-22 02:34:38',NULL),('4860802b-69eb-4cb0-baf4-e9f7ece3aa1e','like','2025-04-22 11:06:48','47edef15-72e1-47e7-96e7-6caeb50bb34d','cde4cfde-5600-4bfb-9053-f0ce898fb1c5','2025-04-22 11:06:48','2025-04-22 11:06:48',NULL),('4883eeb3-fb3e-41fd-8050-f0a24a3c6193','w','2025-04-27 08:08:03','47edef15-72e1-47e7-96e7-6caeb50bb34d','b5e936ed-2cb6-46a5-aa55-f00644f4aec7','2025-04-27 08:08:03','2025-04-27 08:08:03',NULL),('48e0f38f-8a0b-4bf4-9d6a-50e93e366ffb','w','2025-04-16 08:43:40','45e81b97-9739-4546-86bd-42d670e0f6e7','db5c9758-2076-4779-a812-08b45b779430','2025-04-16 08:43:40','2025-04-16 08:43:40',NULL),('4981730c-0afc-42ae-8417-476553ffe9ee','w','2025-04-21 07:44:43','6c1d78ff-fb2c-427a-ab2f-3b3c305b3cdb','c04851bc-5c8a-4f5d-9854-7ff14aab3700','2025-04-21 07:44:43','2025-04-21 07:44:43',NULL),('49a03427-6c01-4618-b1ab-70e506d146fc','','2025-04-27 02:05:11','ee0723f2-4a9d-46cb-ab23-ff49b907f17b','b5e936ed-2cb6-46a5-aa55-f00644f4aec7','2025-04-27 02:05:11','2025-04-27 02:05:11','https://res.cloudinary.com/doxc6iqyk/image/upload/v1745744709/file_uqeong.png'),('49c3ad3b-cc93-4562-ba1a-2263c43c5bac','w','2025-04-22 11:39:09','47edef15-72e1-47e7-96e7-6caeb50bb34d','5a99fb3b-bcf2-48ca-95bd-c9ee7877f9e0','2025-04-22 11:39:09','2025-04-22 11:39:09',NULL),('4a18f11b-4fd4-41d2-bc93-b7358af3c44b','hi','2025-04-18 04:45:56','6c1d78ff-fb2c-427a-ab2f-3b3c305b3cdb','c04851bc-5c8a-4f5d-9854-7ff14aab3700','2025-04-18 04:45:56','2025-04-18 04:45:56',NULL),('4a2e6af7-2c7c-42a5-8e16-3ae1f9870a46','dm','2025-04-23 01:09:36','6c1d78ff-fb2c-427a-ab2f-3b3c305b3cdb','9cedcea9-91a3-46fc-adf1-4ebbbd2d9b66','2025-04-23 01:09:36','2025-04-23 01:09:36',NULL),('4a95698c-f214-40a6-848b-7932aa6803ba','like','2025-04-22 11:45:16','47edef15-72e1-47e7-96e7-6caeb50bb34d','cde4cfde-5600-4bfb-9053-f0ce898fb1c5','2025-04-22 11:45:16','2025-04-22 11:45:16',NULL),('4ac55a68-a98b-4d3c-a08b-b64ef99a8b92','ai ma dz the','2025-04-23 00:58:44','47edef15-72e1-47e7-96e7-6caeb50bb34d','8f62c8ce-6045-46cb-91a2-85975df60104','2025-04-23 00:58:44','2025-04-23 00:58:44',NULL),('4b6e0f88-7279-428a-af51-5e05350fe8b7','bố m đây','2025-04-23 01:07:02','47edef15-72e1-47e7-96e7-6caeb50bb34d','9cedcea9-91a3-46fc-adf1-4ebbbd2d9b66','2025-04-23 01:07:02','2025-04-23 01:07:02',NULL),('4b6fcca3-4df2-44bd-a990-99869a6efca7','qqqqqqqqqqqqqqqqqqqqqqqqqqqqqqqqqqqqqqqqqqqqqqqqqqqqqqqqqqqqqqqqqqqqqqqqqqqqqqqqqqqqqqqqqqqqqqqqqqqqqqqqqqqqqqqqqqqqqqqqqqqqqqqqqqqqqqqqqqqqqqqqqqqqqqqqqqqqqqqqqqqqqqqqqqqqqqqq','2025-04-22 10:05:57','47edef15-72e1-47e7-96e7-6caeb50bb34d','cde4cfde-5600-4bfb-9053-f0ce898fb1c5','2025-04-22 10:05:57','2025-04-22 10:05:57',NULL),('4b9cdc8e-487b-4220-812d-e8ca9b7ffa46','co chuyen di','2025-04-17 10:36:02','47edef15-72e1-47e7-96e7-6caeb50bb34d','88387801-4521-45d9-93ac-7e96e5d8141d','2025-04-17 10:36:02','2025-04-17 10:36:02',NULL),('4bab8fb2-eee6-40f9-974d-270442783147','1','2025-04-24 07:09:58','47edef15-72e1-47e7-96e7-6caeb50bb34d','db5c9758-2076-4779-a812-08b45b779430','2025-04-24 07:09:58','2025-04-24 07:09:58',NULL),('4bb8f01f-b1ea-4045-bdff-bfa8e2f2afc5','s','2025-04-06 07:51:36','6c1d78ff-fb2c-427a-ab2f-3b3c305b3cdb','ff94896f-b764-4fbc-ac30-1f1f9ca17e84','2025-04-06 07:51:36','2025-04-06 07:51:36',NULL),('4bd27ef8-0030-47f8-9442-b238be09d1a1','ww','2025-04-16 09:31:50','47edef15-72e1-47e7-96e7-6caeb50bb34d','db5c9758-2076-4779-a812-08b45b779430','2025-04-16 09:31:50','2025-04-16 09:31:50',NULL),('4bea9f1a-0e0b-4e08-88a0-69be5406484d','hello ban','2025-04-17 08:13:56','47edef15-72e1-47e7-96e7-6caeb50bb34d','3f8a6f0e-a297-46d6-a5f0-4fa86f924fa5','2025-04-17 08:13:56','2025-04-17 08:13:56',NULL),('4c08f119-9781-41b8-9077-1e178adb5c7f','bận vl','2025-04-23 01:10:08','6c1d78ff-fb2c-427a-ab2f-3b3c305b3cdb','9cedcea9-91a3-46fc-adf1-4ebbbd2d9b66','2025-04-23 01:10:08','2025-04-23 01:10:08',NULL),('4c460ac6-96cf-42a1-beb4-2ce5cd85edf0','hello','2025-04-19 07:01:59','30152bce-29cd-4c1e-a41e-f6698c18870e','c04851bc-5c8a-4f5d-9854-7ff14aab3700','2025-04-19 07:01:59','2025-04-19 07:01:59',NULL),('4c50a1bc-562e-47e0-b3b3-ba1ff8af1fb1','like','2025-04-24 04:48:59','47edef15-72e1-47e7-96e7-6caeb50bb34d','8f62c8ce-6045-46cb-91a2-85975df60104','2025-04-24 04:48:59','2025-04-24 04:48:59',NULL),('4cc2e8c3-0f99-4300-b49d-2eda500ce2ea','w','2025-04-17 04:38:22','45e81b97-9739-4546-86bd-42d670e0f6e7','db5c9758-2076-4779-a812-08b45b779430','2025-04-17 04:38:22','2025-04-17 04:38:22',NULL),('4ce09990-0267-4cf7-9361-710cbc7e794e','cuc cut','2025-04-27 01:55:38','47edef15-72e1-47e7-96e7-6caeb50bb34d','b5e936ed-2cb6-46a5-aa55-f00644f4aec7','2025-04-27 01:55:38','2025-04-27 01:55:38',NULL),('4d49518b-a4dd-4618-95c0-fe5a20e0691e','what up','2025-04-18 06:31:54','30152bce-29cd-4c1e-a41e-f6698c18870e','c04851bc-5c8a-4f5d-9854-7ff14aab3700','2025-04-18 06:31:54','2025-04-18 06:31:54',NULL),('4d863204-00d1-417d-a828-7231501938a7','','2025-04-27 01:05:31','47edef15-72e1-47e7-96e7-6caeb50bb34d','b5e936ed-2cb6-46a5-aa55-f00644f4aec7','2025-04-27 01:05:31','2025-04-27 01:05:31',NULL),('4da7e1b1-ab52-4497-87e6-0eea80388376','what up','2025-04-16 07:53:31','47edef15-72e1-47e7-96e7-6caeb50bb34d','db5c9758-2076-4779-a812-08b45b779430','2025-04-16 07:53:31','2025-04-16 07:53:31',NULL),('4db5d476-25d7-4c0c-b7c1-d985802f32ab','www','2025-04-16 09:25:53','47edef15-72e1-47e7-96e7-6caeb50bb34d','db5c9758-2076-4779-a812-08b45b779430','2025-04-16 09:25:53','2025-04-16 09:25:53',NULL),('4dec8060-de7b-42a9-9cf9-89b287404e05','chia tay nhau trong hoa binh','2025-04-18 06:35:19','30152bce-29cd-4c1e-a41e-f6698c18870e','c04851bc-5c8a-4f5d-9854-7ff14aab3700','2025-04-18 06:35:19','2025-04-18 06:35:19',NULL),('4e819369-8062-46a2-b253-12c4ed46046d','like','2025-04-22 11:09:03','47edef15-72e1-47e7-96e7-6caeb50bb34d','8f62c8ce-6045-46cb-91a2-85975df60104','2025-04-22 11:09:03','2025-04-22 11:09:03',NULL),('4e9be764-3127-43a0-b4a6-ee541976cc98','qs','2025-04-17 07:11:32','47edef15-72e1-47e7-96e7-6caeb50bb34d','db5c9758-2076-4779-a812-08b45b779430','2025-04-17 07:11:32','2025-04-17 07:11:32',NULL),('4ee65f40-2087-434c-97bb-420110ea2ce5','dz','2025-04-23 00:04:22','47edef15-72e1-47e7-96e7-6caeb50bb34d','e1158314-3584-4e28-b1cb-1345db279269','2025-04-23 00:04:22','2025-04-23 00:04:22',NULL),('4f200f0f-5879-4654-9c3d-33d26922e6a7','ao vl','2025-04-22 11:36:42','47edef15-72e1-47e7-96e7-6caeb50bb34d','2dec3ffa-df55-4f1e-b8be-d994e5996dd5','2025-04-22 11:36:42','2025-04-22 11:36:42',NULL),('4f30d72a-303b-4c8f-a4b3-d68bbf366c50','you to men','2025-04-27 00:42:46','47edef15-72e1-47e7-96e7-6caeb50bb34d','b5e936ed-2cb6-46a5-aa55-f00644f4aec7','2025-04-27 00:42:46','2025-04-27 00:42:46','https://res.cloudinary.com/doxc6iqyk/image/upload/v1745739764/file_cwfhip.png'),('4f4d4487-1653-49e9-be9f-cfc35134379c','e','2025-04-16 09:21:31','45e81b97-9739-4546-86bd-42d670e0f6e7','db5c9758-2076-4779-a812-08b45b779430','2025-04-16 09:21:31','2025-04-16 09:21:31',NULL),('4f76147a-216b-4f54-805d-21c80e07060c','dm lun','2025-04-24 11:18:06','47edef15-72e1-47e7-96e7-6caeb50bb34d','7626e9de-6388-4d01-95bc-eda2c584a1bb','2025-04-24 11:18:06','2025-04-24 11:18:06',NULL),('4f8fda1d-3dc4-4760-bb90-d79d254c078b','what up','2025-04-22 07:05:19','61e358f0-cf5a-4ac4-8d5b-a8307941bc93','aa3bbb56-6ca5-4ff4-b587-fef61bd43d88','2025-04-22 07:05:19','2025-04-22 07:05:19',NULL),('4fe37fcf-1017-418c-b343-8cb69cd6739d','?','2025-04-22 03:34:41','0533bbca-0206-4a55-b6e9-28118697a04c','cde4cfde-5600-4bfb-9053-f0ce898fb1c5','2025-04-22 03:34:41','2025-04-22 03:34:41',NULL),('4ff10c47-7824-43c0-b27d-90eb45ef5b78','wewew','2025-04-18 06:09:52','30152bce-29cd-4c1e-a41e-f6698c18870e','c04851bc-5c8a-4f5d-9854-7ff14aab3700','2025-04-18 06:09:52','2025-04-18 06:09:52',NULL),('5005de1e-037c-4cdc-8618-31b15d7d69d2','e','2025-04-19 07:11:08','30152bce-29cd-4c1e-a41e-f6698c18870e','c04851bc-5c8a-4f5d-9854-7ff14aab3700','2025-04-19 07:11:08','2025-04-19 07:11:08',NULL),('50208a54-3d44-4064-81c7-33d6e6d3489a','s','2025-04-17 07:54:16','47edef15-72e1-47e7-96e7-6caeb50bb34d','db5c9758-2076-4779-a812-08b45b779430','2025-04-17 07:54:16','2025-04-17 07:54:16',NULL),('50472b9e-f984-4abf-935a-58ada5e05625','cc','2025-04-18 06:07:58','30152bce-29cd-4c1e-a41e-f6698c18870e','c04851bc-5c8a-4f5d-9854-7ff14aab3700','2025-04-18 06:07:58','2025-04-18 06:07:58',NULL),('504e8eef-27a7-45a6-9112-c3d842ede9fe','image_placeholder','2025-04-26 05:55:01','47edef15-72e1-47e7-96e7-6caeb50bb34d','042a83ae-00d5-47f5-87a7-16de10c53b15','2025-04-26 05:55:01','2025-04-26 05:55:01',NULL),('50736c3f-8710-4e17-8991-7e5711977956','s','2025-04-17 07:25:21','47edef15-72e1-47e7-96e7-6caeb50bb34d','9cedcea9-91a3-46fc-adf1-4ebbbd2d9b66','2025-04-17 07:25:21','2025-04-17 07:25:21',NULL),('5083ca82-a9c7-4f7d-ad3d-6cf31d75b901','you too man','2025-04-19 08:29:38','30152bce-29cd-4c1e-a41e-f6698c18870e','c04851bc-5c8a-4f5d-9854-7ff14aab3700','2025-04-19 08:29:38','2025-04-19 08:29:38',NULL),('50bd6e0e-db9d-4912-9904-49f5b9fabbf8','doumna ao that do m','2025-04-22 07:05:51','61e358f0-cf5a-4ac4-8d5b-a8307941bc93','aa3bbb56-6ca5-4ff4-b587-fef61bd43d88','2025-04-22 07:05:51','2025-04-22 07:05:51',NULL),('50c2e740-612b-40ba-a747-98d8fdd19543','','2025-04-27 01:08:19','47edef15-72e1-47e7-96e7-6caeb50bb34d','b5e936ed-2cb6-46a5-aa55-f00644f4aec7','2025-04-27 01:08:19','2025-04-27 01:08:19',NULL),('50e8d718-d0f9-4a9f-9586-b786e7807d57','o','2025-04-17 09:44:45','47edef15-72e1-47e7-96e7-6caeb50bb34d','6bf4fbfa-63a8-481c-95e2-9ee3deebfa56','2025-04-17 09:44:45','2025-04-17 09:44:45',NULL),('5111a776-7c6e-4dc4-b371-5082e9b9870c','dsds','2025-04-17 07:28:04','47edef15-72e1-47e7-96e7-6caeb50bb34d','db5c9758-2076-4779-a812-08b45b779430','2025-04-17 07:28:04','2025-04-17 07:28:04',NULL),('51fd1740-437f-4d47-bd5c-3a17389a2071','qqq','2025-04-19 07:19:40','30152bce-29cd-4c1e-a41e-f6698c18870e','c04851bc-5c8a-4f5d-9854-7ff14aab3700','2025-04-19 07:19:40','2025-04-19 07:19:40',NULL),('526a5469-886b-4b4a-97b7-dfe39267f62e','1','2025-04-24 07:09:57','47edef15-72e1-47e7-96e7-6caeb50bb34d','db5c9758-2076-4779-a812-08b45b779430','2025-04-24 07:09:57','2025-04-24 07:09:57',NULL),('529ef9c7-6c1d-480a-b207-16c94b4c1570','hello cau','2025-04-17 08:14:07','47edef15-72e1-47e7-96e7-6caeb50bb34d','9cedcea9-91a3-46fc-adf1-4ebbbd2d9b66','2025-04-17 08:14:07','2025-04-17 08:14:07',NULL),('52a4d904-96c5-4036-bf6c-808b7659c949','dd','2025-04-25 01:50:17','47edef15-72e1-47e7-96e7-6caeb50bb34d','b5e936ed-2cb6-46a5-aa55-f00644f4aec7','2025-04-25 01:50:17','2025-04-25 01:50:17',NULL),('531f3838-5efc-4d91-8127-34d85edfdbd2','','2025-04-27 01:22:19','ee0723f2-4a9d-46cb-ab23-ff49b907f17b','b5e936ed-2cb6-46a5-aa55-f00644f4aec7','2025-04-27 01:22:19','2025-04-27 01:22:19','https://res.cloudinary.com/doxc6iqyk/image/upload/v1745742137/file_l8fmto.png'),('536592f3-d677-4ef3-b5dd-a56eecce5e86','w','2025-04-22 11:07:44','47edef15-72e1-47e7-96e7-6caeb50bb34d','cde4cfde-5600-4bfb-9053-f0ce898fb1c5','2025-04-22 11:07:44','2025-04-22 11:07:44',NULL),('5395913e-465c-48a3-9513-1dff3a457ce2','q','2025-04-25 01:11:08','47edef15-72e1-47e7-96e7-6caeb50bb34d','c65865ab-78d2-49c6-b7fd-f73ca3367723','2025-04-25 01:11:08','2025-04-25 01:11:08',NULL),('53a2e5ea-8f54-4069-91ac-ba82b10c8da7','','2025-04-27 01:27:48','ee0723f2-4a9d-46cb-ab23-ff49b907f17b','b5e936ed-2cb6-46a5-aa55-f00644f4aec7','2025-04-27 01:27:48','2025-04-27 01:27:48','https://res.cloudinary.com/doxc6iqyk/image/upload/v1745742466/file_u0le3m.png'),('53a48840-477d-4b53-ac7d-8396f5c091d2','hilo ban','2025-04-06 07:58:42','abb76df5-7a69-4e26-9d9b-c27a5ad8ad00','ff94896f-b764-4fbc-ac30-1f1f9ca17e84','2025-04-06 07:58:42','2025-04-06 07:58:42',NULL),('53cef6c0-e9b9-4668-be82-97131b750d0b','w','2025-04-16 08:43:37','47edef15-72e1-47e7-96e7-6caeb50bb34d','db5c9758-2076-4779-a812-08b45b779430','2025-04-16 08:43:37','2025-04-16 08:43:37',NULL),('53ded6e0-2172-42bf-aecd-2a83090c6923','u','2025-04-18 04:43:43','6c1d78ff-fb2c-427a-ab2f-3b3c305b3cdb','c04851bc-5c8a-4f5d-9854-7ff14aab3700','2025-04-18 04:43:43','2025-04-18 04:43:43',NULL),('53e5b758-a78c-4c38-9348-19f917e37968','q','2025-04-25 01:29:07','47edef15-72e1-47e7-96e7-6caeb50bb34d','c65865ab-78d2-49c6-b7fd-f73ca3367723','2025-04-25 01:29:07','2025-04-25 01:29:07',NULL),('540a54c5-42a7-4858-9576-790ea98d99b7','whatup','2025-04-06 06:08:14','6c1d78ff-fb2c-427a-ab2f-3b3c305b3cdb','ff94896f-b764-4fbc-ac30-1f1f9ca17e84','2025-04-06 06:08:14','2025-04-06 06:08:14',NULL),('54109530-2718-4cf2-be74-3349207b7b3d','f','2025-04-19 07:02:54','6c1d78ff-fb2c-427a-ab2f-3b3c305b3cdb','0826df6c-5f1d-42b2-9c81-ca3fff0b1e67','2025-04-19 07:02:54','2025-04-19 07:02:54',NULL),('5422f2f0-feb9-45d1-b663-5577dc122ab2','qqq','2025-04-22 10:06:35','47edef15-72e1-47e7-96e7-6caeb50bb34d','cde4cfde-5600-4bfb-9053-f0ce898fb1c5','2025-04-22 10:06:35','2025-04-22 10:06:35',NULL),('546e6ee3-bfe5-4fbf-b61d-c87b5b270a0d','','2025-04-27 08:12:57','47edef15-72e1-47e7-96e7-6caeb50bb34d','b5e936ed-2cb6-46a5-aa55-f00644f4aec7','2025-04-27 08:12:57','2025-04-27 08:12:57','https://res.cloudinary.com/doxc6iqyk/image/upload/v1745766775/file_wyyum6.jpg'),('54cbe60b-36dd-43f8-837f-85ce95e529dd','q','2025-04-23 00:49:57','47edef15-72e1-47e7-96e7-6caeb50bb34d','cde4cfde-5600-4bfb-9053-f0ce898fb1c5','2025-04-23 00:49:57','2025-04-23 00:49:57',NULL),('54ebcb54-9868-4e65-ac92-d13c2c3b03a7','ww','2025-04-17 07:25:01','47edef15-72e1-47e7-96e7-6caeb50bb34d','9cedcea9-91a3-46fc-adf1-4ebbbd2d9b66','2025-04-17 07:25:01','2025-04-17 07:25:01',NULL),('54fd0cab-d2f6-42b3-a921-68da12138f2d','w','2025-04-17 04:41:22','47edef15-72e1-47e7-96e7-6caeb50bb34d','db5c9758-2076-4779-a812-08b45b779430','2025-04-17 04:41:22','2025-04-17 04:41:22',NULL),('5544587a-e360-41a0-85ac-8501118ff376','d','2025-04-19 07:11:22','30152bce-29cd-4c1e-a41e-f6698c18870e','c04851bc-5c8a-4f5d-9854-7ff14aab3700','2025-04-19 07:11:22','2025-04-19 07:11:22',NULL),('5556b656-d421-4c68-84d1-1accd64f5f47','like','2025-04-22 11:13:46','47edef15-72e1-47e7-96e7-6caeb50bb34d','cde4cfde-5600-4bfb-9053-f0ce898fb1c5','2025-04-22 11:13:46','2025-04-22 11:13:46',NULL),('55b8a9f8-8a5e-4341-8d42-0cb5cf383b47','dd','2025-04-17 07:30:54','47edef15-72e1-47e7-96e7-6caeb50bb34d','db5c9758-2076-4779-a812-08b45b779430','2025-04-17 07:30:54','2025-04-17 07:30:54',NULL),('55e6a492-57ae-410d-a21b-dcd45620864c','dz','2025-04-23 00:58:21','47edef15-72e1-47e7-96e7-6caeb50bb34d','8f62c8ce-6045-46cb-91a2-85975df60104','2025-04-23 00:58:21','2025-04-23 00:58:21',NULL),('55e985dd-e906-436e-a2ac-64bc5d2fb910','cc','2025-04-23 01:10:36','6c1d78ff-fb2c-427a-ab2f-3b3c305b3cdb','9cedcea9-91a3-46fc-adf1-4ebbbd2d9b66','2025-04-23 01:10:36','2025-04-23 01:10:36',NULL),('55f1f197-aa23-46a3-a322-2d26a7f2bf13','?','2025-04-26 01:53:00','47edef15-72e1-47e7-96e7-6caeb50bb34d','bb5c46e9-8304-4726-ba45-42e2b24147ad','2025-04-26 01:53:00','2025-04-26 01:53:00',NULL),('56549ca7-8cc0-42de-aa1a-c28e0994e2eb','1','2025-04-24 07:09:58','47edef15-72e1-47e7-96e7-6caeb50bb34d','db5c9758-2076-4779-a812-08b45b779430','2025-04-24 07:09:58','2025-04-24 07:09:58',NULL),('5675b8ec-dd58-4476-9a6f-4344f2ff139f','w\\','2025-04-17 08:45:07','47edef15-72e1-47e7-96e7-6caeb50bb34d','4f5f75dd-8b64-4884-84ce-d6660d444da8','2025-04-17 08:45:07','2025-04-17 08:45:07',NULL),('56f6e486-c680-4b45-b9cf-07aafc090aba','q','2025-04-23 00:07:27','47edef15-72e1-47e7-96e7-6caeb50bb34d','e1158314-3584-4e28-b1cb-1345db279269','2025-04-23 00:07:27','2025-04-23 00:07:27',NULL),('5768159d-8131-46c8-bb5a-add1fe1c3e4f','tao chu ai ;v','2025-04-23 00:58:51','47edef15-72e1-47e7-96e7-6caeb50bb34d','8f62c8ce-6045-46cb-91a2-85975df60104','2025-04-23 00:58:51','2025-04-23 00:58:51',NULL),('578b2063-587d-42ce-8802-1c5834834d45','sdsd','2025-04-22 02:33:08','53b13d76-34d5-4754-811c-4219ff0978ae','5a99fb3b-bcf2-48ca-95bd-c9ee7877f9e0','2025-04-22 02:33:08','2025-04-22 02:33:08',NULL),('57a2995f-9a9a-4dcf-87c3-18fa43f9f359','ww','2025-04-23 04:47:37','47edef15-72e1-47e7-96e7-6caeb50bb34d','cde4cfde-5600-4bfb-9053-f0ce898fb1c5','2025-04-23 04:47:37','2025-04-23 04:47:37',NULL),('57f2f94e-2b57-40f8-969b-ef3a4b01f7e4','no no','2025-04-18 06:05:39','30152bce-29cd-4c1e-a41e-f6698c18870e','c04851bc-5c8a-4f5d-9854-7ff14aab3700','2025-04-18 06:05:39','2025-04-18 06:05:39',NULL),('58bdd9d5-5868-42d0-b528-06cf5d40df61','cay vl','2025-04-27 01:55:34','47edef15-72e1-47e7-96e7-6caeb50bb34d','b5e936ed-2cb6-46a5-aa55-f00644f4aec7','2025-04-27 01:55:34','2025-04-27 01:55:34',NULL),('5908d695-c354-43ff-91f7-8604f185e97d','','2025-04-27 08:15:29','47edef15-72e1-47e7-96e7-6caeb50bb34d','b5e936ed-2cb6-46a5-aa55-f00644f4aec7','2025-04-27 08:15:29','2025-04-27 08:15:29','https://res.cloudinary.com/doxc6iqyk/image/upload/v1745766928/file_lahj8m.jpg'),('591154d8-731b-47ce-bca8-b6ba3faf623a','cay vler','2025-04-25 00:01:26','47edef15-72e1-47e7-96e7-6caeb50bb34d','7626e9de-6388-4d01-95bc-eda2c584a1bb','2025-04-25 00:01:26','2025-04-25 00:01:26',NULL),('592ed268-b826-4eef-ba22-09419bc6d721','ww','2025-04-06 07:13:48','6c1d78ff-fb2c-427a-ab2f-3b3c305b3cdb','ff94896f-b764-4fbc-ac30-1f1f9ca17e84','2025-04-06 07:13:48','2025-04-06 07:13:48',NULL),('59347d88-025b-4d60-972b-5470f8b86191','like','2025-04-22 11:11:31','47edef15-72e1-47e7-96e7-6caeb50bb34d','8f62c8ce-6045-46cb-91a2-85975df60104','2025-04-22 11:11:31','2025-04-22 11:11:31',NULL),('59a096b3-d136-4470-9620-38a4b0f8dc22','w','2025-04-22 11:14:07','47edef15-72e1-47e7-96e7-6caeb50bb34d','cde4cfde-5600-4bfb-9053-f0ce898fb1c5','2025-04-22 11:14:07','2025-04-22 11:14:07',NULL),('59ea6562-c3c7-4218-9023-6da3e2be9de0','e','2025-04-06 06:17:01','6c1d78ff-fb2c-427a-ab2f-3b3c305b3cdb','ff94896f-b764-4fbc-ac30-1f1f9ca17e84','2025-04-06 06:17:01','2025-04-06 06:17:01',NULL),('5a15920b-0e28-4f9b-af5d-cfdd65a00f48','like','2025-04-22 11:13:45','47edef15-72e1-47e7-96e7-6caeb50bb34d','cde4cfde-5600-4bfb-9053-f0ce898fb1c5','2025-04-22 11:13:45','2025-04-22 11:13:45',NULL),('5a23d891-4710-4e49-ac17-3b51a8cfcacf','dz ngay','2025-04-25 03:17:32','47edef15-72e1-47e7-96e7-6caeb50bb34d','7626e9de-6388-4d01-95bc-eda2c584a1bb','2025-04-25 03:17:32','2025-04-25 03:17:32',NULL),('5a30edb2-05a8-4d7e-9383-0c0774f9df6a','cc','2025-04-18 06:30:40','30152bce-29cd-4c1e-a41e-f6698c18870e','c04851bc-5c8a-4f5d-9854-7ff14aab3700','2025-04-18 06:30:40','2025-04-18 06:30:40',NULL),('5a3a875d-7ff3-47de-a6ab-3cd45223e895','like','2025-04-22 11:17:54','47edef15-72e1-47e7-96e7-6caeb50bb34d','5a99fb3b-bcf2-48ca-95bd-c9ee7877f9e0','2025-04-22 11:17:54','2025-04-22 11:17:54',NULL),('5ab52ab3-6bb9-41eb-9545-24147f3f0b1d','q','2025-04-25 01:43:31','47edef15-72e1-47e7-96e7-6caeb50bb34d','c65865ab-78d2-49c6-b7fd-f73ca3367723','2025-04-25 01:43:31','2025-04-25 01:43:31',NULL),('5b11cae6-b007-47d8-8257-11d22e32ade2','ww','2025-04-06 06:59:11','6c1d78ff-fb2c-427a-ab2f-3b3c305b3cdb','ff94896f-b764-4fbc-ac30-1f1f9ca17e84','2025-04-06 06:59:11','2025-04-06 06:59:11',NULL),('5b575d7e-c745-4478-8b7a-49b307b6f7e4','sscx','2025-04-17 07:28:22','47edef15-72e1-47e7-96e7-6caeb50bb34d','db5c9758-2076-4779-a812-08b45b779430','2025-04-17 07:28:22','2025-04-17 07:28:22',NULL),('5b627f66-f656-4cef-960b-51163fac1edd','q','2025-04-25 01:10:36','47edef15-72e1-47e7-96e7-6caeb50bb34d','c65865ab-78d2-49c6-b7fd-f73ca3367723','2025-04-25 01:10:36','2025-04-25 01:10:36',NULL),('5b9c15ce-b973-4cc5-be48-13cbfbf81785','uy tin do','2025-04-19 08:29:49','30152bce-29cd-4c1e-a41e-f6698c18870e','c04851bc-5c8a-4f5d-9854-7ff14aab3700','2025-04-19 08:29:49','2025-04-19 08:29:49',NULL),('5bd37fc3-bb05-4bd5-ae71-e4a683a7e487','bố m đéo thích đấy sao không thằng cu này','2025-04-25 01:45:54','47edef15-72e1-47e7-96e7-6caeb50bb34d','364eec81-6de1-445f-bbcb-75783d6bfffe','2025-04-25 01:45:54','2025-04-25 01:45:54',NULL),('5bfdb785-585d-4820-baad-18672ce75dde','the gioii','2025-04-18 06:21:08','30152bce-29cd-4c1e-a41e-f6698c18870e','c04851bc-5c8a-4f5d-9854-7ff14aab3700','2025-04-18 06:21:08','2025-04-18 06:21:08',NULL),('5c246f3c-e5f5-489b-a26a-f771a4039845','sw','2025-04-17 04:52:39','47edef15-72e1-47e7-96e7-6caeb50bb34d','db5c9758-2076-4779-a812-08b45b779430','2025-04-17 04:52:39','2025-04-17 04:52:39',NULL),('5c50d70e-6f3c-45e7-ac7a-3548c3240fb0','like','2025-04-22 11:12:52','47edef15-72e1-47e7-96e7-6caeb50bb34d','8f62c8ce-6045-46cb-91a2-85975df60104','2025-04-22 11:12:52','2025-04-22 11:12:52',NULL),('5cd6d745-a9a2-4b21-9f2a-a904f5d17d4d','like','2025-04-27 02:19:07','47edef15-72e1-47e7-96e7-6caeb50bb34d','b5e936ed-2cb6-46a5-aa55-f00644f4aec7','2025-04-27 02:19:07','2025-04-27 02:19:07',NULL),('5d0264f4-5746-4fce-aba2-ea8aaa4fcb41','import PropTypes from \'prop-types\';\nimport { forwardRef } from \'react\';\nimport { motion } from \'framer-motion\';\nimport { IoCheckmarkDone, IoCheckmark } from \'react-icons/io5\';\n\nimport RenderIf from \'../RenderIf\';\nimport { AiFillLike } from \'react-icons/ai\';\n\nconst MessageCard = forwardRef(({ isMe, content, isSending, isLast }, ref) => {\n    return (\n        <div className={`flex ${isMe ? \'justify-end\' : \'justify-start\'} w-full`}>\n            <motion.div\n                initial={{ opacity: 0, y: 20 }} // Tạo ra một hiệu ứng fade-in từ dưới lên\n                animate={{ opacity: 1, y: 0 }} // Khi tin nhắn đã xuất hiện, nó sẽ trở lại vị trí ban đầu\n                exit={{ opacity: 0, y: -20 }} // Khi tin nhắn bị loại bỏ, nó sẽ mờ đi và trượt lên\n                className=\"max-w-[50%] overflow-hidden\"\n            >\n                <RenderIf value={content !== \'like\'}>\n                    <div\n                        ref={ref}\n                        className={`p-2 flex-shrink-0 px-3 rounded-3xl border-base-300 border break-words ${isMe ? \'bg-primary text-neutral-content\' : \'bg-base-200\'}`}\n                    >\n                        <p>{content}</p>\n                    </div>\n                </RenderIf>\n                <RenderIf value={content === \'like\'}>\n                    <div ref={ref}>\n                        <AiFillLike className=\"size-16 text-primary\" />\n                    </div>\n                </RenderIf>\n                <div className=\"w-full flex justify-end\">\n                    <RenderIf value={isLast && isMe}>\n                        <RenderIf value={isSending}>\n                            <div className=\"badge badge-neutral mt-1\">\n                                <IoCheckmark />\n                                <span className=\"ml-1\">sending</span>\n                            </div>\n                        </RenderIf>\n                        <RenderIf value={!isSending}>\n                            <div className=\"badge badge-neutral mt-1\">\n                                <IoCheckmarkDone />\n                                <span className=\"ml-1\">sent</span>\n                            </div>\n                        </RenderIf>\n                    </RenderIf>\n                </div>\n            </motion.div>\n        </div>\n    );\n});\n\nMessageCard.propTypes = {\n    isMe: PropTypes.bool,\n    content: PropTypes.string,\n};\n\nexport default MessageCard;','2025-04-22 11:40:21','47edef15-72e1-47e7-96e7-6caeb50bb34d','5a99fb3b-bcf2-48ca-95bd-c9ee7877f9e0','2025-04-22 11:40:21','2025-04-22 11:40:21',NULL),('5d51b421-831a-496f-84f7-e02ec88bee7a','ok nha','2025-04-21 09:20:44','30152bce-29cd-4c1e-a41e-f6698c18870e','c04851bc-5c8a-4f5d-9854-7ff14aab3700','2025-04-21 09:20:44','2025-04-21 09:20:44',NULL),('5d7b01e7-a467-42f6-9a40-0aa0eefe39de','douma','2025-04-17 12:25:18','2055c5ae-7aa1-43f2-8808-bef7f680dfee','e0d1ee8f-86d8-465d-884b-9d4d1e077332','2025-04-17 12:25:18','2025-04-17 12:25:18',NULL),('5daeb039-da5f-49fc-8230-6a34f583ebca','wahtyp','2025-04-19 08:28:13','30152bce-29cd-4c1e-a41e-f6698c18870e','c04851bc-5c8a-4f5d-9854-7ff14aab3700','2025-04-19 08:28:13','2025-04-19 08:28:13',NULL),('5de10646-43ea-4caf-94be-070f8fe85186','swwwwwwwwwwwwwwwwwwwwwwwwwwwwwwwwwwwwwwwwwwwwwwwwwwwwwwwwwwwwwwwwwwwwwwwwwwwwwwwwwwwwwwwwwwwwwwwwwwwwwwwwwww','2025-04-06 08:44:46','abb76df5-7a69-4e26-9d9b-c27a5ad8ad00','ff94896f-b764-4fbc-ac30-1f1f9ca17e84','2025-04-06 08:44:46','2025-04-06 08:44:46',NULL),('5e2968b8-30f4-4caf-abcb-cf2d793b376b','like','2025-04-22 11:11:57','47edef15-72e1-47e7-96e7-6caeb50bb34d','cde4cfde-5600-4bfb-9053-f0ce898fb1c5','2025-04-22 11:11:57','2025-04-22 11:11:57',NULL),('5e56ee78-2277-4445-9a8f-390365bd5064','sxxsx','2025-04-17 07:27:18','45e81b97-9739-4546-86bd-42d670e0f6e7','db5c9758-2076-4779-a812-08b45b779430','2025-04-17 07:27:18','2025-04-17 07:27:18',NULL),('5e80697e-c8ad-4ea1-802a-2d2d7aba4d6a','','2025-04-27 01:32:21','ee0723f2-4a9d-46cb-ab23-ff49b907f17b','b5e936ed-2cb6-46a5-aa55-f00644f4aec7','2025-04-27 01:32:21','2025-04-27 01:32:21','https://res.cloudinary.com/doxc6iqyk/image/upload/v1745742739/file_y1t30q.png'),('5f0674f3-ef80-4167-9338-edc4323a84ac','day the nhi','2025-04-25 00:00:50','47edef15-72e1-47e7-96e7-6caeb50bb34d','7626e9de-6388-4d01-95bc-eda2c584a1bb','2025-04-25 00:00:50','2025-04-25 00:00:50',NULL),('5f1049d0-3661-46c2-ba3e-d8a49cdfd5e7','','2025-04-26 11:09:42','47edef15-72e1-47e7-96e7-6caeb50bb34d','e83e1312-b563-40f6-8010-bfbac996af49','2025-04-26 11:09:42','2025-04-26 11:09:42','https://res.cloudinary.com/doxc6iqyk/image/upload/v1745690980/file_mncga9.png'),('5f5bc3bf-8793-4447-bb9a-ef8978bcdbb6','www','2025-04-22 11:15:09','47edef15-72e1-47e7-96e7-6caeb50bb34d','cde4cfde-5600-4bfb-9053-f0ce898fb1c5','2025-04-22 11:15:09','2025-04-22 11:15:09',NULL),('5f6b08b3-9ad0-4e3f-a7a2-ad9c06d12b89','w','2025-04-06 06:53:42','6c1d78ff-fb2c-427a-ab2f-3b3c305b3cdb','ff94896f-b764-4fbc-ac30-1f1f9ca17e84','2025-04-06 06:53:42','2025-04-06 06:53:42',NULL),('5fc7eea5-d418-433a-91cc-aaba26ee6598','like','2025-04-22 11:11:27','47edef15-72e1-47e7-96e7-6caeb50bb34d','8f62c8ce-6045-46cb-91a2-85975df60104','2025-04-22 11:11:27','2025-04-22 11:11:27',NULL),('5ffa66c2-2fe3-4f26-a3ad-ec71835236fb','whatupbro','2025-04-07 01:50:38','abb76df5-7a69-4e26-9d9b-c27a5ad8ad00','ff94896f-b764-4fbc-ac30-1f1f9ca17e84','2025-04-07 01:50:38','2025-04-07 01:50:38',NULL),('6010b2be-8f4c-43f3-b172-4ed182c77b44','like','2025-04-23 00:58:52','47edef15-72e1-47e7-96e7-6caeb50bb34d','8f62c8ce-6045-46cb-91a2-85975df60104','2025-04-23 00:58:52','2025-04-23 00:58:52',NULL),('6058c601-ae76-4671-ba9e-ef9a0d574b88','s','2025-04-17 08:46:35','47edef15-72e1-47e7-96e7-6caeb50bb34d','3f8a6f0e-a297-46d6-a5f0-4fa86f924fa5','2025-04-17 08:46:35','2025-04-17 08:46:35',NULL),('607b66c6-b130-40ec-a4f1-5569596494a0','sw','2025-04-17 07:15:28','47edef15-72e1-47e7-96e7-6caeb50bb34d','db5c9758-2076-4779-a812-08b45b779430','2025-04-17 07:15:28','2025-04-17 07:15:28',NULL),('608f9c31-d799-435e-86f5-9d7af1277e98','chao cau na','2025-04-22 02:27:58','69e4aca8-9f57-495e-b648-b48b0463b7af','57c7168f-d1e6-4888-b8d6-336e41d18a62','2025-04-22 02:27:58','2025-04-22 02:27:58',NULL),('6094cd7e-9d5d-4068-9671-23cc1ab30046','','2025-04-27 02:05:46','ee0723f2-4a9d-46cb-ab23-ff49b907f17b','b5e936ed-2cb6-46a5-aa55-f00644f4aec7','2025-04-27 02:05:46','2025-04-27 02:05:46','https://res.cloudinary.com/doxc6iqyk/image/upload/v1745744744/file_kq9cjl.png'),('60d1ee2c-9743-4230-95c5-3f2d60e36c28','s','2025-04-17 08:00:34','47edef15-72e1-47e7-96e7-6caeb50bb34d','e83e1312-b563-40f6-8010-bfbac996af49','2025-04-17 08:00:34','2025-04-17 08:00:34',NULL),('60d79a8a-115d-4481-81c5-fdd4fb7e6306','ds s','2025-04-17 09:44:26','47edef15-72e1-47e7-96e7-6caeb50bb34d','3ee0b572-da75-4f62-a257-28245e585e7f','2025-04-17 09:44:26','2025-04-17 09:44:26',NULL),('60f511e1-9ef5-45ef-b898-46244f1a770f','like','2025-04-24 04:51:04','47edef15-72e1-47e7-96e7-6caeb50bb34d','8f62c8ce-6045-46cb-91a2-85975df60104','2025-04-24 04:51:04','2025-04-24 04:51:04',NULL),('60fa1d24-997d-46c9-9402-ca2cd710aec0','like','2025-04-23 00:04:55','47edef15-72e1-47e7-96e7-6caeb50bb34d','e1158314-3584-4e28-b1cb-1345db279269','2025-04-23 00:04:55','2025-04-23 00:04:55',NULL),('6146ba09-781c-445a-bf68-6d67b305bd2f','mmmmmmmmmmmmmmmmmmmmmmmmmmmmmmmmmmmmmmmmmmmmmmmmmmmmmmmmmmmmmmmmmmmmmmmmmmmmmmmmmmmmmmmmmmmmmmmmmmmmmmmmmmmmmmmmmmmmmmmmmmmmmmmmmmmmmmmmmmmmmmmmmmmmmmmmmmmm','2025-04-22 11:49:07','47edef15-72e1-47e7-96e7-6caeb50bb34d','7b204cc1-6e15-4117-a36d-f50211adb35b','2025-04-22 11:49:07','2025-04-22 11:49:07',NULL),('616b5e5c-8fe4-4bdd-a24f-de5341773a37','like','2025-04-22 11:12:14','47edef15-72e1-47e7-96e7-6caeb50bb34d','8f62c8ce-6045-46cb-91a2-85975df60104','2025-04-22 11:12:14','2025-04-22 11:12:14',NULL),('618862c9-1556-44aa-85e6-0cea8784c9bf','w','2025-04-23 00:55:24','47edef15-72e1-47e7-96e7-6caeb50bb34d','9cedcea9-91a3-46fc-adf1-4ebbbd2d9b66','2025-04-23 00:55:24','2025-04-23 00:55:24',NULL),('618f3e64-3a40-48d9-8e2c-c7cfb89ee5bb','ww','2025-04-23 04:47:27','47edef15-72e1-47e7-96e7-6caeb50bb34d','cde4cfde-5600-4bfb-9053-f0ce898fb1c5','2025-04-23 04:47:27','2025-04-23 04:47:27',NULL),('61aa86dc-6ea0-4623-8a86-9924f4ef51a0','like','2025-04-22 11:05:20','47edef15-72e1-47e7-96e7-6caeb50bb34d','8f62c8ce-6045-46cb-91a2-85975df60104','2025-04-22 11:05:20','2025-04-22 11:05:20',NULL),('61ca215e-a28b-42e9-806c-4579619cfaed','1','2025-04-24 07:09:57','47edef15-72e1-47e7-96e7-6caeb50bb34d','db5c9758-2076-4779-a812-08b45b779430','2025-04-24 07:09:57','2025-04-24 07:09:57',NULL),('62285e93-bfde-42e9-a210-a9ab66bd8ff3','w','2025-04-22 11:13:51','47edef15-72e1-47e7-96e7-6caeb50bb34d','cde4cfde-5600-4bfb-9053-f0ce898fb1c5','2025-04-22 11:13:51','2025-04-22 11:13:51',NULL),('6262fac6-feb5-4f9f-9ac6-7beb5101f9f5','ww','2025-04-22 10:06:25','47edef15-72e1-47e7-96e7-6caeb50bb34d','cde4cfde-5600-4bfb-9053-f0ce898fb1c5','2025-04-22 10:06:25','2025-04-22 10:06:25',NULL),('628e3a86-c1ab-4564-9c0d-a55ec59223b6','shu','2025-04-18 06:05:22','6c1d78ff-fb2c-427a-ab2f-3b3c305b3cdb','c04851bc-5c8a-4f5d-9854-7ff14aab3700','2025-04-18 06:05:22','2025-04-18 06:05:22',NULL),('629eb58e-ef24-40df-8ec9-242511e0c51b','minh day ban oi','2025-04-22 02:30:24','e7e5762b-fc53-4e5d-b053-104de910fcc5','20f9d7db-c81f-4a2a-95f1-25187ca8b777','2025-04-22 02:30:24','2025-04-22 02:30:24',NULL),('62a36f46-2902-4968-b418-130ffe65eb80','????????????aa???','2025-04-22 09:32:09','47edef15-72e1-47e7-96e7-6caeb50bb34d','e1158314-3584-4e28-b1cb-1345db279269','2025-04-22 09:32:09','2025-04-22 09:32:09',NULL),('62cc4db2-c326-49f5-b713-3b6263b3da73','2','2025-04-24 11:17:40','47edef15-72e1-47e7-96e7-6caeb50bb34d','940f7a41-6154-441b-859c-303833685e4f','2025-04-24 11:17:40','2025-04-24 11:17:40',NULL),('62f05ccf-a279-4641-9b1b-acf1da5e21f8','chao cau nha','2025-04-22 09:13:16','c59ecfc0-aad5-4712-8233-79d66ba467e5','8f62c8ce-6045-46cb-91a2-85975df60104','2025-04-22 09:13:16','2025-04-22 09:13:16',NULL),('638179ef-9237-4c37-8327-a253c9d04cd9','www','2025-04-22 10:08:08','47edef15-72e1-47e7-96e7-6caeb50bb34d','cde4cfde-5600-4bfb-9053-f0ce898fb1c5','2025-04-22 10:08:08','2025-04-22 10:08:08',NULL),('63890b7e-00c4-43e5-8e7b-71c3e2798fac','wsws','2025-04-22 02:33:01','53b13d76-34d5-4754-811c-4219ff0978ae','5a99fb3b-bcf2-48ca-95bd-c9ee7877f9e0','2025-04-22 02:33:01','2025-04-22 02:33:01',NULL),('63a7e029-4934-48b4-ba59-51d195d278c8','w','2025-04-23 00:55:23','47edef15-72e1-47e7-96e7-6caeb50bb34d','9cedcea9-91a3-46fc-adf1-4ebbbd2d9b66','2025-04-23 00:55:23','2025-04-23 00:55:23',NULL),('63ece57f-af45-4d8d-9f89-f96a19465a02','','2025-04-26 11:07:39','47edef15-72e1-47e7-96e7-6caeb50bb34d','e83e1312-b563-40f6-8010-bfbac996af49','2025-04-26 11:07:39','2025-04-26 11:07:39',NULL),('63fad59e-774e-452d-9f66-b47c160d4281','','2025-04-26 11:22:10','47edef15-72e1-47e7-96e7-6caeb50bb34d','b5e936ed-2cb6-46a5-aa55-f00644f4aec7','2025-04-26 11:22:10','2025-04-26 11:22:10',NULL),('640bc48f-aac5-424c-a931-b1ab92691ff4','ww','2025-04-23 05:35:36','47edef15-72e1-47e7-96e7-6caeb50bb34d','e1158314-3584-4e28-b1cb-1345db279269','2025-04-23 05:35:36','2025-04-23 05:35:36',NULL),('64190a8a-a42c-4fd8-99f9-743c1b3dd8d7','1','2025-04-24 07:09:57','47edef15-72e1-47e7-96e7-6caeb50bb34d','db5c9758-2076-4779-a812-08b45b779430','2025-04-24 07:09:57','2025-04-24 07:09:57',NULL),('643f22d6-2b61-4006-baa5-b5591ad21b45','chao cao','2025-04-19 08:10:42','30152bce-29cd-4c1e-a41e-f6698c18870e','c04851bc-5c8a-4f5d-9854-7ff14aab3700','2025-04-19 08:10:42','2025-04-19 08:10:42',NULL),('64877e38-d998-4e6d-b5d6-1e35c2362926','qqq','2025-04-18 04:44:47','30152bce-29cd-4c1e-a41e-f6698c18870e','c04851bc-5c8a-4f5d-9854-7ff14aab3700','2025-04-18 04:44:47','2025-04-18 04:44:47',NULL),('64a5f935-f567-47a5-9143-8ffc288f0864','like','2025-04-27 08:12:33','47edef15-72e1-47e7-96e7-6caeb50bb34d','b5e936ed-2cb6-46a5-aa55-f00644f4aec7','2025-04-27 08:12:33','2025-04-27 08:12:33',NULL),('64bfc9fd-4c2d-48a9-9203-73bf4390d252','s','2025-04-25 00:39:32','e9fc6a9a-8ddc-437a-90fb-a79574a9ee2b','701a84c7-3f62-4fac-b990-272b4b083ab7','2025-04-25 00:39:32','2025-04-25 00:39:32',NULL),('64f66d01-e196-485c-b29d-18b009d1c8a7','e','2025-04-19 07:15:04','30152bce-29cd-4c1e-a41e-f6698c18870e','c04851bc-5c8a-4f5d-9854-7ff14aab3700','2025-04-19 07:15:04','2025-04-19 07:15:04',NULL),('64f915da-a3cf-45ae-9689-9aaa026c9d8c','what up','2025-04-23 22:42:39','47edef15-72e1-47e7-96e7-6caeb50bb34d','8f62c8ce-6045-46cb-91a2-85975df60104','2025-04-23 22:42:39','2025-04-23 22:42:39',NULL),('64fd5add-d2c0-4841-8b58-e8664be57754','q','2025-04-24 04:50:48','47edef15-72e1-47e7-96e7-6caeb50bb34d','8f62c8ce-6045-46cb-91a2-85975df60104','2025-04-24 04:50:48','2025-04-24 04:50:48',NULL),('6513e045-8d57-4ac2-8237-a57ded69aee1','w','2025-04-17 04:47:29','47edef15-72e1-47e7-96e7-6caeb50bb34d','db5c9758-2076-4779-a812-08b45b779430','2025-04-17 04:47:29','2025-04-17 04:47:29',NULL),('65544684-00d6-4826-bc86-3c1eb8af822a','qq','2025-04-24 11:19:07','47edef15-72e1-47e7-96e7-6caeb50bb34d','7626e9de-6388-4d01-95bc-eda2c584a1bb','2025-04-24 11:19:07','2025-04-24 11:19:07',NULL),('6585b9fa-c385-404f-beb9-965b50bdf605','hok co gi','2025-04-22 09:13:26','c59ecfc0-aad5-4712-8233-79d66ba467e5','8f62c8ce-6045-46cb-91a2-85975df60104','2025-04-22 09:13:26','2025-04-22 09:13:26',NULL),('6588ced3-403d-4148-b876-807a8ac9316d','hi ban','2025-04-18 06:43:55','30152bce-29cd-4c1e-a41e-f6698c18870e','c04851bc-5c8a-4f5d-9854-7ff14aab3700','2025-04-18 06:43:55','2025-04-18 06:43:55',NULL),('65dc7c2e-60c2-44e0-ac28-06cd6f38fcbb','q','2025-04-17 07:11:29','47edef15-72e1-47e7-96e7-6caeb50bb34d','db5c9758-2076-4779-a812-08b45b779430','2025-04-17 07:11:29','2025-04-17 07:11:29',NULL),('660fd935-35d2-4b86-9c87-9d4d927e5a2d','www','2025-04-06 08:44:38','abb76df5-7a69-4e26-9d9b-c27a5ad8ad00','ff94896f-b764-4fbc-ac30-1f1f9ca17e84','2025-04-06 08:44:38','2025-04-06 08:44:38',NULL),('668ddefe-6fcf-4e46-b50b-5137266f136f','t','2025-04-25 00:30:39','47edef15-72e1-47e7-96e7-6caeb50bb34d','c65865ab-78d2-49c6-b7fd-f73ca3367723','2025-04-25 00:30:39','2025-04-25 00:30:39',NULL),('66c13d05-bda9-4abd-b8d5-cf5366f6328c','qq','2025-04-25 01:30:32','47edef15-72e1-47e7-96e7-6caeb50bb34d','c65865ab-78d2-49c6-b7fd-f73ca3367723','2025-04-25 01:30:32','2025-04-25 01:30:32',NULL),('674603c9-ca40-471f-9b67-dca2f536e731','ww','2025-04-22 11:39:48','47edef15-72e1-47e7-96e7-6caeb50bb34d','5a99fb3b-bcf2-48ca-95bd-c9ee7877f9e0','2025-04-22 11:39:48','2025-04-22 11:39:48',NULL),('677cfc53-e649-49bb-8be4-fe1d25eaf3c4','hi','2025-04-22 10:32:48','47edef15-72e1-47e7-96e7-6caeb50bb34d','8f62c8ce-6045-46cb-91a2-85975df60104','2025-04-22 10:32:48','2025-04-22 10:32:48',NULL),('67b246fb-203a-42e6-bb87-5f76bd211755','like','2025-04-23 00:58:23','47edef15-72e1-47e7-96e7-6caeb50bb34d','8f62c8ce-6045-46cb-91a2-85975df60104','2025-04-23 00:58:23','2025-04-23 00:58:23',NULL),('6841f345-ab43-4664-8afe-9e48c54dcee9','sao da','2025-04-22 12:04:36','47edef15-72e1-47e7-96e7-6caeb50bb34d','8f62c8ce-6045-46cb-91a2-85975df60104','2025-04-22 12:04:36','2025-04-22 12:04:36',NULL),('68e41334-a32c-40d5-a985-f44d071083f3','ca','2025-04-18 06:07:01','6c1d78ff-fb2c-427a-ab2f-3b3c305b3cdb','9cedcea9-91a3-46fc-adf1-4ebbbd2d9b66','2025-04-18 06:07:01','2025-04-18 06:07:01',NULL),('68f62692-c94e-4349-8c40-017726e0422b','wwww','2025-04-22 11:15:05','47edef15-72e1-47e7-96e7-6caeb50bb34d','cde4cfde-5600-4bfb-9053-f0ce898fb1c5','2025-04-22 11:15:05','2025-04-22 11:15:05',NULL),('68f8f98f-8041-406b-88c2-38b0f822acbb','w','2025-04-22 06:45:06','47edef15-72e1-47e7-96e7-6caeb50bb34d','042a83ae-00d5-47f5-87a7-16de10c53b15','2025-04-22 06:45:06','2025-04-22 06:45:06',NULL),('68f902e1-0814-473f-8e62-265d425e7680','q','2025-04-26 11:22:35','47edef15-72e1-47e7-96e7-6caeb50bb34d','b5e936ed-2cb6-46a5-aa55-f00644f4aec7','2025-04-26 11:22:35','2025-04-26 11:22:35',NULL),('694984a8-4f64-4660-b8c9-e8692d7c46c5','what up','2025-04-21 07:29:40','30152bce-29cd-4c1e-a41e-f6698c18870e','c04851bc-5c8a-4f5d-9854-7ff14aab3700','2025-04-21 07:29:40','2025-04-21 07:29:40',NULL),('69656207-8a98-4cb6-81d5-2b0badd97e98','cay vler','2025-04-27 01:58:08','47edef15-72e1-47e7-96e7-6caeb50bb34d','b5e936ed-2cb6-46a5-aa55-f00644f4aec7','2025-04-27 01:58:08','2025-04-27 01:58:08',NULL),('69a7dad0-6654-4d12-9a36-dde677648685','d','2025-04-27 02:02:38','47edef15-72e1-47e7-96e7-6caeb50bb34d','b5e936ed-2cb6-46a5-aa55-f00644f4aec7','2025-04-27 02:02:38','2025-04-27 02:02:38',NULL),('69c1d623-42d3-4aa9-9365-d9620a05aa0e','q','2025-04-27 02:04:04','47edef15-72e1-47e7-96e7-6caeb50bb34d','b5e936ed-2cb6-46a5-aa55-f00644f4aec7','2025-04-27 02:04:04','2025-04-27 02:04:04',NULL),('69c68453-f085-4e29-8864-02f4643cc88c','d','2025-04-19 07:03:00','30152bce-29cd-4c1e-a41e-f6698c18870e','81a9e481-d18c-4abb-8b5f-2c0b020c159f','2025-04-19 07:03:00','2025-04-19 07:03:00',NULL),('69cc6039-a439-438a-bf38-30c2ed6c74d0','','2025-04-27 01:21:45','47edef15-72e1-47e7-96e7-6caeb50bb34d','b5e936ed-2cb6-46a5-aa55-f00644f4aec7','2025-04-27 01:21:45','2025-04-27 01:21:45','https://res.cloudinary.com/doxc6iqyk/image/upload/v1745742103/file_ja9dgg.png'),('69ef9589-588b-4ddb-bc02-25b51d4956fd','q','2025-04-22 11:38:19','47edef15-72e1-47e7-96e7-6caeb50bb34d','2dec3ffa-df55-4f1e-b8be-d994e5996dd5','2025-04-22 11:38:19','2025-04-22 11:38:19',NULL),('6a1850f1-b02e-4925-ad5e-5830e4c63ccf','dwde','2025-04-17 09:43:01','47edef15-72e1-47e7-96e7-6caeb50bb34d','353faf36-7d74-49f1-a12a-613dc7d49577','2025-04-17 09:43:01','2025-04-17 09:43:01',NULL),('6a3c08e7-0f38-45a0-95e8-17b47a54b5fb','s','2025-04-17 07:15:30','47edef15-72e1-47e7-96e7-6caeb50bb34d','db5c9758-2076-4779-a812-08b45b779430','2025-04-17 07:15:30','2025-04-17 07:15:30',NULL),('6a44af92-236d-4451-ae55-a73339c0b1ca','like','2025-04-22 11:12:51','47edef15-72e1-47e7-96e7-6caeb50bb34d','8f62c8ce-6045-46cb-91a2-85975df60104','2025-04-22 11:12:51','2025-04-22 11:12:51',NULL),('6a9776e8-dadd-4aeb-85f2-f54f551cfb01','like','2025-04-22 11:14:29','47edef15-72e1-47e7-96e7-6caeb50bb34d','cde4cfde-5600-4bfb-9053-f0ce898fb1c5','2025-04-22 11:14:29','2025-04-22 11:14:29',NULL),('6aa47591-c0b3-40a2-b7a7-065b20f0009e','sss','2025-04-06 07:01:58','6c1d78ff-fb2c-427a-ab2f-3b3c305b3cdb','ff94896f-b764-4fbc-ac30-1f1f9ca17e84','2025-04-06 07:01:58','2025-04-06 07:01:58',NULL),('6ab7df51-e86d-4eb2-a5df-2ec5e87899b1','ki','2025-04-17 07:28:28','47edef15-72e1-47e7-96e7-6caeb50bb34d','db5c9758-2076-4779-a812-08b45b779430','2025-04-17 07:28:28','2025-04-17 07:28:28',NULL),('6b5d229d-42d6-4ccc-9a5b-5b2848c20039','s','2025-04-17 07:32:36','47edef15-72e1-47e7-96e7-6caeb50bb34d','3f8a6f0e-a297-46d6-a5f0-4fa86f924fa5','2025-04-17 07:32:36','2025-04-17 07:32:36',NULL),('6b97f913-d0f6-4d26-bf53-56ce9d1a87e9','like','2025-04-26 05:54:54','47edef15-72e1-47e7-96e7-6caeb50bb34d','042a83ae-00d5-47f5-87a7-16de10c53b15','2025-04-26 05:54:54','2025-04-26 05:54:54',NULL),('6baf122d-c553-490d-bec1-3511fb1a814c','van ok ban oi','2025-04-17 12:25:05','2055c5ae-7aa1-43f2-8808-bef7f680dfee','e0d1ee8f-86d8-465d-884b-9d4d1e077332','2025-04-17 12:25:05','2025-04-17 12:25:05',NULL),('6c5fc073-3c83-48e9-bc17-0e0b58542825','','2025-04-27 01:03:50','47edef15-72e1-47e7-96e7-6caeb50bb34d','b5e936ed-2cb6-46a5-aa55-f00644f4aec7','2025-04-27 01:03:50','2025-04-27 01:03:50',NULL),('6cb7bbf5-e06f-407f-9d36-724ec82cef91','qqqco cai nijt ne','2025-04-17 08:47:57','47edef15-72e1-47e7-96e7-6caeb50bb34d','3f8a6f0e-a297-46d6-a5f0-4fa86f924fa5','2025-04-17 08:47:57','2025-04-17 08:47:57',NULL),('6cb87df8-0559-432c-9da7-97dc5ae7ca3a','w\\\\','2025-04-17 04:40:03','45e81b97-9739-4546-86bd-42d670e0f6e7','db5c9758-2076-4779-a812-08b45b779430','2025-04-17 04:40:03','2025-04-17 04:40:03',NULL),('6cbcff63-789d-480b-8861-d656d38905c3','qq','2025-04-27 02:03:39','47edef15-72e1-47e7-96e7-6caeb50bb34d','b5e936ed-2cb6-46a5-aa55-f00644f4aec7','2025-04-27 02:03:40','2025-04-27 02:03:40',NULL),('6cc4b1ae-c792-4978-bfe1-0d8a5209875d','like','2025-04-22 11:09:25','47edef15-72e1-47e7-96e7-6caeb50bb34d','8f62c8ce-6045-46cb-91a2-85975df60104','2025-04-22 11:09:25','2025-04-22 11:09:25',NULL),('6cd39f1c-9f1e-4457-896e-19a5ec36cc0f','d','2025-04-19 07:03:22','30152bce-29cd-4c1e-a41e-f6698c18870e','c04851bc-5c8a-4f5d-9854-7ff14aab3700','2025-04-19 07:03:22','2025-04-19 07:03:22',NULL),('6dace980-3264-4fd4-be19-e8ac3119fac5','www','2025-04-22 11:09:49','47edef15-72e1-47e7-96e7-6caeb50bb34d','8f62c8ce-6045-46cb-91a2-85975df60104','2025-04-22 11:09:49','2025-04-22 11:09:49',NULL),('6dc1fe1c-6ad0-4a29-be4f-431367400e1c','thw guopi vang di 1 nguoi','2025-04-18 06:39:56','6c1d78ff-fb2c-427a-ab2f-3b3c305b3cdb','9cedcea9-91a3-46fc-adf1-4ebbbd2d9b66','2025-04-18 06:39:56','2025-04-18 06:39:56',NULL),('6dd6e3f7-68d6-454d-ac8b-75678ffb3378','chia tay nhau torng hoa binh','2025-04-18 06:20:38','30152bce-29cd-4c1e-a41e-f6698c18870e','c04851bc-5c8a-4f5d-9854-7ff14aab3700','2025-04-18 06:20:38','2025-04-18 06:20:38',NULL),('6e150679-4744-4ca2-befa-3486688cd79b','q','2025-04-26 10:44:30','47edef15-72e1-47e7-96e7-6caeb50bb34d','b5e936ed-2cb6-46a5-aa55-f00644f4aec7','2025-04-26 10:44:30','2025-04-26 10:44:30',NULL),('6e17dfc0-54e8-47a3-baf0-d437249b9740','like','2025-04-22 11:10:00','47edef15-72e1-47e7-96e7-6caeb50bb34d','8f62c8ce-6045-46cb-91a2-85975df60104','2025-04-22 11:10:00','2025-04-22 11:10:00',NULL),('6e5c9c59-6705-4d69-b025-2b20412bb33c','hi','2025-04-22 10:32:45','47edef15-72e1-47e7-96e7-6caeb50bb34d','8f62c8ce-6045-46cb-91a2-85975df60104','2025-04-22 10:32:45','2025-04-22 10:32:45',NULL),('6f7c363c-0b25-4065-ae6c-10b2a8870726','hi','2025-04-21 07:44:45','30152bce-29cd-4c1e-a41e-f6698c18870e','c04851bc-5c8a-4f5d-9854-7ff14aab3700','2025-04-21 07:44:45','2025-04-21 07:44:45',NULL),('6fcbb33e-5096-477d-bb55-3921a4fda47a','like','2025-04-22 11:03:45','47edef15-72e1-47e7-96e7-6caeb50bb34d','8f62c8ce-6045-46cb-91a2-85975df60104','2025-04-22 11:03:45','2025-04-22 11:03:45',NULL),('70b052a4-aecf-48fd-886b-a13bda718080','r','2025-04-19 07:04:52','6c1d78ff-fb2c-427a-ab2f-3b3c305b3cdb','0826df6c-5f1d-42b2-9c81-ca3fff0b1e67','2025-04-19 07:04:52','2025-04-19 07:04:52',NULL),('7156c02b-e1c3-4885-8d6a-cb2c187a735c','cao cau nha','2025-04-18 06:12:23','30152bce-29cd-4c1e-a41e-f6698c18870e','c04851bc-5c8a-4f5d-9854-7ff14aab3700','2025-04-18 06:12:23','2025-04-18 06:12:23',NULL),('7181a05e-cde4-4308-bd5a-02d94fbca9b5','like','2025-04-22 11:14:43','47edef15-72e1-47e7-96e7-6caeb50bb34d','cde4cfde-5600-4bfb-9053-f0ce898fb1c5','2025-04-22 11:14:43','2025-04-22 11:14:43',NULL),('71ac7fb0-5114-457f-bb8a-eba9edc52e73','cay cc i dm','2025-04-25 00:12:43','e9fc6a9a-8ddc-437a-90fb-a79574a9ee2b','c65865ab-78d2-49c6-b7fd-f73ca3367723','2025-04-25 00:12:43','2025-04-25 00:12:43',NULL),('71cb5a45-9ecc-4bf0-a965-9696701800fc','q','2025-04-26 10:49:55','47edef15-72e1-47e7-96e7-6caeb50bb34d','b5e936ed-2cb6-46a5-aa55-f00644f4aec7','2025-04-26 10:49:55','2025-04-26 10:49:55',NULL),('71d78892-b780-44cf-afa8-d8f538b71bd9','qq','2025-04-22 00:34:19','0eb1f79c-a7f6-436d-a159-a4dd53a5d631','bb5c46e9-8304-4726-ba45-42e2b24147ad','2025-04-22 00:34:19','2025-04-22 00:34:19',NULL),('71f2a78c-9145-4c12-95bf-3e1b00887e06','s','2025-04-17 07:25:21','47edef15-72e1-47e7-96e7-6caeb50bb34d','9cedcea9-91a3-46fc-adf1-4ebbbd2d9b66','2025-04-17 07:25:21','2025-04-17 07:25:21',NULL),('723f1051-9143-44dc-a01c-a56d0ac34dfc','like','2025-04-22 11:47:20','47edef15-72e1-47e7-96e7-6caeb50bb34d','7b204cc1-6e15-4117-a36d-f50211adb35b','2025-04-22 11:47:20','2025-04-22 11:47:20',NULL),('7249274b-5362-4b1f-9250-e852aa5baae4','w','2025-04-23 00:55:23','47edef15-72e1-47e7-96e7-6caeb50bb34d','9cedcea9-91a3-46fc-adf1-4ebbbd2d9b66','2025-04-23 00:55:23','2025-04-23 00:55:23',NULL),('7287ba57-f52d-498f-aaff-1be986edfb40','cay','2025-04-25 00:03:08','e9fc6a9a-8ddc-437a-90fb-a79574a9ee2b','c65865ab-78d2-49c6-b7fd-f73ca3367723','2025-04-25 00:03:08','2025-04-25 00:03:08',NULL),('72befb4a-0aab-4af7-bede-7fe44762ee58','like','2025-04-22 11:05:18','47edef15-72e1-47e7-96e7-6caeb50bb34d','8f62c8ce-6045-46cb-91a2-85975df60104','2025-04-22 11:05:18','2025-04-22 11:05:18',NULL),('72c2ab01-2d28-4dcd-9dec-c283628cd68f','qq','2025-04-22 00:47:49','6c1d78ff-fb2c-427a-ab2f-3b3c305b3cdb','ff94896f-b764-4fbc-ac30-1f1f9ca17e84','2025-04-22 00:47:49','2025-04-22 00:47:49',NULL),('72edd289-bac2-4fc4-aba6-28499e99e792','muốn đánh nhau đm','2025-04-23 01:11:11','6c1d78ff-fb2c-427a-ab2f-3b3c305b3cdb','9cedcea9-91a3-46fc-adf1-4ebbbd2d9b66','2025-04-23 01:11:11','2025-04-23 01:11:11',NULL),('72f10948-adbb-4b56-8632-ec467595734c','sd','2025-04-17 10:29:10','47edef15-72e1-47e7-96e7-6caeb50bb34d','042db665-610d-47a0-bf2f-17afa6728f3a','2025-04-17 10:29:10','2025-04-17 10:29:10',NULL),('732db4a6-983f-4e0b-a48a-8b7d57aacaa2','like','2025-04-27 02:33:46','47edef15-72e1-47e7-96e7-6caeb50bb34d','b5e936ed-2cb6-46a5-aa55-f00644f4aec7','2025-04-27 02:33:46','2025-04-27 02:33:46',NULL),('73369401-18d3-4cbd-9c8e-85ba0461035c','s','2025-04-17 07:32:08','47edef15-72e1-47e7-96e7-6caeb50bb34d','db5c9758-2076-4779-a812-08b45b779430','2025-04-17 07:32:08','2025-04-17 07:32:08',NULL),('734ed3e5-83cd-4cf6-9d2b-877cf5f3d2ca','like','2025-04-24 08:43:14','47edef15-72e1-47e7-96e7-6caeb50bb34d','e1158314-3584-4e28-b1cb-1345db279269','2025-04-24 08:43:14','2025-04-24 08:43:14',NULL),('73966f98-ab6e-4e95-a016-1498c1a83bcb','hwaht up','2025-04-22 11:13:56','47edef15-72e1-47e7-96e7-6caeb50bb34d','cde4cfde-5600-4bfb-9053-f0ce898fb1c5','2025-04-22 11:13:56','2025-04-22 11:13:56',NULL),('740beb31-ca55-417c-88e2-47003f71449b','e','2025-04-19 07:08:53','30152bce-29cd-4c1e-a41e-f6698c18870e','c04851bc-5c8a-4f5d-9854-7ff14aab3700','2025-04-19 07:08:53','2025-04-19 07:08:53',NULL),('742f2198-2886-462d-a1cb-cc6f5f12973d','ww','2025-04-27 01:56:25','47edef15-72e1-47e7-96e7-6caeb50bb34d','b5e936ed-2cb6-46a5-aa55-f00644f4aec7','2025-04-27 01:56:25','2025-04-27 01:56:25',NULL),('74aa4c6d-e004-47da-8256-ace73e64f963','q','2025-04-27 03:06:01','47edef15-72e1-47e7-96e7-6caeb50bb34d','7626e9de-6388-4d01-95bc-eda2c584a1bb','2025-04-27 03:06:01','2025-04-27 03:06:01',NULL),('74e142aa-cb32-46ef-b13e-a9df820a9a71','w','2025-04-06 07:36:05','6c1d78ff-fb2c-427a-ab2f-3b3c305b3cdb','ff94896f-b764-4fbc-ac30-1f1f9ca17e84','2025-04-06 07:36:05','2025-04-06 07:36:05',NULL),('75249d8d-3c7e-4596-b54a-574fe47e974e','\"sendTo\": \"Send to\"','2025-04-26 05:03:16','47edef15-72e1-47e7-96e7-6caeb50bb34d','b5e936ed-2cb6-46a5-aa55-f00644f4aec7','2025-04-26 05:03:16','2025-04-26 05:03:16',NULL),('757a8077-7ba1-4dc6-8194-2207742093f0','dd','2025-04-25 00:31:11','e9fc6a9a-8ddc-437a-90fb-a79574a9ee2b','701a84c7-3f62-4fac-b990-272b4b083ab7','2025-04-25 00:31:11','2025-04-25 00:31:11',NULL),('759cdb9e-2b67-4bbf-bf77-44249d90c12a','w\\','2025-04-17 07:13:31','47edef15-72e1-47e7-96e7-6caeb50bb34d','db5c9758-2076-4779-a812-08b45b779430','2025-04-17 07:13:31','2025-04-17 07:13:31',NULL),('75bd9df3-dac0-444e-aa8b-33014cc88bf0','what up','2025-04-23 04:37:12','47edef15-72e1-47e7-96e7-6caeb50bb34d','8f62c8ce-6045-46cb-91a2-85975df60104','2025-04-23 04:37:12','2025-04-23 04:37:12',NULL),('75f3de1f-096b-499e-98f2-ca5b54bd4bdf','si','2025-04-18 06:05:48','30152bce-29cd-4c1e-a41e-f6698c18870e','c04851bc-5c8a-4f5d-9854-7ff14aab3700','2025-04-18 06:05:48','2025-04-18 06:05:48',NULL),('763ec67e-9848-4b1f-8c21-56d54a817ca3','o n','2025-04-18 06:17:48','30152bce-29cd-4c1e-a41e-f6698c18870e','c04851bc-5c8a-4f5d-9854-7ff14aab3700','2025-04-18 06:17:48','2025-04-18 06:17:48',NULL),('768b7a93-91db-4278-ac19-428ed3ce8e1a','f','2025-04-25 00:27:03','e9fc6a9a-8ddc-437a-90fb-a79574a9ee2b','c65865ab-78d2-49c6-b7fd-f73ca3367723','2025-04-25 00:27:03','2025-04-25 00:27:03',NULL),('76c704ea-4e47-4099-b0e7-26615ba8415f','q','2025-04-25 01:34:18','47edef15-72e1-47e7-96e7-6caeb50bb34d','c65865ab-78d2-49c6-b7fd-f73ca3367723','2025-04-25 01:34:18','2025-04-25 01:34:18',NULL),('76d1c501-591b-4ea0-b9ae-e583a2e46fda','ww','2025-04-23 00:55:22','47edef15-72e1-47e7-96e7-6caeb50bb34d','9cedcea9-91a3-46fc-adf1-4ebbbd2d9b66','2025-04-23 00:55:22','2025-04-23 00:55:22',NULL),('76d9901f-0308-4c50-8ff5-20a0a9774bcc','like','2025-04-22 11:11:58','47edef15-72e1-47e7-96e7-6caeb50bb34d','cde4cfde-5600-4bfb-9053-f0ce898fb1c5','2025-04-22 11:11:58','2025-04-22 11:11:58',NULL),('76ed67c4-e29a-411e-af6c-fd1348567e5a','cc','2025-04-18 04:43:31','30152bce-29cd-4c1e-a41e-f6698c18870e','c04851bc-5c8a-4f5d-9854-7ff14aab3700','2025-04-18 04:43:31','2025-04-18 04:43:31',NULL),('771a435c-8945-49ee-ab22-7e5737707bec','c','2025-04-19 07:18:42','30152bce-29cd-4c1e-a41e-f6698c18870e','c04851bc-5c8a-4f5d-9854-7ff14aab3700','2025-04-19 07:18:42','2025-04-19 07:18:42',NULL),('775f2483-1aee-4fa8-8021-36f972d70c89','g','2025-04-19 07:07:54','30152bce-29cd-4c1e-a41e-f6698c18870e','c04851bc-5c8a-4f5d-9854-7ff14aab3700','2025-04-19 07:07:54','2025-04-19 07:07:54',NULL),('778f4c7a-1559-44a7-94c8-41fc8324512a','what up bro','2025-04-18 04:40:14','6c1d78ff-fb2c-427a-ab2f-3b3c305b3cdb','c04851bc-5c8a-4f5d-9854-7ff14aab3700','2025-04-18 04:40:14','2025-04-18 04:40:14',NULL),('779eb5b6-2d6c-4f36-9d31-9230336768df','cay vl','2025-04-27 01:37:54','ee0723f2-4a9d-46cb-ab23-ff49b907f17b','b5e936ed-2cb6-46a5-aa55-f00644f4aec7','2025-04-27 01:37:54','2025-04-27 01:37:54',NULL),('77e332aa-7cf3-4034-a7d6-97e02a747f4e','2www','2025-04-22 11:09:55','47edef15-72e1-47e7-96e7-6caeb50bb34d','8f62c8ce-6045-46cb-91a2-85975df60104','2025-04-22 11:09:55','2025-04-22 11:09:55',NULL),('77ec3bcd-9417-465f-8aee-7560fb7b4e48','s','2025-04-17 07:27:15','47edef15-72e1-47e7-96e7-6caeb50bb34d','db5c9758-2076-4779-a812-08b45b779430','2025-04-17 07:27:15','2025-04-17 07:27:15',NULL),('781f1c76-2756-4073-83a4-7232a9fcdc74','hi','2025-04-19 08:27:54','30152bce-29cd-4c1e-a41e-f6698c18870e','c04851bc-5c8a-4f5d-9854-7ff14aab3700','2025-04-19 08:27:54','2025-04-19 08:27:54',NULL),('784ab6a4-c79d-4738-a441-4facc04c4566','ww','2025-04-22 11:14:06','47edef15-72e1-47e7-96e7-6caeb50bb34d','cde4cfde-5600-4bfb-9053-f0ce898fb1c5','2025-04-22 11:14:06','2025-04-22 11:14:06',NULL),('78a1efd4-479e-4b86-88d5-e6725d5b01f8','qq','2025-04-26 11:06:20','47edef15-72e1-47e7-96e7-6caeb50bb34d','b5e936ed-2cb6-46a5-aa55-f00644f4aec7','2025-04-26 11:06:20','2025-04-26 11:06:20',NULL),('78a32084-74d2-4c5d-8843-f86b608189a2','q','2025-04-25 00:01:42','47edef15-72e1-47e7-96e7-6caeb50bb34d','7626e9de-6388-4d01-95bc-eda2c584a1bb','2025-04-25 00:01:42','2025-04-25 00:01:42',NULL),('78bf6925-241d-4157-bf4a-9f5356370af6','bó m thích đấy sao không','2025-04-23 01:12:23','47edef15-72e1-47e7-96e7-6caeb50bb34d','9cedcea9-91a3-46fc-adf1-4ebbbd2d9b66','2025-04-23 01:12:23','2025-04-23 01:12:23',NULL),('790e9a7e-037d-461b-a279-44b41652c674','w','2025-04-25 01:08:29','47edef15-72e1-47e7-96e7-6caeb50bb34d','c65865ab-78d2-49c6-b7fd-f73ca3367723','2025-04-25 01:08:29','2025-04-25 01:08:29',NULL),('791096ca-9dfb-4f36-9da7-869ea14df42d','f','2025-04-19 07:07:35','30152bce-29cd-4c1e-a41e-f6698c18870e','c04851bc-5c8a-4f5d-9854-7ff14aab3700','2025-04-19 07:07:35','2025-04-19 07:07:35',NULL),('792764ab-f408-4449-83ce-8989ab7bc48a','','2025-04-27 01:07:31','47edef15-72e1-47e7-96e7-6caeb50bb34d','b5e936ed-2cb6-46a5-aa55-f00644f4aec7','2025-04-27 01:07:31','2025-04-27 01:07:31',NULL),('7a64d339-2a3d-48ea-8207-8410703055a2','','2025-04-26 23:37:09','47edef15-72e1-47e7-96e7-6caeb50bb34d','b5e936ed-2cb6-46a5-aa55-f00644f4aec7','2025-04-26 23:37:09','2025-04-26 23:37:09','https://res.cloudinary.com/doxc6iqyk/image/upload/v1745735828/file_usfkqo.jpg'),('7a854610-3f2e-4bb3-8772-0994e45d7d3f','q','2025-04-23 05:35:14','47edef15-72e1-47e7-96e7-6caeb50bb34d','e1158314-3584-4e28-b1cb-1345db279269','2025-04-23 05:35:14','2025-04-23 05:35:14',NULL),('7aba7c9d-5555-460e-be21-2ac5dd554d41','hi','2025-04-17 10:40:33','47edef15-72e1-47e7-96e7-6caeb50bb34d','345fa65f-65b5-4119-9a9e-5604d2d76ec3','2025-04-17 10:40:33','2025-04-17 10:40:33',NULL),('7acf2fb8-5347-4fe3-aad3-b56e737aa5a8','w','2025-04-24 11:16:40','47edef15-72e1-47e7-96e7-6caeb50bb34d','940f7a41-6154-441b-859c-303833685e4f','2025-04-24 11:16:40','2025-04-24 11:16:40',NULL),('7b061b19-f0dd-4af2-803d-8e2c060d707a','wwww','2025-04-22 11:34:40','47edef15-72e1-47e7-96e7-6caeb50bb34d','2dec3ffa-df55-4f1e-b8be-d994e5996dd5','2025-04-22 11:34:40','2025-04-22 11:34:40',NULL),('7b3c838d-51b9-482c-b82f-6b25969a36cc','ccccccccccccccccccccccccccccccccccccccccccccccccccccccccccccccccccccccccccccccccccccccccccccccccccccccccccccccccccccccccccccccccccccccccccccccccccccccccccccccccccccdd','2025-04-07 02:18:40','6c1d78ff-fb2c-427a-ab2f-3b3c305b3cdb','ff94896f-b764-4fbc-ac30-1f1f9ca17e84','2025-04-07 02:18:40','2025-04-07 02:18:40',NULL),('7b9e7880-3187-44b3-99dc-690d83a6183f','what up','2025-04-22 11:18:16','47edef15-72e1-47e7-96e7-6caeb50bb34d','5a99fb3b-bcf2-48ca-95bd-c9ee7877f9e0','2025-04-22 11:18:16','2025-04-22 11:18:16',NULL),('7bf284ef-33f0-488f-8de5-a01e433262bc','???','2025-04-24 03:42:45','47edef15-72e1-47e7-96e7-6caeb50bb34d','8f62c8ce-6045-46cb-91a2-85975df60104','2025-04-24 03:42:45','2025-04-24 03:42:45',NULL),('7c12feca-ef30-4a3b-936f-c921cfa609a1','ss','2025-04-06 07:12:22','6c1d78ff-fb2c-427a-ab2f-3b3c305b3cdb','ff94896f-b764-4fbc-ac30-1f1f9ca17e84','2025-04-06 07:12:22','2025-04-06 07:12:22',NULL),('7c74ba76-b75c-4a58-84a0-9e382f2c1221','me ao vay','2025-04-18 04:42:30','6c1d78ff-fb2c-427a-ab2f-3b3c305b3cdb','c04851bc-5c8a-4f5d-9854-7ff14aab3700','2025-04-18 04:42:30','2025-04-18 04:42:30',NULL),('7c8bdd54-d34a-400e-9f83-3bc911fc8162','','2025-04-27 00:31:52','47edef15-72e1-47e7-96e7-6caeb50bb34d','b5e936ed-2cb6-46a5-aa55-f00644f4aec7','2025-04-27 00:31:52','2025-04-27 00:31:52','https://res.cloudinary.com/doxc6iqyk/image/upload/v1745739111/file_zq6i7s.png'),('7ce069e9-e990-41a8-846e-28744ad4b99f','d','2025-04-17 09:56:50','47edef15-72e1-47e7-96e7-6caeb50bb34d','042db665-610d-47a0-bf2f-17afa6728f3a','2025-04-17 09:56:50','2025-04-17 09:56:50',NULL),('7ce76b4d-5023-46c2-884e-6b93d4c69e45','','2025-04-27 01:03:53','47edef15-72e1-47e7-96e7-6caeb50bb34d','b5e936ed-2cb6-46a5-aa55-f00644f4aec7','2025-04-27 01:03:53','2025-04-27 01:03:53','https://res.cloudinary.com/doxc6iqyk/image/upload/v1745741032/file_b0wum6.png'),('7cfe1da5-9712-4471-a102-267cf6c15915','q','2025-04-25 01:05:20','47edef15-72e1-47e7-96e7-6caeb50bb34d','c65865ab-78d2-49c6-b7fd-f73ca3367723','2025-04-25 01:05:20','2025-04-25 01:05:20',NULL),('7d7759d5-22bd-482c-b45e-c549e6f4face','w','2025-04-17 04:46:53','47edef15-72e1-47e7-96e7-6caeb50bb34d','db5c9758-2076-4779-a812-08b45b779430','2025-04-17 04:46:53','2025-04-17 04:46:53',NULL),('7d984784-0e28-46b8-935c-aa1e6d2290a4','like','2025-04-23 00:58:47','47edef15-72e1-47e7-96e7-6caeb50bb34d','8f62c8ce-6045-46cb-91a2-85975df60104','2025-04-23 00:58:47','2025-04-23 00:58:47',NULL),('7db68481-ab76-47bd-993c-748f6b834666','f','2025-04-19 07:06:15','30152bce-29cd-4c1e-a41e-f6698c18870e','81a9e481-d18c-4abb-8b5f-2c0b020c159f','2025-04-19 07:06:15','2025-04-19 07:06:15',NULL),('7df06bcc-0da8-4bdc-9c15-83fe3e4559e6','ss','2025-04-22 02:33:05','47edef15-72e1-47e7-96e7-6caeb50bb34d','5a99fb3b-bcf2-48ca-95bd-c9ee7877f9e0','2025-04-22 02:33:05','2025-04-22 02:33:05',NULL),('7e533ef5-3956-494e-9971-474b4d58c0ae','1','2025-04-24 07:09:59','47edef15-72e1-47e7-96e7-6caeb50bb34d','db5c9758-2076-4779-a812-08b45b779430','2025-04-24 07:09:59','2025-04-24 07:09:59',NULL),('7e696cef-da7f-432e-be5e-c249393ad8ad','cayvl','2025-04-25 01:50:21','ee0723f2-4a9d-46cb-ab23-ff49b907f17b','b5e936ed-2cb6-46a5-aa55-f00644f4aec7','2025-04-25 01:50:21','2025-04-25 01:50:21',NULL),('7e944b3f-f659-4d57-a452-8d11e27928d6','what upo','2025-04-27 07:48:32','47edef15-72e1-47e7-96e7-6caeb50bb34d','e83e1312-b563-40f6-8010-bfbac996af49','2025-04-27 07:48:32','2025-04-27 07:48:32',NULL),('7ea679e6-64a5-4f60-9154-37f3efee5ef3','w','2025-04-17 04:49:43','47edef15-72e1-47e7-96e7-6caeb50bb34d','db5c9758-2076-4779-a812-08b45b779430','2025-04-17 04:49:43','2025-04-17 04:49:43',NULL),('7f545f4b-3289-4bbb-8bee-30c9bc6ea2e9','like','2025-04-27 02:33:50','47edef15-72e1-47e7-96e7-6caeb50bb34d','b5e936ed-2cb6-46a5-aa55-f00644f4aec7','2025-04-27 02:33:50','2025-04-27 02:33:50',NULL),('7f582758-5c77-4780-a8ee-f7e9d69ef6ae','sss','2025-04-19 07:19:15','30152bce-29cd-4c1e-a41e-f6698c18870e','c04851bc-5c8a-4f5d-9854-7ff14aab3700','2025-04-19 07:19:15','2025-04-19 07:19:15',NULL),('7f99f867-6962-4ba0-9285-427dd4605acf','ao vl','2025-04-22 11:47:12','47edef15-72e1-47e7-96e7-6caeb50bb34d','7b204cc1-6e15-4117-a36d-f50211adb35b','2025-04-22 11:47:12','2025-04-22 11:47:12',NULL),('80d5da09-bbcc-479b-a65d-5d011c860637','a','2025-04-25 00:57:42','47edef15-72e1-47e7-96e7-6caeb50bb34d','c65865ab-78d2-49c6-b7fd-f73ca3367723','2025-04-25 00:57:42','2025-04-25 00:57:42',NULL),('80e972d2-91d8-4269-86ca-7b4cdb129edb','wwww','2025-04-22 02:32:58','47edef15-72e1-47e7-96e7-6caeb50bb34d','5a99fb3b-bcf2-48ca-95bd-c9ee7877f9e0','2025-04-22 02:32:58','2025-04-22 02:32:58',NULL),('81861b45-6e24-4758-ba6f-f5b5992aed5f','','2025-04-27 02:54:03','47edef15-72e1-47e7-96e7-6caeb50bb34d','c65865ab-78d2-49c6-b7fd-f73ca3367723','2025-04-27 02:54:03','2025-04-27 02:54:03','https://res.cloudinary.com/doxc6iqyk/image/upload/v1745747641/file_tebc97.jpg'),('81868a1d-2d16-4420-b80c-e8956c000390','like','2025-04-22 11:45:17','47edef15-72e1-47e7-96e7-6caeb50bb34d','cde4cfde-5600-4bfb-9053-f0ce898fb1c5','2025-04-22 11:45:17','2025-04-22 11:45:17',NULL),('8199d60d-d006-42f0-9383-8bfdbfed79fb','whatup','2025-04-17 09:53:00','47edef15-72e1-47e7-96e7-6caeb50bb34d','042db665-610d-47a0-bf2f-17afa6728f3a','2025-04-17 09:53:00','2025-04-17 09:53:00',NULL),('81a85a95-e163-4a05-abbc-8964f806a50b','ww','2025-04-07 02:17:32','6c1d78ff-fb2c-427a-ab2f-3b3c305b3cdb','ff94896f-b764-4fbc-ac30-1f1f9ca17e84','2025-04-07 02:17:32','2025-04-07 02:17:32',NULL),('81b80441-f06d-475b-bf1b-6875830ce55c','dm m luon','2025-04-25 01:45:24','383cd11e-8d66-41ba-b250-dec4d33b8ae2','364eec81-6de1-445f-bbcb-75783d6bfffe','2025-04-25 01:45:24','2025-04-25 01:45:24',NULL),('824606bc-4da4-4e18-8dce-d890ed876fa2','ai ma dz the :v','2025-04-23 00:04:52','47edef15-72e1-47e7-96e7-6caeb50bb34d','e1158314-3584-4e28-b1cb-1345db279269','2025-04-23 00:04:52','2025-04-23 00:04:52',NULL),('8249a043-ecfe-4e61-a10a-86e8c99d3210','cay vl','2025-04-25 00:12:09','47edef15-72e1-47e7-96e7-6caeb50bb34d','c65865ab-78d2-49c6-b7fd-f73ca3367723','2025-04-25 00:12:09','2025-04-25 00:12:09',NULL),('828413f6-57c2-48a4-b374-397307105bc8','fuck','2025-04-22 11:39:58','47edef15-72e1-47e7-96e7-6caeb50bb34d','5a99fb3b-bcf2-48ca-95bd-c9ee7877f9e0','2025-04-22 11:39:58','2025-04-22 11:39:58',NULL),('82e36d96-96cc-4abe-a2e5-e8c2e720bd09','ty','2025-04-17 11:01:45','47edef15-72e1-47e7-96e7-6caeb50bb34d','042db665-610d-47a0-bf2f-17afa6728f3a','2025-04-17 11:01:45','2025-04-17 11:01:45',NULL),('82f9471e-f8d1-4453-a165-2fa42be309a5','what up','2025-04-23 00:50:00','47edef15-72e1-47e7-96e7-6caeb50bb34d','cde4cfde-5600-4bfb-9053-f0ce898fb1c5','2025-04-23 00:50:00','2025-04-23 00:50:00',NULL),('8300337f-7076-4516-a56f-1e2bd6a615e6','w','2025-04-16 09:21:25','47edef15-72e1-47e7-96e7-6caeb50bb34d','db5c9758-2076-4779-a812-08b45b779430','2025-04-16 09:21:25','2025-04-16 09:21:25',NULL),('830fed7a-cd25-4052-be72-1c049218a249','hi','2025-04-18 04:44:19','30152bce-29cd-4c1e-a41e-f6698c18870e','c04851bc-5c8a-4f5d-9854-7ff14aab3700','2025-04-18 04:44:19','2025-04-18 04:44:19',NULL),('831483ed-58f9-4ba2-b33d-62c5ed4f4a3b','s','2025-04-22 10:30:35','47edef15-72e1-47e7-96e7-6caeb50bb34d','8f62c8ce-6045-46cb-91a2-85975df60104','2025-04-22 10:30:35','2025-04-22 10:30:35',NULL),('836ef813-c736-4b5d-824f-0d6700a36e16','ohh','2025-04-22 03:23:52','47edef15-72e1-47e7-96e7-6caeb50bb34d','e1158314-3584-4e28-b1cb-1345db279269','2025-04-22 03:23:52','2025-04-22 03:23:52',NULL),('83936c46-415b-4892-98e8-ac65edf4226a','werer','2025-04-17 04:42:23','45e81b97-9739-4546-86bd-42d670e0f6e7','db5c9758-2076-4779-a812-08b45b779430','2025-04-17 04:42:23','2025-04-17 04:42:23',NULL),('83ea2cee-a0f1-4f73-8749-62c5995b189f','like','2025-04-22 11:14:46','47edef15-72e1-47e7-96e7-6caeb50bb34d','cde4cfde-5600-4bfb-9053-f0ce898fb1c5','2025-04-22 11:14:46','2025-04-22 11:14:46',NULL),('83fbfad3-8127-477d-9409-9a1c3d5480e3','x','2025-04-06 07:51:37','6c1d78ff-fb2c-427a-ab2f-3b3c305b3cdb','ff94896f-b764-4fbc-ac30-1f1f9ca17e84','2025-04-06 07:51:37','2025-04-06 07:51:37',NULL),('844dff25-b420-42ff-be63-48f3b8829682','van oki ne','2025-04-21 07:39:01','30152bce-29cd-4c1e-a41e-f6698c18870e','c04851bc-5c8a-4f5d-9854-7ff14aab3700','2025-04-21 07:39:01','2025-04-21 07:39:01',NULL),('845a2023-3557-4721-87ed-8f9158d07eaa','helklo banj','2025-04-16 08:13:03','47edef15-72e1-47e7-96e7-6caeb50bb34d','db5c9758-2076-4779-a812-08b45b779430','2025-04-16 08:13:03','2025-04-16 08:13:03',NULL),('84d195b3-1455-4bbb-97dd-1a14b2522f9c','uw','2025-04-24 09:14:43','47edef15-72e1-47e7-96e7-6caeb50bb34d','db5c9758-2076-4779-a812-08b45b779430','2025-04-24 09:14:43','2025-04-24 09:14:43',NULL),('84d6c2b2-3306-4dfb-a2cd-eb725782bac9','qqqw','2025-04-18 06:19:02','6c1d78ff-fb2c-427a-ab2f-3b3c305b3cdb','9cedcea9-91a3-46fc-adf1-4ebbbd2d9b66','2025-04-18 06:19:02','2025-04-18 06:19:02',NULL),('855d8d89-af8d-41c1-bb5a-76121cd61689','ư','2025-04-24 09:14:41','47edef15-72e1-47e7-96e7-6caeb50bb34d','db5c9758-2076-4779-a812-08b45b779430','2025-04-24 09:14:41','2025-04-24 09:14:41',NULL),('856f4b1d-90d6-464a-be39-661b3ea6446b','hi','2025-04-21 07:38:51','30152bce-29cd-4c1e-a41e-f6698c18870e','c04851bc-5c8a-4f5d-9854-7ff14aab3700','2025-04-21 07:38:51','2025-04-21 07:38:51',NULL),('85859e03-b38a-4f3e-af1f-2f345fc8b574','xin gui lai anh','2025-04-18 06:41:36','30152bce-29cd-4c1e-a41e-f6698c18870e','c04851bc-5c8a-4f5d-9854-7ff14aab3700','2025-04-18 06:41:36','2025-04-18 06:41:36',NULL),('858b7223-5575-42fd-bc40-5c056b27a9ab','d','2025-04-17 08:05:07','47edef15-72e1-47e7-96e7-6caeb50bb34d','3f8a6f0e-a297-46d6-a5f0-4fa86f924fa5','2025-04-17 08:05:07','2025-04-17 08:05:07',NULL),('85954e16-42cc-4935-bcbf-a74796d73df8','','2025-04-27 03:56:40','47edef15-72e1-47e7-96e7-6caeb50bb34d','e83e1312-b563-40f6-8010-bfbac996af49','2025-04-27 03:56:40','2025-04-27 03:56:40','https://res.cloudinary.com/doxc6iqyk/image/upload/v1745751398/file_uw8nxu.jpg'),('85ba55b3-6d1b-4287-8bd4-0cb8ab3667ab','like','2025-04-24 08:12:10','47edef15-72e1-47e7-96e7-6caeb50bb34d','e1158314-3584-4e28-b1cb-1345db279269','2025-04-24 08:12:10','2025-04-24 08:12:10',NULL),('861e53db-6574-4c72-b7da-d25ee9ae86d6','q','2025-04-23 01:09:56','47edef15-72e1-47e7-96e7-6caeb50bb34d','9cedcea9-91a3-46fc-adf1-4ebbbd2d9b66','2025-04-23 01:09:56','2025-04-23 01:09:56',NULL),('86287f83-2c61-41ee-87bd-f5db68833add','like','2025-04-22 11:17:56','47edef15-72e1-47e7-96e7-6caeb50bb34d','5a99fb3b-bcf2-48ca-95bd-c9ee7877f9e0','2025-04-22 11:17:56','2025-04-22 11:17:56',NULL),('8651f5bb-e92b-4409-8a34-7aa7788a6ec1','cay vl','2025-04-27 01:58:28','47edef15-72e1-47e7-96e7-6caeb50bb34d','b5e936ed-2cb6-46a5-aa55-f00644f4aec7','2025-04-27 01:58:28','2025-04-27 01:58:28',NULL),('86767372-531a-4044-892c-ebdf1ef2c472','hi','2025-04-21 07:57:50','30152bce-29cd-4c1e-a41e-f6698c18870e','c04851bc-5c8a-4f5d-9854-7ff14aab3700','2025-04-21 07:57:50','2025-04-21 07:57:50',NULL),('86c0609a-fd17-47e1-8ef6-09ee5a1ba1b3','ihi','2025-04-21 07:29:36','6c1d78ff-fb2c-427a-ab2f-3b3c305b3cdb','c04851bc-5c8a-4f5d-9854-7ff14aab3700','2025-04-21 07:29:36','2025-04-21 07:29:36',NULL),('878eba1c-5c54-47b7-b0d5-64b4cb2dd2c4','like','2025-04-22 11:42:51','47edef15-72e1-47e7-96e7-6caeb50bb34d','5a99fb3b-bcf2-48ca-95bd-c9ee7877f9e0','2025-04-22 11:42:51','2025-04-22 11:42:51',NULL),('8843e625-0def-4315-94c8-367353138786','hi','2025-04-18 04:46:47','6c1d78ff-fb2c-427a-ab2f-3b3c305b3cdb','c04851bc-5c8a-4f5d-9854-7ff14aab3700','2025-04-18 04:46:47','2025-04-18 04:46:47',NULL),('889bd57d-c72c-4b89-9816-bc67c1a1b9f4','like','2025-04-22 11:12:18','47edef15-72e1-47e7-96e7-6caeb50bb34d','8f62c8ce-6045-46cb-91a2-85975df60104','2025-04-22 11:12:18','2025-04-22 11:12:18',NULL),('88a16940-dae3-43e7-b688-89e7175d6483','q','2025-04-24 04:50:44','47edef15-72e1-47e7-96e7-6caeb50bb34d','8f62c8ce-6045-46cb-91a2-85975df60104','2025-04-24 04:50:44','2025-04-24 04:50:44',NULL),('88a697fa-522e-48a0-be9b-b9d8ea3dea50','','2025-04-27 01:26:16','ee0723f2-4a9d-46cb-ab23-ff49b907f17b','b5e936ed-2cb6-46a5-aa55-f00644f4aec7','2025-04-27 01:26:16','2025-04-27 01:26:16','https://res.cloudinary.com/doxc6iqyk/image/upload/v1745742375/file_bq5qei.png'),('88b16757-bdf7-46d0-a435-65791172310f','gui roi sao eo nhan duoc ao vl','2025-04-25 00:41:19','e9fc6a9a-8ddc-437a-90fb-a79574a9ee2b','c65865ab-78d2-49c6-b7fd-f73ca3367723','2025-04-25 00:41:19','2025-04-25 00:41:19',NULL),('88e3f51f-9ea6-4f6f-be59-e070742cfc66','','2025-04-27 02:57:52','47edef15-72e1-47e7-96e7-6caeb50bb34d','7626e9de-6388-4d01-95bc-eda2c584a1bb','2025-04-27 02:57:52','2025-04-27 02:57:52','https://res.cloudinary.com/doxc6iqyk/image/upload/v1745747870/file_yeosgf.jpg'),('89384492-0b43-407a-9714-28e6b522f61f','w','2025-04-25 01:02:57','47edef15-72e1-47e7-96e7-6caeb50bb34d','c65865ab-78d2-49c6-b7fd-f73ca3367723','2025-04-25 01:02:57','2025-04-25 01:02:57',NULL),('89c5ec94-1693-4e83-abea-d637bd8c2355','wwwwwwwwwwwwwwwwwwwwwwwwwwwwwwwwwwwwwwwwwwwwwwwwwwwwwwwwwwwwwwwwwwwwwwwwwwwwwwwwwwwwwwwwwwwwwwwwwwwwwwwwwwwwwwwwwwwwwwwwwwwwwwwwwwwwwwwwwwwwwwwwwwwwwwwwwwwwwwwwwwwwwwwwwwwwwwwwwwwwwwwwwwwwwwwwwwwwwwwwwwwwwwwwwwwwwwwwwww','2025-04-22 11:52:12','47edef15-72e1-47e7-96e7-6caeb50bb34d','8f62c8ce-6045-46cb-91a2-85975df60104','2025-04-22 11:52:12','2025-04-22 11:52:12',NULL),('89cf3810-a1a4-4d71-9ff6-b589038e5c79','dz phet ay','2025-04-23 00:49:40','47edef15-72e1-47e7-96e7-6caeb50bb34d','cde4cfde-5600-4bfb-9053-f0ce898fb1c5','2025-04-23 00:49:40','2025-04-23 00:49:40',NULL),('89df2af4-70e6-4ad1-956c-382c3a81704b','s','2025-04-06 06:58:48','6c1d78ff-fb2c-427a-ab2f-3b3c305b3cdb','ff94896f-b764-4fbc-ac30-1f1f9ca17e84','2025-04-06 06:58:48','2025-04-06 06:58:48',NULL),('8a65aa30-6124-40bb-8a03-f557a906cff5','s','2025-04-06 06:57:07','6c1d78ff-fb2c-427a-ab2f-3b3c305b3cdb','ff94896f-b764-4fbc-ac30-1f1f9ca17e84','2025-04-06 06:57:07','2025-04-06 06:57:07',NULL),('8a6f8e17-82e3-43c7-9ec4-7d8a1a5829d0','like','2025-04-22 11:11:26','47edef15-72e1-47e7-96e7-6caeb50bb34d','8f62c8ce-6045-46cb-91a2-85975df60104','2025-04-22 11:11:26','2025-04-22 11:11:26',NULL),('8a7bd42a-2a87-46af-9d2b-52973944dc55','gi vay','2025-04-06 06:52:28','abb76df5-7a69-4e26-9d9b-c27a5ad8ad00','ff94896f-b764-4fbc-ac30-1f1f9ca17e84','2025-04-06 06:52:28','2025-04-06 06:52:28',NULL),('8abdc9f6-48cd-455d-b7f6-a36d3e3873f9','sss','2025-04-06 06:54:46','abb76df5-7a69-4e26-9d9b-c27a5ad8ad00','ff94896f-b764-4fbc-ac30-1f1f9ca17e84','2025-04-06 06:54:46','2025-04-06 06:54:46',NULL),('8b28572d-aa88-43e0-97b3-4d144e2424fd','qq','2025-04-18 04:48:40','6c1d78ff-fb2c-427a-ab2f-3b3c305b3cdb','c04851bc-5c8a-4f5d-9854-7ff14aab3700','2025-04-18 04:48:40','2025-04-18 04:48:40',NULL),('8b339481-20e0-4d2c-a4ed-8b31ce761e01','like','2025-04-23 05:35:49','47edef15-72e1-47e7-96e7-6caeb50bb34d','e1158314-3584-4e28-b1cb-1345db279269','2025-04-23 05:35:49','2025-04-23 05:35:49',NULL),('8b48d3bf-c44f-4247-b4c2-37a1900a0bee','cc','2025-04-18 06:05:20','30152bce-29cd-4c1e-a41e-f6698c18870e','c04851bc-5c8a-4f5d-9854-7ff14aab3700','2025-04-18 06:05:20','2025-04-18 06:05:20',NULL),('8bea90b2-6802-44e5-9ce9-a09bdb19c293','hi chao cau nha','2025-04-17 11:38:11','47edef15-72e1-47e7-96e7-6caeb50bb34d','042a83ae-00d5-47f5-87a7-16de10c53b15','2025-04-17 11:38:11','2025-04-17 11:38:11',NULL),('8c12bf53-9dec-42ff-9871-6697d600bd30','qqqqqq','2025-04-18 06:18:52','30152bce-29cd-4c1e-a41e-f6698c18870e','c04851bc-5c8a-4f5d-9854-7ff14aab3700','2025-04-18 06:18:52','2025-04-18 06:18:52',NULL),('8c1f88ed-f552-453a-9fc8-864c61fca1fd','wwww','2025-04-21 22:30:31','30152bce-29cd-4c1e-a41e-f6698c18870e','c04851bc-5c8a-4f5d-9854-7ff14aab3700','2025-04-21 22:30:31','2025-04-21 22:30:31',NULL),('8c2ca28b-0d29-4a53-8691-4243cdb9dfa3','q','2025-04-24 04:50:52','47edef15-72e1-47e7-96e7-6caeb50bb34d','8f62c8ce-6045-46cb-91a2-85975df60104','2025-04-24 04:50:52','2025-04-24 04:50:52',NULL),('8c91eb1a-2875-41fa-8aa6-5540dece6542','what uop','2025-04-22 11:09:58','47edef15-72e1-47e7-96e7-6caeb50bb34d','8f62c8ce-6045-46cb-91a2-85975df60104','2025-04-22 11:09:58','2025-04-22 11:09:58',NULL),('8d6e33f2-8434-4c5a-8250-c3193124f0dc','phet','2025-04-06 07:53:39','abb76df5-7a69-4e26-9d9b-c27a5ad8ad00','ff94896f-b764-4fbc-ac30-1f1f9ca17e84','2025-04-06 07:53:39','2025-04-06 07:53:39',NULL),('8d70fbd5-1cd0-4f04-ace2-f5d6bc58bacf','','2025-04-27 01:01:41','47edef15-72e1-47e7-96e7-6caeb50bb34d','b5e936ed-2cb6-46a5-aa55-f00644f4aec7','2025-04-27 01:01:41','2025-04-27 01:01:41',NULL),('8d9254a3-095b-4f0c-9c1f-866c2401ab6d','ưhat up','2025-04-22 11:34:37','47edef15-72e1-47e7-96e7-6caeb50bb34d','2dec3ffa-df55-4f1e-b8be-d994e5996dd5','2025-04-22 11:34:37','2025-04-22 11:34:37',NULL),('8d929971-a454-4026-ad14-85282e5306c0','s','2025-04-06 07:13:12','6c1d78ff-fb2c-427a-ab2f-3b3c305b3cdb','ff94896f-b764-4fbc-ac30-1f1f9ca17e84','2025-04-06 07:13:12','2025-04-06 07:13:12',NULL),('8d9c033d-103d-4811-9eac-750aeab1608a','upload_failed','2025-04-26 05:55:03','47edef15-72e1-47e7-96e7-6caeb50bb34d','042a83ae-00d5-47f5-87a7-16de10c53b15','2025-04-26 05:55:04','2025-04-26 05:55:04',NULL),('8dde7b18-a3b3-4b0a-bb50-7676e41652ea','image_placeholder','2025-04-26 05:30:52','47edef15-72e1-47e7-96e7-6caeb50bb34d','b5e936ed-2cb6-46a5-aa55-f00644f4aec7','2025-04-26 05:30:52','2025-04-26 05:30:52',NULL),('8df771f4-bf3c-4ba9-affb-3769d56a7c36','w','2025-04-17 04:36:40','47edef15-72e1-47e7-96e7-6caeb50bb34d','db5c9758-2076-4779-a812-08b45b779430','2025-04-17 04:36:40','2025-04-17 04:36:40',NULL),('8e058100-cf6f-4187-b074-f1076efe07a6','r','2025-04-19 07:04:04','30152bce-29cd-4c1e-a41e-f6698c18870e','81a9e481-d18c-4abb-8b5f-2c0b020c159f','2025-04-19 07:04:04','2025-04-19 07:04:04',NULL),('8e0a83ee-9c2d-4ac7-9d56-1ce6f31894e1','wwwwww','2025-04-22 10:31:51','47edef15-72e1-47e7-96e7-6caeb50bb34d','8f62c8ce-6045-46cb-91a2-85975df60104','2025-04-22 10:31:51','2025-04-22 10:31:51',NULL),('8e389f4e-c53b-4c89-8cc2-7ceef07412cd','','2025-04-27 08:15:42','47edef15-72e1-47e7-96e7-6caeb50bb34d','b5e936ed-2cb6-46a5-aa55-f00644f4aec7','2025-04-27 08:15:42','2025-04-27 08:15:42','https://res.cloudinary.com/doxc6iqyk/image/upload/v1745766941/file_mgdb34.jpg'),('8f1f43db-ae8a-42d7-9a64-71fbd05f8d74','like','2025-04-27 02:19:10','47edef15-72e1-47e7-96e7-6caeb50bb34d','b5e936ed-2cb6-46a5-aa55-f00644f4aec7','2025-04-27 02:19:10','2025-04-27 02:19:10',NULL),('8f450787-3417-4344-9504-66827dcde40a','like','2025-04-23 00:58:46','47edef15-72e1-47e7-96e7-6caeb50bb34d','8f62c8ce-6045-46cb-91a2-85975df60104','2025-04-23 00:58:46','2025-04-23 00:58:46',NULL),('8fbc0632-be6d-4ba5-98cf-769895719419','like','2025-04-24 04:40:29','47edef15-72e1-47e7-96e7-6caeb50bb34d','8f62c8ce-6045-46cb-91a2-85975df60104','2025-04-24 04:40:29','2025-04-24 04:40:29',NULL),('8fcf877a-a974-4531-9f62-8ed80bfeb73e','like','2025-04-25 02:02:31','ee0723f2-4a9d-46cb-ab23-ff49b907f17b','b5e936ed-2cb6-46a5-aa55-f00644f4aec7','2025-04-25 02:02:31','2025-04-25 02:02:31',NULL),('8ff4cfce-1f59-4ea9-b05b-07d88cc478ea','tuổi loz','2025-04-25 01:50:46','47edef15-72e1-47e7-96e7-6caeb50bb34d','b5e936ed-2cb6-46a5-aa55-f00644f4aec7','2025-04-25 01:50:46','2025-04-25 01:50:46',NULL),('9045f852-44d1-4b6a-86ea-6801cb8f25be','dang cap va','2025-04-22 11:37:01','47edef15-72e1-47e7-96e7-6caeb50bb34d','2dec3ffa-df55-4f1e-b8be-d994e5996dd5','2025-04-22 11:37:01','2025-04-22 11:37:01',NULL),('904d9ea5-d851-4851-b18e-c2e15c59cbcd','like','2025-04-22 11:13:47','47edef15-72e1-47e7-96e7-6caeb50bb34d','cde4cfde-5600-4bfb-9053-f0ce898fb1c5','2025-04-22 11:13:47','2025-04-22 11:13:47',NULL),('90b94973-d93b-4586-beab-ca812a83afa0','o','2025-04-17 07:28:25','45e81b97-9739-4546-86bd-42d670e0f6e7','db5c9758-2076-4779-a812-08b45b779430','2025-04-17 07:28:25','2025-04-17 07:28:25',NULL),('90c4dc5e-90c7-4fd5-8e42-511104da060e','hi ban','2025-04-18 06:12:01','30152bce-29cd-4c1e-a41e-f6698c18870e','c04851bc-5c8a-4f5d-9854-7ff14aab3700','2025-04-18 06:12:01','2025-04-18 06:12:01',NULL),('90e94563-1245-417d-bbef-08351f3fac7e','w','2025-04-17 04:40:54','45e81b97-9739-4546-86bd-42d670e0f6e7','db5c9758-2076-4779-a812-08b45b779430','2025-04-17 04:40:54','2025-04-17 04:40:54',NULL),('90ffd5c3-870e-4161-beaa-7d066c654291','q','2025-04-25 01:30:41','47edef15-72e1-47e7-96e7-6caeb50bb34d','c65865ab-78d2-49c6-b7fd-f73ca3367723','2025-04-25 01:30:41','2025-04-25 01:30:41',NULL),('9112ff0d-68d6-4e54-9fd7-c9c0ffdbef26','cc','2025-04-25 01:37:47','47edef15-72e1-47e7-96e7-6caeb50bb34d','c65865ab-78d2-49c6-b7fd-f73ca3367723','2025-04-25 01:37:47','2025-04-25 01:37:47',NULL),('9123cb23-3522-43b8-9a21-dc107a35a7de','','2025-04-26 11:09:39','47edef15-72e1-47e7-96e7-6caeb50bb34d','e83e1312-b563-40f6-8010-bfbac996af49','2025-04-26 11:09:39','2025-04-26 11:09:39',NULL),('914f9408-c105-4e8b-a8c1-7b7a574982cf','1','2025-04-24 07:10:00','47edef15-72e1-47e7-96e7-6caeb50bb34d','db5c9758-2076-4779-a812-08b45b779430','2025-04-24 07:10:00','2025-04-24 07:10:00',NULL),('91ada204-5089-44a8-82e6-af1d4e732f95','w','2025-04-17 04:39:52','47edef15-72e1-47e7-96e7-6caeb50bb34d','db5c9758-2076-4779-a812-08b45b779430','2025-04-17 04:39:52','2025-04-17 04:39:52',NULL),('91c32a87-0b24-40b0-a762-cfff90fdc3b6','hi','2025-04-22 02:11:46','69e4aca8-9f57-495e-b648-b48b0463b7af','2bfac7de-e7a6-4f46-9cc6-f67dd27631b9','2025-04-22 02:11:46','2025-04-22 02:11:46',NULL),('91d90cae-db5e-453d-9b56-f1e68f25a199','okila','2025-04-17 07:28:07','45e81b97-9739-4546-86bd-42d670e0f6e7','db5c9758-2076-4779-a812-08b45b779430','2025-04-17 07:28:07','2025-04-17 07:28:07',NULL),('927bc062-9723-4c75-868c-83429eb984d4','like','2025-04-22 11:12:54','47edef15-72e1-47e7-96e7-6caeb50bb34d','8f62c8ce-6045-46cb-91a2-85975df60104','2025-04-22 11:12:54','2025-04-22 11:12:54',NULL),('92a4276e-3455-497b-bd67-ea81df8ede11','like','2025-04-22 11:11:56','47edef15-72e1-47e7-96e7-6caeb50bb34d','cde4cfde-5600-4bfb-9053-f0ce898fb1c5','2025-04-22 11:11:56','2025-04-22 11:11:56',NULL),('92bbc7b2-2f1b-4d46-923b-f6dcf5742bd7','r','2025-04-19 07:05:08','30152bce-29cd-4c1e-a41e-f6698c18870e','81a9e481-d18c-4abb-8b5f-2c0b020c159f','2025-04-19 07:05:08','2025-04-19 07:05:08',NULL),('92e3c524-aa5a-4fb4-96c8-d3fe0dd9182a','ư','2025-04-24 09:14:43','47edef15-72e1-47e7-96e7-6caeb50bb34d','db5c9758-2076-4779-a812-08b45b779430','2025-04-24 09:14:43','2025-04-24 09:14:43',NULL),('92ed60b6-b32d-4c64-bd68-f02aeb539328','cay vl','2025-04-24 09:33:09','47edef15-72e1-47e7-96e7-6caeb50bb34d','8f62c8ce-6045-46cb-91a2-85975df60104','2025-04-24 09:33:09','2025-04-24 09:33:09',NULL),('92f4ab32-e3dc-4ed9-9523-0ae81c9d70cf','like','2025-04-24 09:34:57','47edef15-72e1-47e7-96e7-6caeb50bb34d','8f62c8ce-6045-46cb-91a2-85975df60104','2025-04-24 09:34:57','2025-04-24 09:34:57',NULL),('93b367b5-9cf0-4f97-a65d-8c0f56f263e4','chao ban','2025-04-22 02:30:15','47edef15-72e1-47e7-96e7-6caeb50bb34d','20f9d7db-c81f-4a2a-95f1-25187ca8b777','2025-04-22 02:30:15','2025-04-22 02:30:15',NULL),('942737e8-50ed-493e-af7e-3718f85cce64','w','2025-04-24 04:40:11','47edef15-72e1-47e7-96e7-6caeb50bb34d','8f62c8ce-6045-46cb-91a2-85975df60104','2025-04-24 04:40:11','2025-04-24 04:40:11',NULL),('942d038e-c256-401c-a31a-9c8243e4039a','sd','2025-04-17 07:27:25','45e81b97-9739-4546-86bd-42d670e0f6e7','db5c9758-2076-4779-a812-08b45b779430','2025-04-17 07:27:25','2025-04-17 07:27:25',NULL),('9459f114-5a73-49d8-819d-52fdae6ddd3e','','2025-04-27 01:03:22','47edef15-72e1-47e7-96e7-6caeb50bb34d','b5e936ed-2cb6-46a5-aa55-f00644f4aec7','2025-04-27 01:03:22','2025-04-27 01:03:22',NULL),('94924c5f-ee4b-48cc-8b72-34aa3ad25e97','q','2025-04-23 00:58:19','47edef15-72e1-47e7-96e7-6caeb50bb34d','8f62c8ce-6045-46cb-91a2-85975df60104','2025-04-23 00:58:19','2025-04-23 00:58:19',NULL),('949b74d4-ba8d-4236-9b19-5c44169f4df7','q','2025-04-25 01:44:21','47edef15-72e1-47e7-96e7-6caeb50bb34d','c65865ab-78d2-49c6-b7fd-f73ca3367723','2025-04-25 01:44:21','2025-04-25 01:44:21',NULL),('94c12fb4-9bcd-4a25-8a0c-46434c8a8395','khoe khong :v','2025-04-07 01:50:44','6c1d78ff-fb2c-427a-ab2f-3b3c305b3cdb','ff94896f-b764-4fbc-ac30-1f1f9ca17e84','2025-04-07 01:50:44','2025-04-07 01:50:44',NULL),('94df445f-c98f-4d9e-9e50-b64fa6fdd6f7','dm','2025-04-27 01:49:57','47edef15-72e1-47e7-96e7-6caeb50bb34d','b5e936ed-2cb6-46a5-aa55-f00644f4aec7','2025-04-27 01:49:57','2025-04-27 01:49:57',NULL),('9513989c-7702-4650-85a7-cc8bfa9d105f','q','2025-04-27 08:09:28','47edef15-72e1-47e7-96e7-6caeb50bb34d','b5e936ed-2cb6-46a5-aa55-f00644f4aec7','2025-04-27 08:09:28','2025-04-27 08:09:28',NULL),('95c7a2e2-4d14-4d19-a998-8f8e46274e32','s','2025-04-17 07:32:24','47edef15-72e1-47e7-96e7-6caeb50bb34d','db5c9758-2076-4779-a812-08b45b779430','2025-04-17 07:32:24','2025-04-17 07:32:24',NULL),('962370c1-2002-49b3-8272-7f372843791b','w','2025-04-17 04:41:33','47edef15-72e1-47e7-96e7-6caeb50bb34d','db5c9758-2076-4779-a812-08b45b779430','2025-04-17 04:41:33','2025-04-17 04:41:33',NULL),('964f06a4-2f11-4d64-88d1-f321e3b4ee74','q','2025-04-06 06:13:32','6c1d78ff-fb2c-427a-ab2f-3b3c305b3cdb','ff94896f-b764-4fbc-ac30-1f1f9ca17e84','2025-04-06 06:13:32','2025-04-06 06:13:32',NULL),('96623c4d-49d0-455f-b366-4830be366a29','q','2025-04-25 01:05:27','47edef15-72e1-47e7-96e7-6caeb50bb34d','c65865ab-78d2-49c6-b7fd-f73ca3367723','2025-04-25 01:05:27','2025-04-25 01:05:27',NULL),('96640264-f5ff-44c9-be3e-535e36bab24a','hi ban','2025-04-18 06:14:46','30152bce-29cd-4c1e-a41e-f6698c18870e','c04851bc-5c8a-4f5d-9854-7ff14aab3700','2025-04-18 06:14:46','2025-04-18 06:14:46',NULL),('97c009b0-e6ad-4d05-8953-cce9816e1d07','ww','2025-04-22 06:47:26','61e358f0-cf5a-4ac4-8d5b-a8307941bc93','aa3bbb56-6ca5-4ff4-b587-fef61bd43d88','2025-04-22 06:47:26','2025-04-22 06:47:26',NULL),('98042668-5858-4aeb-8953-a34d6de4aafd','like','2025-04-22 11:42:51','47edef15-72e1-47e7-96e7-6caeb50bb34d','5a99fb3b-bcf2-48ca-95bd-c9ee7877f9e0','2025-04-22 11:42:51','2025-04-22 11:42:51',NULL),('98d8659c-ed9e-42da-9c16-28d263497f6b','g','2025-04-19 07:06:05','30152bce-29cd-4c1e-a41e-f6698c18870e','c04851bc-5c8a-4f5d-9854-7ff14aab3700','2025-04-19 07:06:05','2025-04-19 07:06:05',NULL),('98e2c006-b832-4e4c-8821-7c0e42133ae5','ss','2025-04-22 11:38:20','47edef15-72e1-47e7-96e7-6caeb50bb34d','2dec3ffa-df55-4f1e-b8be-d994e5996dd5','2025-04-22 11:38:20','2025-04-22 11:38:20',NULL),('98f8c610-0051-4941-9f23-c50894e0e81d','ww','2025-04-06 07:13:50','6c1d78ff-fb2c-427a-ab2f-3b3c305b3cdb','ff94896f-b764-4fbc-ac30-1f1f9ca17e84','2025-04-06 07:13:50','2025-04-06 07:13:50',NULL),('9917339a-1549-49d1-8674-608869d852c8','qas','2025-04-22 10:06:37','47edef15-72e1-47e7-96e7-6caeb50bb34d','cde4cfde-5600-4bfb-9053-f0ce898fb1c5','2025-04-22 10:06:37','2025-04-22 10:06:37',NULL),('992f412e-b6c6-49a7-86d4-586d47d9707d','like','2025-04-22 11:42:52','47edef15-72e1-47e7-96e7-6caeb50bb34d','5a99fb3b-bcf2-48ca-95bd-c9ee7877f9e0','2025-04-22 11:42:52','2025-04-22 11:42:52',NULL),('99abba62-1a5a-426c-9578-2d92065702a8','qsqs','2025-04-22 10:30:48','47edef15-72e1-47e7-96e7-6caeb50bb34d','8f62c8ce-6045-46cb-91a2-85975df60104','2025-04-22 10:30:48','2025-04-22 10:30:48',NULL),('99ae4313-68e1-4885-ae63-e63c6a0ed459','r','2025-04-19 07:04:45','30152bce-29cd-4c1e-a41e-f6698c18870e','81a9e481-d18c-4abb-8b5f-2c0b020c159f','2025-04-19 07:04:45','2025-04-19 07:04:45',NULL),('99c66546-44c3-4735-af64-f8e6ea3fab20','like','2025-04-22 11:01:07','47edef15-72e1-47e7-96e7-6caeb50bb34d','8f62c8ce-6045-46cb-91a2-85975df60104','2025-04-22 11:01:07','2025-04-22 11:01:07',NULL),('99c88a94-6e46-4c69-bc11-2b9a16595885','1','2025-04-24 07:09:59','47edef15-72e1-47e7-96e7-6caeb50bb34d','db5c9758-2076-4779-a812-08b45b779430','2025-04-24 07:09:59','2025-04-24 07:09:59',NULL),('9ab3e9a6-3e0f-4f3d-b5da-4e818f3cdae1','ww','2025-04-23 00:55:23','47edef15-72e1-47e7-96e7-6caeb50bb34d','9cedcea9-91a3-46fc-adf1-4ebbbd2d9b66','2025-04-23 00:55:23','2025-04-23 00:55:23',NULL),('9accc5c9-f3a4-4fa8-9713-055045d8ee64','ư','2025-04-17 11:01:26','47edef15-72e1-47e7-96e7-6caeb50bb34d','042db665-610d-47a0-bf2f-17afa6728f3a','2025-04-17 11:01:26','2025-04-17 11:01:26',NULL),('9ad6479e-3982-41a9-85fc-c79d70b95ede','cc','2025-04-24 04:50:38','47edef15-72e1-47e7-96e7-6caeb50bb34d','8f62c8ce-6045-46cb-91a2-85975df60104','2025-04-24 04:50:38','2025-04-24 04:50:38',NULL),('9b0c5dd0-9448-4531-a6bd-475455e39066','hihihihihihi','2025-04-22 00:34:42','0eb1f79c-a7f6-436d-a159-a4dd53a5d631','20db73b0-3496-4a72-8886-6a5eb42fa244','2025-04-22 00:34:42','2025-04-22 00:34:42',NULL),('9b2b026f-7072-476a-a13e-e288f1b6e3fd','q','2025-04-25 03:15:16','47edef15-72e1-47e7-96e7-6caeb50bb34d','9cedcea9-91a3-46fc-adf1-4ebbbd2d9b66','2025-04-25 03:15:16','2025-04-25 03:15:16',NULL),('9b42413f-e254-443b-880e-2ff3b533f61f','like','2025-04-27 02:30:02','47edef15-72e1-47e7-96e7-6caeb50bb34d','b5e936ed-2cb6-46a5-aa55-f00644f4aec7','2025-04-27 02:30:02','2025-04-27 02:30:02',NULL),('9b997f5a-808a-43b2-9492-65382cb5c26b','like','2025-04-22 11:11:57','47edef15-72e1-47e7-96e7-6caeb50bb34d','cde4cfde-5600-4bfb-9053-f0ce898fb1c5','2025-04-22 11:11:57','2025-04-22 11:11:57',NULL),('9bea05a2-795f-4632-9de3-3630784e4f18','like','2025-04-26 05:48:58','47edef15-72e1-47e7-96e7-6caeb50bb34d','b5e936ed-2cb6-46a5-aa55-f00644f4aec7','2025-04-26 05:48:58','2025-04-26 05:48:58',NULL),('9c46cd85-ff60-4802-baac-4aee1614bd8b','','2025-04-26 11:22:39','47edef15-72e1-47e7-96e7-6caeb50bb34d','b5e936ed-2cb6-46a5-aa55-f00644f4aec7','2025-04-26 11:22:39','2025-04-26 11:22:39',NULL),('9c7600d4-2650-4032-a113-4c9fd4ee000a','w','2025-04-17 08:00:01','47edef15-72e1-47e7-96e7-6caeb50bb34d','e83e1312-b563-40f6-8010-bfbac996af49','2025-04-17 08:00:01','2025-04-17 08:00:01',NULL),('9c876603-5e48-45fd-853a-04c283d39933','ww','2025-04-06 07:32:51','6c1d78ff-fb2c-427a-ab2f-3b3c305b3cdb','ff94896f-b764-4fbc-ac30-1f1f9ca17e84','2025-04-06 07:32:51','2025-04-06 07:32:51',NULL),('9ca04e95-a9fa-4c64-80eb-cfd9ec14ba55','?','2025-04-25 10:28:49','47edef15-72e1-47e7-96e7-6caeb50bb34d','364eec81-6de1-445f-bbcb-75783d6bfffe','2025-04-25 10:28:49','2025-04-25 10:28:49',NULL),('9caa3413-8595-40d9-9b4b-d1f18070cf37','e]','2025-04-19 07:11:21','30152bce-29cd-4c1e-a41e-f6698c18870e','c04851bc-5c8a-4f5d-9854-7ff14aab3700','2025-04-19 07:11:21','2025-04-19 07:11:21',NULL),('9caab70a-1e2c-4bd1-b8ec-59414b69787c','ảo thật đớ','2025-04-24 02:17:25','47edef15-72e1-47e7-96e7-6caeb50bb34d','8f62c8ce-6045-46cb-91a2-85975df60104','2025-04-24 02:17:25','2025-04-24 02:17:25',NULL),('9d029464-dac1-4bcd-9a59-fb41e49a8706','ao vl','2025-04-23 00:58:27','47edef15-72e1-47e7-96e7-6caeb50bb34d','8f62c8ce-6045-46cb-91a2-85975df60104','2025-04-23 00:58:27','2025-04-23 00:58:27',NULL),('9d0c4229-154e-4ead-bd9d-ecf5a4230ecc','like','2025-04-27 02:33:49','47edef15-72e1-47e7-96e7-6caeb50bb34d','b5e936ed-2cb6-46a5-aa55-f00644f4aec7','2025-04-27 02:33:49','2025-04-27 02:33:49',NULL),('9d114e03-12a6-4fa2-81d0-47913d70b38c','nhờn với mày à con koia','2025-04-25 01:49:18','47edef15-72e1-47e7-96e7-6caeb50bb34d','b5e936ed-2cb6-46a5-aa55-f00644f4aec7','2025-04-25 01:49:18','2025-04-25 01:49:18',NULL),('9d2f2927-4cd2-43d9-8c55-3f4e683576a2','oki','2025-04-17 09:34:55','47edef15-72e1-47e7-96e7-6caeb50bb34d','82cd0411-cb22-4d85-a8df-1987f527a737','2025-04-17 09:34:55','2025-04-17 09:34:55',NULL),('9d631cd2-e69f-48e4-95dc-49aa8396ae5c','hi nho','2025-04-17 11:04:00','47edef15-72e1-47e7-96e7-6caeb50bb34d','3bdd56fd-969b-4ff5-a4e5-10e65ccc8139','2025-04-17 11:04:00','2025-04-17 11:04:00',NULL),('9d633ace-e8c8-4eb0-bc22-750b8a110c67','wew','2025-04-22 10:06:39','47edef15-72e1-47e7-96e7-6caeb50bb34d','cde4cfde-5600-4bfb-9053-f0ce898fb1c5','2025-04-22 10:06:39','2025-04-22 10:06:39',NULL),('9d726d99-dade-40e0-aa50-5c53c8abe864','s','2025-04-17 07:24:27','47edef15-72e1-47e7-96e7-6caeb50bb34d','9cedcea9-91a3-46fc-adf1-4ebbbd2d9b66','2025-04-17 07:24:27','2025-04-17 07:24:27',NULL),('9da7ffe6-10af-4a45-acd3-cbdbb4874815','ss','2025-04-17 09:52:15','47edef15-72e1-47e7-96e7-6caeb50bb34d','353faf36-7d74-49f1-a12a-613dc7d49577','2025-04-17 09:52:15','2025-04-17 09:52:15',NULL),('9e0f1014-bdad-4e4e-a0a4-da7634cdba6a','thích thì đánh nhau','2025-04-25 01:45:42','383cd11e-8d66-41ba-b250-dec4d33b8ae2','364eec81-6de1-445f-bbcb-75783d6bfffe','2025-04-25 01:45:42','2025-04-25 01:45:42',NULL),('9e56865f-dc0e-4000-bc1f-82316ec14f9e','sdd','2025-04-17 07:16:40','47edef15-72e1-47e7-96e7-6caeb50bb34d','9cedcea9-91a3-46fc-adf1-4ebbbd2d9b66','2025-04-17 07:16:40','2025-04-17 07:16:40',NULL),('9e743153-b61d-4872-87a0-a11cad7b2ed0','whatup','2025-04-17 09:49:44','47edef15-72e1-47e7-96e7-6caeb50bb34d','353faf36-7d74-49f1-a12a-613dc7d49577','2025-04-17 09:49:44','2025-04-17 09:49:44',NULL),('9e953964-623e-4927-9799-e00058d5b06b','sao muốn gì','2025-04-23 01:10:55','47edef15-72e1-47e7-96e7-6caeb50bb34d','9cedcea9-91a3-46fc-adf1-4ebbbd2d9b66','2025-04-23 01:10:55','2025-04-23 01:10:55',NULL),('9f261492-8408-42d4-a5aa-54abe69331c5','hi cau','2025-04-22 02:34:29','47edef15-72e1-47e7-96e7-6caeb50bb34d','e1158314-3584-4e28-b1cb-1345db279269','2025-04-22 02:34:29','2025-04-22 02:34:29',NULL),('9f285952-65ce-4522-b483-2751d77955df','w','2025-04-22 11:13:50','47edef15-72e1-47e7-96e7-6caeb50bb34d','cde4cfde-5600-4bfb-9053-f0ce898fb1c5','2025-04-22 11:13:50','2025-04-22 11:13:50',NULL),('9f6423c1-e5d8-4c3b-a9e7-59b18cd6af5d','ư','2025-04-24 09:14:42','47edef15-72e1-47e7-96e7-6caeb50bb34d','db5c9758-2076-4779-a812-08b45b779430','2025-04-24 09:14:42','2025-04-24 09:14:42',NULL),('9f888185-b731-4a14-a5aa-7461ede9949b','chao cau nha','2025-04-22 02:25:55','69e4aca8-9f57-495e-b648-b48b0463b7af','9f53c33b-e32c-435a-ad40-a16e7e4fdcac','2025-04-22 02:25:55','2025-04-22 02:25:55',NULL),('9fe2fa74-73ba-4a9c-9e97-432950723a25','r','2025-04-19 07:05:05','6c1d78ff-fb2c-427a-ab2f-3b3c305b3cdb','0826df6c-5f1d-42b2-9c81-ca3fff0b1e67','2025-04-19 07:05:05','2025-04-19 07:05:05',NULL),('a06cb126-d43c-430b-a29e-87bc3de637c7','like','2025-04-22 11:18:00','47edef15-72e1-47e7-96e7-6caeb50bb34d','5a99fb3b-bcf2-48ca-95bd-c9ee7877f9e0','2025-04-22 11:18:00','2025-04-22 11:18:00',NULL),('a08569f0-4e14-4c8f-b242-d5488177cb80','like','2025-04-22 11:14:46','47edef15-72e1-47e7-96e7-6caeb50bb34d','cde4cfde-5600-4bfb-9053-f0ce898fb1c5','2025-04-22 11:14:46','2025-04-22 11:14:46',NULL),('a0ac78ed-92bf-46a9-890c-6b711ebd5466','q','2025-04-26 05:48:23','47edef15-72e1-47e7-96e7-6caeb50bb34d','b5e936ed-2cb6-46a5-aa55-f00644f4aec7','2025-04-26 05:48:23','2025-04-26 05:48:23',NULL),('a15b6a63-2dd1-4d64-8b7b-f27defd05e12','ww','2025-04-06 07:13:16','abb76df5-7a69-4e26-9d9b-c27a5ad8ad00','ff94896f-b764-4fbc-ac30-1f1f9ca17e84','2025-04-06 07:13:16','2025-04-06 07:13:16',NULL),('a1e42685-31c7-4e2e-85ca-50b747503672','df','2025-04-25 00:26:32','e9fc6a9a-8ddc-437a-90fb-a79574a9ee2b','c65865ab-78d2-49c6-b7fd-f73ca3367723','2025-04-25 00:26:32','2025-04-25 00:26:32',NULL),('a29f9a72-561f-42ee-b30c-91ae4d088be0','','2025-04-26 11:10:59','47edef15-72e1-47e7-96e7-6caeb50bb34d','e83e1312-b563-40f6-8010-bfbac996af49','2025-04-26 11:10:59','2025-04-26 11:10:59','https://res.cloudinary.com/doxc6iqyk/image/upload/v1745691057/file_tmi5mb.png'),('a2f3f233-1b45-407d-a421-aa12b851f5e9','ww','2025-04-17 09:07:10','47edef15-72e1-47e7-96e7-6caeb50bb34d','7b204cc1-6e15-4117-a36d-f50211adb35b','2025-04-17 09:07:10','2025-04-17 09:07:10',NULL),('a2f5a813-29a6-4f94-a071-2ab1d500f797','ca','2025-04-18 06:06:05','30152bce-29cd-4c1e-a41e-f6698c18870e','c04851bc-5c8a-4f5d-9854-7ff14aab3700','2025-04-18 06:06:05','2025-04-18 06:06:05',NULL),('a2fd6032-5639-487c-b3cf-13a3c6931c5b','ww','2025-04-16 09:23:39','47edef15-72e1-47e7-96e7-6caeb50bb34d','db5c9758-2076-4779-a812-08b45b779430','2025-04-16 09:23:39','2025-04-16 09:23:39',NULL),('a3504eb8-ed9a-46cd-87b0-081e9dff3d0e','like','2025-04-22 11:18:00','47edef15-72e1-47e7-96e7-6caeb50bb34d','5a99fb3b-bcf2-48ca-95bd-c9ee7877f9e0','2025-04-22 11:18:00','2025-04-22 11:18:00',NULL),('a3548072-4ff2-4793-a7ff-1dd379e9a9bb','sdsd','2025-04-17 09:41:58','47edef15-72e1-47e7-96e7-6caeb50bb34d','353faf36-7d74-49f1-a12a-613dc7d49577','2025-04-17 09:41:58','2025-04-17 09:41:58',NULL),('a39b742c-f27d-44c7-b79c-9c9b41fa9adc','s','2025-04-17 08:00:57','47edef15-72e1-47e7-96e7-6caeb50bb34d','3f8a6f0e-a297-46d6-a5f0-4fa86f924fa5','2025-04-17 08:00:57','2025-04-17 08:00:57',NULL),('a39c501f-ab2b-4f04-a6c4-10d040b7dd22','q','2025-04-24 11:19:29','47edef15-72e1-47e7-96e7-6caeb50bb34d','7626e9de-6388-4d01-95bc-eda2c584a1bb','2025-04-24 11:19:29','2025-04-24 11:19:29',NULL),('a3b83fc0-7ae0-4e27-91a8-ca1c1da90718','ư','2025-04-24 09:14:43','47edef15-72e1-47e7-96e7-6caeb50bb34d','db5c9758-2076-4779-a812-08b45b779430','2025-04-24 09:14:43','2025-04-24 09:14:43',NULL),('a3ca8c6b-44f4-4685-a9a7-328d43fc8a09','ss','2025-04-06 07:51:47','6c1d78ff-fb2c-427a-ab2f-3b3c305b3cdb','ff94896f-b764-4fbc-ac30-1f1f9ca17e84','2025-04-06 07:51:47','2025-04-06 07:51:47',NULL),('a431bd63-78ff-4ba2-8625-286357ed519f','q','2025-04-25 01:40:17','47edef15-72e1-47e7-96e7-6caeb50bb34d','c65865ab-78d2-49c6-b7fd-f73ca3367723','2025-04-25 01:40:17','2025-04-25 01:40:17',NULL),('a4c4e200-dfb0-46ad-82b9-ca86491b2202','dia','2025-04-22 11:36:38','47edef15-72e1-47e7-96e7-6caeb50bb34d','2dec3ffa-df55-4f1e-b8be-d994e5996dd5','2025-04-22 11:36:38','2025-04-22 11:36:38',NULL),('a4dd66c5-3ca3-4a97-bcc2-e5d362da3b16','w','2025-04-17 04:38:14','47edef15-72e1-47e7-96e7-6caeb50bb34d','db5c9758-2076-4779-a812-08b45b779430','2025-04-17 04:38:14','2025-04-17 04:38:14',NULL),('a4f002dc-a972-4f25-9070-2137f7ba23b4','','2025-04-27 00:56:50','47edef15-72e1-47e7-96e7-6caeb50bb34d','b5e936ed-2cb6-46a5-aa55-f00644f4aec7','2025-04-27 00:56:50','2025-04-27 00:56:50','https://res.cloudinary.com/doxc6iqyk/image/upload/v1745740609/file_oya1eu.png'),('a57e8ed7-4657-49a0-93a0-1ece2c25fdf1','werwe','2025-04-06 07:13:07','abb76df5-7a69-4e26-9d9b-c27a5ad8ad00','ff94896f-b764-4fbc-ac30-1f1f9ca17e84','2025-04-06 07:13:07','2025-04-06 07:13:07',NULL),('a59e8d44-ab76-421b-bf9b-8fe2df48cdfe','like','2025-04-22 11:11:43','47edef15-72e1-47e7-96e7-6caeb50bb34d','8f62c8ce-6045-46cb-91a2-85975df60104','2025-04-22 11:11:43','2025-04-22 11:11:43',NULL),('a5d24c4a-17fd-4d71-a699-748b3f7d1edd','','2025-04-27 01:09:04','47edef15-72e1-47e7-96e7-6caeb50bb34d','b5e936ed-2cb6-46a5-aa55-f00644f4aec7','2025-04-27 01:09:04','2025-04-27 01:09:04',NULL),('a60decda-5dd1-4926-9e0d-6b5bff878d61','d\\','2025-04-17 09:41:53','47edef15-72e1-47e7-96e7-6caeb50bb34d','353faf36-7d74-49f1-a12a-613dc7d49577','2025-04-17 09:41:53','2025-04-17 09:41:53',NULL),('a61caa92-1c3a-4d96-b21d-bc40918db53f','','2025-04-27 00:52:30','47edef15-72e1-47e7-96e7-6caeb50bb34d','b5e936ed-2cb6-46a5-aa55-f00644f4aec7','2025-04-27 00:52:30','2025-04-27 00:52:30',NULL),('a61d7fca-9038-4681-a099-310dae19da08','dm','2025-04-25 00:18:39','47edef15-72e1-47e7-96e7-6caeb50bb34d','c65865ab-78d2-49c6-b7fd-f73ca3367723','2025-04-25 00:18:39','2025-04-25 00:18:39',NULL),('a651df53-2896-4596-bdf5-7071f5f5d7c4','e','2025-04-19 07:03:03','30152bce-29cd-4c1e-a41e-f6698c18870e','81a9e481-d18c-4abb-8b5f-2c0b020c159f','2025-04-19 07:03:03','2025-04-19 07:03:03',NULL),('a6527f3b-65a5-4ddf-9d4a-ed0e30edde84','like','2025-04-22 11:11:42','47edef15-72e1-47e7-96e7-6caeb50bb34d','8f62c8ce-6045-46cb-91a2-85975df60104','2025-04-22 11:11:42','2025-04-22 11:11:42',NULL),('a675ae67-e838-4eb8-b7f8-6a61e6ea2f96','aa','2025-04-24 04:53:37','47edef15-72e1-47e7-96e7-6caeb50bb34d','8f62c8ce-6045-46cb-91a2-85975df60104','2025-04-24 04:53:37','2025-04-24 04:53:37',NULL),('a677c041-5818-47d5-9c5e-c572e724b6bb','s','2025-04-19 07:18:52','30152bce-29cd-4c1e-a41e-f6698c18870e','c04851bc-5c8a-4f5d-9854-7ff14aab3700','2025-04-19 07:18:52','2025-04-19 07:18:52',NULL),('a6c16595-d275-4b7e-bce0-2e8ff7cdc345','wxcfdfdsfsdf','2025-04-17 04:47:41','45e81b97-9739-4546-86bd-42d670e0f6e7','db5c9758-2076-4779-a812-08b45b779430','2025-04-17 04:47:41','2025-04-17 04:47:41',NULL),('a6fd34c9-c780-499e-984f-86d66c4e8cbe','what aor va;','2025-04-22 11:36:34','47edef15-72e1-47e7-96e7-6caeb50bb34d','2dec3ffa-df55-4f1e-b8be-d994e5996dd5','2025-04-22 11:36:34','2025-04-22 11:36:34',NULL),('a716e594-432f-441e-9610-56c0b3620899','e','2025-04-06 07:03:56','6c1d78ff-fb2c-427a-ab2f-3b3c305b3cdb','ff94896f-b764-4fbc-ac30-1f1f9ca17e84','2025-04-06 07:03:56','2025-04-06 07:03:56',NULL),('a7255efe-123e-41bf-a843-75c55ecd47e2','hi','2025-04-17 12:16:53','dca3c470-7063-4c72-9aa0-3f53fff11283','a348f1dc-2575-47c1-a6a1-0c020ab2fcfa','2025-04-17 12:16:53','2025-04-17 12:16:53',NULL),('a76b76b7-6fa2-4d77-983d-7c92ee977851','r','2025-04-19 07:04:54','30152bce-29cd-4c1e-a41e-f6698c18870e','81a9e481-d18c-4abb-8b5f-2c0b020c159f','2025-04-19 07:04:54','2025-04-19 07:04:54',NULL),('a79e2927-f511-40a4-b4c8-dd9860c34be4','hi','2025-04-22 03:34:10','47edef15-72e1-47e7-96e7-6caeb50bb34d','cde4cfde-5600-4bfb-9053-f0ce898fb1c5','2025-04-22 03:34:10','2025-04-22 03:34:10',NULL),('a81dbf4b-a6c7-4940-95fe-8d565d4e0355','xxxxxxxxxxxxxxxxxxxxxxxxxxxxxxxxxxxxxxxxxxxxxxxxxxxxxxxxxxxxxxxxxxxxxxxxxxxxxxxxxxxxxxxxxxxxxxxxxxxxxxxxxxxxxxxxxxxxxxxxxxxxxxxxxxxxxxxxxxxxxxxxxxxxxxxxxxxxxxxxxxxxxxxxxxxxxxxxxxxxxxxxxxxxxxxxxxxxxxxxxxxxxxxxxxxxxxxxxxxxxxxxxxxxxxxxxxxxxxxxxxxxxxxxxxxxxxxxxxxxxxxxxxxxxxxxxxxxxxxxxxxxxxxxxxxxxxxxxxxxxxxxxxxxxxxxxxxxxxxxxxxxxxxxxxxxxxxxxxxxxxxxxxxxxxxxxxxxxxxxxxxxxxxxxxxxxxxxxxxxxxxxxxxxxxxxxxxxxxxxxxxxxxxxxxxxxxxxxxxxxxxxxxxxxxxxxxxxxxxxxxxxxxxxxxxxxxxxxxxxxxxxxxxxxxxxxxxxxxxxxxxxxxxxxxxxxxxxxxxxxxxxxxxxxxxxxxxxxxxxxxxxxxxxxxxxxxxxxxxxxxxxxxxxxxxxxxxxxxxxxxxxxxxxxxxxxxxxxxxxxxxxxxxxxxxxxxxxxxxxxxxxxxxxxxxxxxxxxxxxxxxxxxxxxxxxxxxxxxxxxxxxxxxxxxxxxxxxxxxxxxxxxxxxxxxxxxxxxxxxxxxxxxxxxxxxxxxxxxxxxxxxxxxxxxxxxxxxxxxxxxxxxxxxxxxxxxxxxxxxxxxxxxxxxxxxxxxxxxxxxxxxxxxxxxxxxxxxxxxxxxxxxxxxxxxxxxxxxxxxxxxxxxxxxxxxxxxxxxxxxxxxxxxxxxxxxxxxxxxxxxxxxxxxxxxxxxxxxxxxxxxxxxxxxxxxxxxxxxxxxxxxxxxxxxxxxxxxxxxxxxxxxxxxxxxxxxxxxxxxxxxxxxxxxxxxxxxxxxxxxxxxxxxxxxxxxxxxxxxxxxxxxxxxxxxxxxxxxxxxxxxxxxxxxxxxxxxxxxxxxxxxxxxxxxxxxxxxxxxxxxxxxxxxxxxxxxxxxxxxxxxxxxxxxxxxxxxxxxxxxxxxxxxxxxxxxxxxxxxxxxxxxxxxxxxxxxxxxxxxxxxxxxxxxxxxxxxxxxxxxxxxxxxxxxxxxxxxxxxxxxxxxxxxxxxx','2025-04-23 09:24:20','47edef15-72e1-47e7-96e7-6caeb50bb34d','8f62c8ce-6045-46cb-91a2-85975df60104','2025-04-23 09:24:20','2025-04-23 09:24:20',NULL),('a83ec73c-8456-40de-be9e-bdd91e80f4b5','what up','2025-04-23 05:35:38','47edef15-72e1-47e7-96e7-6caeb50bb34d','e1158314-3584-4e28-b1cb-1345db279269','2025-04-23 05:35:38','2025-04-23 05:35:38',NULL),('a84ced44-8344-4c03-811b-ffa5eb02f806','like','2025-04-22 11:11:47','47edef15-72e1-47e7-96e7-6caeb50bb34d','cde4cfde-5600-4bfb-9053-f0ce898fb1c5','2025-04-22 11:11:47','2025-04-22 11:11:47',NULL),('a8892f45-2a88-4665-8501-3e17a28ebb1e','?','2025-04-06 06:36:13','6c1d78ff-fb2c-427a-ab2f-3b3c305b3cdb','ff94896f-b764-4fbc-ac30-1f1f9ca17e84','2025-04-06 06:36:13','2025-04-06 06:36:13',NULL),('a8e9ecf4-60ed-4f9a-b28b-262f6bab383e','ee','2025-04-06 07:20:17','abb76df5-7a69-4e26-9d9b-c27a5ad8ad00','ff94896f-b764-4fbc-ac30-1f1f9ca17e84','2025-04-06 07:20:17','2025-04-06 07:20:17',NULL),('a8ed145c-8b6a-4d39-8f05-85239f90cd71','q','2025-04-24 04:51:06','47edef15-72e1-47e7-96e7-6caeb50bb34d','8f62c8ce-6045-46cb-91a2-85975df60104','2025-04-24 04:51:06','2025-04-24 04:51:06',NULL),('a908ef86-97b3-410f-a6fd-c5dda3aeb92c','w','2025-04-17 04:41:28','45e81b97-9739-4546-86bd-42d670e0f6e7','db5c9758-2076-4779-a812-08b45b779430','2025-04-17 04:41:28','2025-04-17 04:41:28',NULL),('a95af14d-726f-4708-ba9b-79397f8d9df1','','2025-04-27 01:04:32','47edef15-72e1-47e7-96e7-6caeb50bb34d','b5e936ed-2cb6-46a5-aa55-f00644f4aec7','2025-04-27 01:04:32','2025-04-27 01:04:32',NULL),('a9858999-8573-4c71-9727-60efcbb5a56a','the guioi vang di  nguoi','2025-04-18 06:40:03','30152bce-29cd-4c1e-a41e-f6698c18870e','c04851bc-5c8a-4f5d-9854-7ff14aab3700','2025-04-18 06:40:03','2025-04-18 06:40:03',NULL),('a9950533-c5f1-4e62-ac4d-bf7c7592e107','what up','2025-04-24 11:14:29','47edef15-72e1-47e7-96e7-6caeb50bb34d','940f7a41-6154-441b-859c-303833685e4f','2025-04-24 11:14:29','2025-04-24 11:14:29',NULL),('a9be8266-9cc3-4599-b4c6-bdf3db446547','ca','2025-04-27 02:02:33','47edef15-72e1-47e7-96e7-6caeb50bb34d','b5e936ed-2cb6-46a5-aa55-f00644f4aec7','2025-04-27 02:02:33','2025-04-27 02:02:33',NULL),('aa44983d-354d-40bf-a424-48bcc6fd66fc','like','2025-04-27 02:19:07','47edef15-72e1-47e7-96e7-6caeb50bb34d','b5e936ed-2cb6-46a5-aa55-f00644f4aec7','2025-04-27 02:19:07','2025-04-27 02:19:07',NULL),('aa5199bc-844e-4f76-9d77-a16b37a86fce','1','2025-04-24 07:09:59','47edef15-72e1-47e7-96e7-6caeb50bb34d','db5c9758-2076-4779-a812-08b45b779430','2025-04-24 07:09:59','2025-04-24 07:09:59',NULL),('aaaa66af-515b-4fea-867b-29d5e8c8698b','o ban','2025-04-18 04:42:02','30152bce-29cd-4c1e-a41e-f6698c18870e','c04851bc-5c8a-4f5d-9854-7ff14aab3700','2025-04-18 04:42:02','2025-04-18 04:42:02',NULL),('aac2f59d-53d5-40fe-9c9a-bc1aada5f4e7','q','2025-04-17 04:13:54','47edef15-72e1-47e7-96e7-6caeb50bb34d','db5c9758-2076-4779-a812-08b45b779430','2025-04-17 04:13:54','2025-04-17 04:13:54',NULL),('aacdcf45-6c8d-4792-b1ef-27cd6883418a','cay','2025-04-25 00:01:18','47edef15-72e1-47e7-96e7-6caeb50bb34d','7626e9de-6388-4d01-95bc-eda2c584a1bb','2025-04-25 00:01:18','2025-04-25 00:01:18',NULL),('ab353cd6-5202-4b7e-a4b0-220b18f2777e','q','2025-04-23 00:07:29','47edef15-72e1-47e7-96e7-6caeb50bb34d','e1158314-3584-4e28-b1cb-1345db279269','2025-04-23 00:07:29','2025-04-23 00:07:29',NULL),('ab4b2a09-5d94-4862-9b35-8bd80324fe49','what up','2025-04-22 01:02:32','738d8f37-ffe7-4cfb-8cd7-a4e04e956067','87313d49-8226-4c12-a791-13499f32ea71','2025-04-22 01:02:32','2025-04-22 01:02:32',NULL),('ab4e8e62-f6b9-49c3-9cdb-c6ef8eadbd72','w','2025-04-25 00:38:37','e9fc6a9a-8ddc-437a-90fb-a79574a9ee2b','701a84c7-3f62-4fac-b990-272b4b083ab7','2025-04-25 00:38:37','2025-04-25 00:38:37',NULL),('ab5a0924-612b-4ac7-b454-a7ec9da5b405','like','2025-04-22 11:17:56','47edef15-72e1-47e7-96e7-6caeb50bb34d','5a99fb3b-bcf2-48ca-95bd-c9ee7877f9e0','2025-04-22 11:17:56','2025-04-22 11:17:56',NULL),('ab6d3177-8449-4c66-b560-f83bb1ba21d2','th guoi vang di 1 nguoi','2025-04-18 06:39:27','30152bce-29cd-4c1e-a41e-f6698c18870e','c04851bc-5c8a-4f5d-9854-7ff14aab3700','2025-04-18 06:39:27','2025-04-18 06:39:27',NULL),('abc8e9fb-dc53-4575-8da5-3a435e2f3b0c','qq','2025-04-22 02:17:21','47edef15-72e1-47e7-96e7-6caeb50bb34d','042a83ae-00d5-47f5-87a7-16de10c53b15','2025-04-22 02:17:21','2025-04-22 02:17:21',NULL),('abc9472d-bb66-44d6-8d71-dbeef4b5de98','','2025-04-27 08:13:07','47edef15-72e1-47e7-96e7-6caeb50bb34d','b5e936ed-2cb6-46a5-aa55-f00644f4aec7','2025-04-27 08:13:07','2025-04-27 08:13:07','https://res.cloudinary.com/doxc6iqyk/image/upload/v1745766786/file_tdow3v.png'),('ac31cfad-b555-460b-92d7-9d928ceb6ece','hi chao cau','2025-04-17 11:02:12','47edef15-72e1-47e7-96e7-6caeb50bb34d','a741877b-a87a-46af-970d-a4befaf67df4','2025-04-17 11:02:12','2025-04-17 11:02:12',NULL),('ac320461-16e2-4638-808b-67d6961910be','','2025-04-27 00:54:02','47edef15-72e1-47e7-96e7-6caeb50bb34d','b5e936ed-2cb6-46a5-aa55-f00644f4aec7','2025-04-27 00:54:02','2025-04-27 00:54:02',NULL),('ac66aa1d-4865-4809-b237-982c3a4c68b2','like','2025-04-22 11:12:53','47edef15-72e1-47e7-96e7-6caeb50bb34d','8f62c8ce-6045-46cb-91a2-85975df60104','2025-04-22 11:12:53','2025-04-22 11:12:53',NULL),('ac6c3a02-c3e4-4e05-83c5-1996a9903791','dz day chu','2025-04-23 00:56:23','47edef15-72e1-47e7-96e7-6caeb50bb34d','8f62c8ce-6045-46cb-91a2-85975df60104','2025-04-23 00:56:23','2025-04-23 00:56:23',NULL),('acb97707-9a95-4f73-9c71-ed18d1102412','like','2025-04-24 09:48:17','47edef15-72e1-47e7-96e7-6caeb50bb34d','cde4cfde-5600-4bfb-9053-f0ce898fb1c5','2025-04-24 09:48:17','2025-04-24 09:48:17',NULL),('adc773d6-13e6-4b78-b389-5e8cd0156780','hi','2025-04-22 03:24:15','24e852f2-16ad-4b57-a8d6-0f186e8eda4d','e1158314-3584-4e28-b1cb-1345db279269','2025-04-22 03:24:15','2025-04-22 03:24:15',NULL),('add49b10-d972-4780-b707-a30288b1e4a5','','2025-04-27 01:09:26','47edef15-72e1-47e7-96e7-6caeb50bb34d','b5e936ed-2cb6-46a5-aa55-f00644f4aec7','2025-04-27 01:09:26','2025-04-27 01:09:26',NULL),('addcf602-34fa-44b2-9337-87736a744d69','chao ban','2025-04-18 04:49:27','30152bce-29cd-4c1e-a41e-f6698c18870e','c04851bc-5c8a-4f5d-9854-7ff14aab3700','2025-04-18 04:49:27','2025-04-18 04:49:27',NULL),('adeeeced-1b87-4986-80a4-2846459955aa','','2025-04-27 00:52:33','47edef15-72e1-47e7-96e7-6caeb50bb34d','b5e936ed-2cb6-46a5-aa55-f00644f4aec7','2025-04-27 00:52:33','2025-04-27 00:52:33','https://res.cloudinary.com/doxc6iqyk/image/upload/v1745740351/file_atow43.gif'),('adf35f8b-6b9b-42ae-b0cd-e15cec453ab8','like','2025-04-27 02:36:57','47edef15-72e1-47e7-96e7-6caeb50bb34d','b5e936ed-2cb6-46a5-aa55-f00644f4aec7','2025-04-27 02:36:57','2025-04-27 02:36:57',NULL),('adf86898-0be3-4b70-9660-425e35a53de6','like','2025-04-24 04:41:26','47edef15-72e1-47e7-96e7-6caeb50bb34d','8f62c8ce-6045-46cb-91a2-85975df60104','2025-04-24 04:41:26','2025-04-24 04:41:26',NULL),('ae0698d3-7d88-4567-8fd3-cf6a7b6609b0','q','2025-04-22 00:58:05','6c1d78ff-fb2c-427a-ab2f-3b3c305b3cdb','ff94896f-b764-4fbc-ac30-1f1f9ca17e84','2025-04-22 00:58:05','2025-04-22 00:58:05',NULL),('ae10cf2c-bd1c-4adb-99c1-f65f84292d30','q','2025-04-17 10:42:42','47edef15-72e1-47e7-96e7-6caeb50bb34d','707a9314-b70e-42f2-8a09-3224a249a847','2025-04-17 10:42:42','2025-04-17 10:42:42',NULL),('ae262fdf-c425-4d21-89f8-345b094e9e0a','d','2025-04-19 07:18:41','30152bce-29cd-4c1e-a41e-f6698c18870e','c04851bc-5c8a-4f5d-9854-7ff14aab3700','2025-04-19 07:18:41','2025-04-19 07:18:41',NULL),('aeafd35f-2fe4-457d-a2a8-236ecf517da9','like','2025-04-27 02:33:49','47edef15-72e1-47e7-96e7-6caeb50bb34d','b5e936ed-2cb6-46a5-aa55-f00644f4aec7','2025-04-27 02:33:49','2025-04-27 02:33:49',NULL),('aeb79fad-0782-4942-9ee8-8d0c1b22f7bb','oooo','2025-04-19 07:06:49','30152bce-29cd-4c1e-a41e-f6698c18870e','c04851bc-5c8a-4f5d-9854-7ff14aab3700','2025-04-19 07:06:49','2025-04-19 07:06:49',NULL),('aece1d15-c66e-44e4-bc4e-865b0499265e','whatup','2025-04-22 00:29:58','5600bb3d-d107-4239-9127-944bad94cdab','c3d96832-d79d-4747-a91f-c6dc9cb32423','2025-04-22 00:29:58','2025-04-22 00:29:58',NULL),('af1dc287-f148-42f7-8007-cebb131017c6','a','2025-04-19 07:11:22','30152bce-29cd-4c1e-a41e-f6698c18870e','c04851bc-5c8a-4f5d-9854-7ff14aab3700','2025-04-19 07:11:22','2025-04-19 07:11:22',NULL),('af2cb796-2e30-4ef7-946f-9f3e11b9ff32','','2025-04-27 01:29:05','47edef15-72e1-47e7-96e7-6caeb50bb34d','b5e936ed-2cb6-46a5-aa55-f00644f4aec7','2025-04-27 01:29:05','2025-04-27 01:29:05','https://res.cloudinary.com/doxc6iqyk/image/upload/v1745742543/file_tlwttk.png'),('af86d00d-191c-47b6-ae3a-962c72360dc2','aao vler ','2025-04-27 00:43:53','47edef15-72e1-47e7-96e7-6caeb50bb34d','b5e936ed-2cb6-46a5-aa55-f00644f4aec7','2025-04-27 00:43:53','2025-04-27 00:43:53','https://res.cloudinary.com/doxc6iqyk/image/upload/v1745739832/file_vpakl6.png'),('af875e4b-73c6-4936-b77f-768c4c6efd12','','2025-04-27 01:37:34','47edef15-72e1-47e7-96e7-6caeb50bb34d','b5e936ed-2cb6-46a5-aa55-f00644f4aec7','2025-04-27 01:37:34','2025-04-27 01:37:34','https://res.cloudinary.com/doxc6iqyk/image/upload/v1745743052/file_vcwvyr.png'),('af920ed5-85e2-4569-9b29-c739bdf7632f','o','2025-04-22 06:46:01','61e358f0-cf5a-4ac4-8d5b-a8307941bc93','aa3bbb56-6ca5-4ff4-b587-fef61bd43d88','2025-04-22 06:46:01','2025-04-22 06:46:01',NULL),('afabc1f5-aea1-44df-a504-f89b2e8e9b18','uw','2025-04-24 09:14:42','47edef15-72e1-47e7-96e7-6caeb50bb34d','db5c9758-2076-4779-a812-08b45b779430','2025-04-24 09:14:42','2025-04-24 09:14:42',NULL),('b0063528-f005-4d8d-b094-2bef70932ec8','w','2025-04-17 07:25:20','47edef15-72e1-47e7-96e7-6caeb50bb34d','9cedcea9-91a3-46fc-adf1-4ebbbd2d9b66','2025-04-17 07:25:20','2025-04-17 07:25:20',NULL),('b052b9cf-51dd-4cf4-9d4b-c2582407ee80','w','2025-04-23 04:46:59','47edef15-72e1-47e7-96e7-6caeb50bb34d','cde4cfde-5600-4bfb-9053-f0ce898fb1c5','2025-04-23 04:46:59','2025-04-23 04:46:59',NULL),('b062d84e-b236-4040-9641-f721d13991bd','q','2025-04-26 10:49:51','47edef15-72e1-47e7-96e7-6caeb50bb34d','b5e936ed-2cb6-46a5-aa55-f00644f4aec7','2025-04-26 10:49:51','2025-04-26 10:49:51',NULL),('b07ce7db-29d1-4349-a92e-6f44d8b8f42f','hilo','2025-04-18 06:10:20','30152bce-29cd-4c1e-a41e-f6698c18870e','c04851bc-5c8a-4f5d-9854-7ff14aab3700','2025-04-18 06:10:20','2025-04-18 06:10:20',NULL),('b0e61278-4c76-4d1d-8e5a-f74e02ca735b','chao cuc cut','2025-04-17 12:21:44','c0404ac4-6a94-480a-ae58-7bc68247ad84','dc1f85a6-56d3-48df-9018-665148f9ada4','2025-04-17 12:21:44','2025-04-17 12:21:44',NULL),('b104a00c-5176-45ad-824b-5a983eac869a','fg','2025-04-25 00:20:49','e9fc6a9a-8ddc-437a-90fb-a79574a9ee2b','c65865ab-78d2-49c6-b7fd-f73ca3367723','2025-04-25 00:20:49','2025-04-25 00:20:49',NULL),('b18dad1e-f134-44a1-8429-597134f640cc','q','2025-04-25 00:58:01','47edef15-72e1-47e7-96e7-6caeb50bb34d','c65865ab-78d2-49c6-b7fd-f73ca3367723','2025-04-25 00:58:01','2025-04-25 00:58:01',NULL),('b1a69846-a027-4952-8d87-54034f629d84','w','2025-04-16 08:11:30','47edef15-72e1-47e7-96e7-6caeb50bb34d','db5c9758-2076-4779-a812-08b45b779430','2025-04-16 08:11:30','2025-04-16 08:11:30',NULL),('b1b2621f-938c-4d20-b61a-8a6606d4849a','á à con lợn này ???','2025-04-23 01:11:35','47edef15-72e1-47e7-96e7-6caeb50bb34d','9cedcea9-91a3-46fc-adf1-4ebbbd2d9b66','2025-04-23 01:11:35','2025-04-23 01:11:35',NULL),('b21ed131-61ce-460c-80c9-53cd21bb0bb2','like','2025-04-22 11:11:49','47edef15-72e1-47e7-96e7-6caeb50bb34d','cde4cfde-5600-4bfb-9053-f0ce898fb1c5','2025-04-22 11:11:49','2025-04-22 11:11:49',NULL),('b2478787-85ae-4bca-9760-790f544b794a','45','2025-04-06 07:33:18','6c1d78ff-fb2c-427a-ab2f-3b3c305b3cdb','ff94896f-b764-4fbc-ac30-1f1f9ca17e84','2025-04-06 07:33:18','2025-04-06 07:33:18',NULL),('b2624fba-59df-401a-a1b6-ca69781268f9','ww','2025-04-25 00:43:26','47edef15-72e1-47e7-96e7-6caeb50bb34d','c65865ab-78d2-49c6-b7fd-f73ca3367723','2025-04-25 00:43:26','2025-04-25 00:43:26',NULL),('b2762b4d-1c2a-4e48-af7b-f681b47a92ab','what up','2025-04-24 04:50:40','47edef15-72e1-47e7-96e7-6caeb50bb34d','8f62c8ce-6045-46cb-91a2-85975df60104','2025-04-24 04:50:40','2025-04-24 04:50:40',NULL),('b2856030-2ea7-4099-9ea7-7af40a75e2b8','dm m luon','2025-04-24 11:04:26','47edef15-72e1-47e7-96e7-6caeb50bb34d','b5a51ee9-cd40-465f-ab8b-400791b6c4e4','2025-04-24 11:04:26','2025-04-24 11:04:26',NULL),('b2ecaea9-b281-4f21-94af-03666808c281','like','2025-04-22 11:14:17','47edef15-72e1-47e7-96e7-6caeb50bb34d','cde4cfde-5600-4bfb-9053-f0ce898fb1c5','2025-04-22 11:14:17','2025-04-22 11:14:17',NULL),('b3453f0f-9017-4dad-a7fe-901c3891e1a2','van di 1 nguoi','2025-04-18 06:21:16','30152bce-29cd-4c1e-a41e-f6698c18870e','c04851bc-5c8a-4f5d-9854-7ff14aab3700','2025-04-18 06:21:16','2025-04-18 06:21:16',NULL),('b360459f-7fc7-453a-9975-06c625ef2831','hi','2025-04-21 22:30:03','30152bce-29cd-4c1e-a41e-f6698c18870e','c04851bc-5c8a-4f5d-9854-7ff14aab3700','2025-04-21 22:30:03','2025-04-21 22:30:03',NULL),('b3723339-0dc9-4cb2-be59-e2d988f54368','me cay vai','2025-04-23 00:54:45','47edef15-72e1-47e7-96e7-6caeb50bb34d','9cedcea9-91a3-46fc-adf1-4ebbbd2d9b66','2025-04-23 00:54:45','2025-04-23 00:54:45',NULL),('b373c7e3-8f6a-4ca6-867c-428a60627f8b','nhin nha','2025-04-19 07:04:16','30152bce-29cd-4c1e-a41e-f6698c18870e','c04851bc-5c8a-4f5d-9854-7ff14aab3700','2025-04-19 07:04:16','2025-04-19 07:04:16',NULL),('b3af8155-2dc8-4050-85b5-e0109621e5a0','q','2025-04-22 11:35:37','47edef15-72e1-47e7-96e7-6caeb50bb34d','2dec3ffa-df55-4f1e-b8be-d994e5996dd5','2025-04-22 11:35:37','2025-04-22 11:35:37',NULL),('b3dc135a-a50d-4c87-8bff-01af09c82002','q','2025-04-25 03:17:18','47edef15-72e1-47e7-96e7-6caeb50bb34d','db5c9758-2076-4779-a812-08b45b779430','2025-04-25 03:17:18','2025-04-25 03:17:18',NULL),('b4323ca1-d737-47c0-a0b9-95ef98fab078','','2025-04-27 02:34:15','47edef15-72e1-47e7-96e7-6caeb50bb34d','b5e936ed-2cb6-46a5-aa55-f00644f4aec7','2025-04-27 02:34:15','2025-04-27 02:34:15','https://res.cloudinary.com/doxc6iqyk/image/upload/v1745746453/file_m7styv.png'),('b43ee503-24cc-4d56-b4be-4f9551e5d388','like','2025-04-25 03:07:54','47edef15-72e1-47e7-96e7-6caeb50bb34d','7626e9de-6388-4d01-95bc-eda2c584a1bb','2025-04-25 03:07:54','2025-04-25 03:07:54',NULL),('b44db120-19ac-4167-be95-9a57c4de7616','hi','2025-04-19 08:28:10','6c1d78ff-fb2c-427a-ab2f-3b3c305b3cdb','c04851bc-5c8a-4f5d-9854-7ff14aab3700','2025-04-19 08:28:10','2025-04-19 08:28:10',NULL),('b4d40086-52fd-434c-a865-bd89af46f11c','','2025-04-27 08:07:58','47edef15-72e1-47e7-96e7-6caeb50bb34d','b5e936ed-2cb6-46a5-aa55-f00644f4aec7','2025-04-27 08:07:58','2025-04-27 08:07:58','https://res.cloudinary.com/doxc6iqyk/image/upload/v1745766476/file_fh081h.jpg'),('b4eed6e1-ae5a-46e6-9c5f-ceec2a1e274b','et','2025-04-16 09:18:40','45e81b97-9739-4546-86bd-42d670e0f6e7','db5c9758-2076-4779-a812-08b45b779430','2025-04-16 09:18:40','2025-04-16 09:18:40',NULL),('b4f4c04a-d1a2-4c64-8d74-146eb707ba57','like','2025-04-22 11:03:13','47edef15-72e1-47e7-96e7-6caeb50bb34d','8f62c8ce-6045-46cb-91a2-85975df60104','2025-04-22 11:03:13','2025-04-22 11:03:13',NULL),('b510e741-eebf-4056-8e1c-2c6b824d22f6','qqq','2025-04-22 00:35:28','0eb1f79c-a7f6-436d-a159-a4dd53a5d631','20db73b0-3496-4a72-8886-6a5eb42fa244','2025-04-22 00:35:28','2025-04-22 00:35:28',NULL),('b511e8c4-2d55-4eb0-9434-4eaeb8834fbb','like','2025-04-22 11:05:09','47edef15-72e1-47e7-96e7-6caeb50bb34d','8f62c8ce-6045-46cb-91a2-85975df60104','2025-04-22 11:05:09','2025-04-22 11:05:09',NULL),('b535fe2e-abba-4f85-b73a-834f9b44cc71','','2025-04-26 11:22:42','47edef15-72e1-47e7-96e7-6caeb50bb34d','b5e936ed-2cb6-46a5-aa55-f00644f4aec7','2025-04-26 11:22:42','2025-04-26 11:22:42','https://res.cloudinary.com/doxc6iqyk/image/upload/v1745691760/file_soxcia.jpg'),('b5a4b2ff-692d-46fc-bcbd-044fc991c39f','ai choi','2025-04-06 07:53:55','abb76df5-7a69-4e26-9d9b-c27a5ad8ad00','ff94896f-b764-4fbc-ac30-1f1f9ca17e84','2025-04-06 07:53:55','2025-04-06 07:53:55',NULL),('b6237b17-79ca-43dc-942f-028d532ce16a','what up','2025-04-22 10:36:26','47edef15-72e1-47e7-96e7-6caeb50bb34d','e1158314-3584-4e28-b1cb-1345db279269','2025-04-22 10:36:26','2025-04-22 10:36:26',NULL),('b69fa9fb-079b-43ec-ba1f-9364777d58d0','ư','2025-04-24 09:14:43','47edef15-72e1-47e7-96e7-6caeb50bb34d','db5c9758-2076-4779-a812-08b45b779430','2025-04-24 09:14:43','2025-04-24 09:14:43',NULL),('b6d60930-312d-43d6-b07e-b39b52f87c49','like','2025-04-22 11:12:53','47edef15-72e1-47e7-96e7-6caeb50bb34d','8f62c8ce-6045-46cb-91a2-85975df60104','2025-04-22 11:12:53','2025-04-22 11:12:53',NULL),('b6f93595-cf99-497b-b753-d92745b9ebbe','like','2025-04-27 02:19:08','47edef15-72e1-47e7-96e7-6caeb50bb34d','b5e936ed-2cb6-46a5-aa55-f00644f4aec7','2025-04-27 02:19:08','2025-04-27 02:19:08',NULL),('b748cacb-4df0-43d1-b630-bcd5fa79b32a','w','2025-04-06 07:13:13','6c1d78ff-fb2c-427a-ab2f-3b3c305b3cdb','ff94896f-b764-4fbc-ac30-1f1f9ca17e84','2025-04-06 07:13:13','2025-04-06 07:13:13',NULL),('b7513fcb-9fd1-4ba4-adfb-82c6bdc4078b','','2025-04-27 08:15:38','47edef15-72e1-47e7-96e7-6caeb50bb34d','b5e936ed-2cb6-46a5-aa55-f00644f4aec7','2025-04-27 08:15:38','2025-04-27 08:15:38','https://res.cloudinary.com/doxc6iqyk/image/upload/v1745766937/file_hwbckn.jpg'),('b751f7c4-36af-4292-bd60-6f9e54a35533','www','2025-04-22 11:15:12','47edef15-72e1-47e7-96e7-6caeb50bb34d','cde4cfde-5600-4bfb-9053-f0ce898fb1c5','2025-04-22 11:15:12','2025-04-22 11:15:12',NULL),('b7557ff7-5354-4942-ad2d-b2e1a05e2df4','cuc cut','2025-04-18 04:43:36','6c1d78ff-fb2c-427a-ab2f-3b3c305b3cdb','c04851bc-5c8a-4f5d-9854-7ff14aab3700','2025-04-18 04:43:36','2025-04-18 04:43:36',NULL),('b7a534df-4ff6-4432-9bda-464cb19f06b7','hi','2025-04-22 01:13:38','a9279995-f350-48e5-b54d-c8cf069bbcd2','2c998f0d-3366-4e45-861e-768e66c69caa','2025-04-22 01:13:38','2025-04-22 01:13:38',NULL),('b8117835-c7df-4c76-8e8f-a2d5be27e65d','e','2025-04-19 07:08:18','30152bce-29cd-4c1e-a41e-f6698c18870e','c04851bc-5c8a-4f5d-9854-7ff14aab3700','2025-04-19 07:08:18','2025-04-19 07:08:18',NULL),('b83a1920-55d3-4ddf-bb06-673db9b32159','qq','2025-04-18 04:43:28','6c1d78ff-fb2c-427a-ab2f-3b3c305b3cdb','c04851bc-5c8a-4f5d-9854-7ff14aab3700','2025-04-18 04:43:28','2025-04-18 04:43:28',NULL),('b9abf53a-5986-4384-928d-970206facdbd','3','2025-04-27 02:57:42','47edef15-72e1-47e7-96e7-6caeb50bb34d','c65865ab-78d2-49c6-b7fd-f73ca3367723','2025-04-27 02:57:42','2025-04-27 02:57:42',NULL),('b9cb036e-9558-4424-b4fe-c92356d7d049','www','2025-04-16 09:25:20','47edef15-72e1-47e7-96e7-6caeb50bb34d','db5c9758-2076-4779-a812-08b45b779430','2025-04-16 09:25:20','2025-04-16 09:25:20',NULL),('b9e2e70e-e144-4f8d-80e9-b4be102a369c','','2025-04-27 02:25:57','47edef15-72e1-47e7-96e7-6caeb50bb34d','b5e936ed-2cb6-46a5-aa55-f00644f4aec7','2025-04-27 02:25:57','2025-04-27 02:25:57','https://res.cloudinary.com/doxc6iqyk/image/upload/v1745745956/file_initti.png'),('ba278680-4617-46b5-b2c5-f762a4efaadf','whatip bro','2025-04-17 11:35:46','47edef15-72e1-47e7-96e7-6caeb50bb34d','16e7738a-1bb7-458c-9ac3-b75bd19dd194','2025-04-17 11:35:46','2025-04-17 11:35:46',NULL),('ba6be9f1-a573-4659-af1b-fa4e49880375','s','2025-04-17 07:25:47','47edef15-72e1-47e7-96e7-6caeb50bb34d','9cedcea9-91a3-46fc-adf1-4ebbbd2d9b66','2025-04-17 07:25:47','2025-04-17 07:25:47',NULL),('ba75dcf5-6a43-4a80-9fa0-0ad9eae598d1','ohh','2025-04-22 03:23:47','47edef15-72e1-47e7-96e7-6caeb50bb34d','e1158314-3584-4e28-b1cb-1345db279269','2025-04-22 03:23:47','2025-04-22 03:23:47',NULL),('babcc6bd-0f77-49a7-8d9b-aadaf82242fe','ww4','2025-04-06 07:13:02','6c1d78ff-fb2c-427a-ab2f-3b3c305b3cdb','ff94896f-b764-4fbc-ac30-1f1f9ca17e84','2025-04-06 07:13:02','2025-04-06 07:13:02',NULL),('bac9ffbf-8352-4483-b632-0fe147166014','w','2025-04-23 00:04:19','47edef15-72e1-47e7-96e7-6caeb50bb34d','e1158314-3584-4e28-b1cb-1345db279269','2025-04-23 00:04:19','2025-04-23 00:04:19',NULL),('baca415a-e76f-4f67-8c2d-70f39e42af18','w','2025-04-22 11:07:42','47edef15-72e1-47e7-96e7-6caeb50bb34d','cde4cfde-5600-4bfb-9053-f0ce898fb1c5','2025-04-22 11:07:42','2025-04-22 11:07:42',NULL),('baffdbb6-093f-4346-80c3-b43bfbf3d657','ok do','2025-04-22 02:31:40','47edef15-72e1-47e7-96e7-6caeb50bb34d','20f9d7db-c81f-4a2a-95f1-25187ca8b777','2025-04-22 02:31:40','2025-04-22 02:31:40',NULL),('bb33df94-5b4a-4702-9d13-c610c87d5e0a','uw','2025-04-24 09:14:42','47edef15-72e1-47e7-96e7-6caeb50bb34d','db5c9758-2076-4779-a812-08b45b779430','2025-04-24 09:14:42','2025-04-24 09:14:42',NULL),('bbb39c4a-1a5f-445d-ad14-d87cb21b9636','w','2025-04-23 00:54:32','47edef15-72e1-47e7-96e7-6caeb50bb34d','9cedcea9-91a3-46fc-adf1-4ebbbd2d9b66','2025-04-23 00:54:32','2025-04-23 00:54:32',NULL),('bc458c25-f80b-4da4-9b3c-e94a13468ac5','like','2025-04-22 11:12:13','47edef15-72e1-47e7-96e7-6caeb50bb34d','8f62c8ce-6045-46cb-91a2-85975df60104','2025-04-22 11:12:13','2025-04-22 11:12:13',NULL),('bc986741-7e8a-497c-b7da-dc4429ddf89c','s','2025-04-17 08:01:56','47edef15-72e1-47e7-96e7-6caeb50bb34d','4f5f75dd-8b64-4884-84ce-d6660d444da8','2025-04-17 08:01:56','2025-04-17 08:01:56',NULL),('bd55eb17-c7da-48e1-8898-8fbb0cb78544','a','2025-04-17 08:45:44','47edef15-72e1-47e7-96e7-6caeb50bb34d','3f8a6f0e-a297-46d6-a5f0-4fa86f924fa5','2025-04-17 08:45:44','2025-04-17 08:45:44',NULL),('bd6061ee-7190-4189-b032-5580db4fbeca','ww','2025-04-06 07:12:58','6c1d78ff-fb2c-427a-ab2f-3b3c305b3cdb','ff94896f-b764-4fbc-ac30-1f1f9ca17e84','2025-04-06 07:12:58','2025-04-06 07:12:58',NULL),('bd6eda3b-6519-4e71-8ec1-be16598ff939','qwhat u','2025-04-17 11:01:41','47edef15-72e1-47e7-96e7-6caeb50bb34d','042db665-610d-47a0-bf2f-17afa6728f3a','2025-04-17 11:01:41','2025-04-17 11:01:41',NULL),('bdb43014-7441-4f32-bcdf-f36d6c6bd192','ww','2025-04-22 11:15:01','47edef15-72e1-47e7-96e7-6caeb50bb34d','cde4cfde-5600-4bfb-9053-f0ce898fb1c5','2025-04-22 11:15:01','2025-04-22 11:15:01',NULL),('be2d4863-df3c-482d-9b72-c2ee0175778d','3','2025-04-22 10:30:40','47edef15-72e1-47e7-96e7-6caeb50bb34d','8f62c8ce-6045-46cb-91a2-85975df60104','2025-04-22 10:30:40','2025-04-22 10:30:40',NULL),('bec82a7b-6cdd-4671-a1d3-86adcbc96cff','s','2025-04-17 07:32:59','47edef15-72e1-47e7-96e7-6caeb50bb34d','3f8a6f0e-a297-46d6-a5f0-4fa86f924fa5','2025-04-17 07:32:59','2025-04-17 07:32:59',NULL),('bed517a2-571d-4f7a-92cb-30f283829583','wdwd','2025-04-17 04:49:46','45e81b97-9739-4546-86bd-42d670e0f6e7','db5c9758-2076-4779-a812-08b45b779430','2025-04-17 04:49:46','2025-04-17 04:49:46',NULL),('bee0d74e-1fe1-4b6d-b60e-4928f5c78a15','w','2025-04-23 00:55:24','47edef15-72e1-47e7-96e7-6caeb50bb34d','9cedcea9-91a3-46fc-adf1-4ebbbd2d9b66','2025-04-23 00:55:24','2025-04-23 00:55:24',NULL),('bf2ebb54-afac-4e2d-8ec8-48ab85c15b9a','hi ban','2025-04-18 06:10:35','30152bce-29cd-4c1e-a41e-f6698c18870e','c04851bc-5c8a-4f5d-9854-7ff14aab3700','2025-04-18 06:10:35','2025-04-18 06:10:35',NULL),('bf30d142-6f7a-43be-8d16-c7962e8666f8','like','2025-04-24 08:12:21','47edef15-72e1-47e7-96e7-6caeb50bb34d','182d789f-5ccd-4cf9-a681-9a7d3f1a26bf','2025-04-24 08:12:21','2025-04-24 08:12:21',NULL),('bf856970-fdb9-4ab9-ae66-43e38c86d10b','uy tín ngay','2025-04-25 01:50:35','ee0723f2-4a9d-46cb-ab23-ff49b907f17b','b5e936ed-2cb6-46a5-aa55-f00644f4aec7','2025-04-25 01:50:35','2025-04-25 01:50:35',NULL),('bfb3b33f-c9d5-49fc-a476-6496e78fc7d3','ss','2025-04-16 09:18:33','47edef15-72e1-47e7-96e7-6caeb50bb34d','db5c9758-2076-4779-a812-08b45b779430','2025-04-16 09:18:33','2025-04-16 09:18:33',NULL),('bfd6d321-bcee-4610-98be-f7f976e4e120','what up','2025-04-22 11:18:42','47edef15-72e1-47e7-96e7-6caeb50bb34d','5a99fb3b-bcf2-48ca-95bd-c9ee7877f9e0','2025-04-22 11:18:42','2025-04-22 11:18:42',NULL),('c02e6a50-ac0d-46f7-9898-5635cc6638b3','w','2025-04-17 07:25:59','47edef15-72e1-47e7-96e7-6caeb50bb34d','3f8a6f0e-a297-46d6-a5f0-4fa86f924fa5','2025-04-17 07:25:59','2025-04-17 07:25:59',NULL),('c03d159d-faa4-48c8-b1e8-33656f13879a','a','2025-04-19 07:08:30','30152bce-29cd-4c1e-a41e-f6698c18870e','c04851bc-5c8a-4f5d-9854-7ff14aab3700','2025-04-19 07:08:30','2025-04-19 07:08:30',NULL),('c108a14b-74b0-42dc-b46f-525974841059','like','2025-04-27 02:33:50','47edef15-72e1-47e7-96e7-6caeb50bb34d','b5e936ed-2cb6-46a5-aa55-f00644f4aec7','2025-04-27 02:33:50','2025-04-27 02:33:50',NULL),('c19e4409-b0e0-40df-aef3-252ca66b93f0','hi','2025-04-17 10:35:47','47edef15-72e1-47e7-96e7-6caeb50bb34d','93da11f1-557e-40b8-b8e9-d4d003ab78c3','2025-04-17 10:35:47','2025-04-17 10:35:47',NULL),('c218c4d4-6c25-4871-8a3d-9ea2ab5cfd97','q','2025-04-25 01:07:42','47edef15-72e1-47e7-96e7-6caeb50bb34d','c65865ab-78d2-49c6-b7fd-f73ca3367723','2025-04-25 01:07:42','2025-04-25 01:07:42',NULL),('c2cb90a2-5da1-41eb-aa59-873c3d45e30c','cuoc doi da noi','2025-04-17 08:50:56','47edef15-72e1-47e7-96e7-6caeb50bb34d','3f8a6f0e-a297-46d6-a5f0-4fa86f924fa5','2025-04-17 08:50:56','2025-04-17 08:50:56',NULL),('c2d2d41f-215c-414c-a26c-0c27054357a4','w','2025-04-17 12:04:46','47edef15-72e1-47e7-96e7-6caeb50bb34d','2dec3ffa-df55-4f1e-b8be-d994e5996dd5','2025-04-17 12:04:46','2025-04-17 12:04:46',NULL),('c3495d29-efc5-4134-972d-e47cd9f534cb','w','2025-04-17 10:41:38','47edef15-72e1-47e7-96e7-6caeb50bb34d','81a9e481-d18c-4abb-8b5f-2c0b020c159f','2025-04-17 10:41:38','2025-04-17 10:41:38',NULL),('c3601047-33fc-4de1-815f-4f86d66f3ac0','w','2025-04-06 07:34:40','6c1d78ff-fb2c-427a-ab2f-3b3c305b3cdb','ff94896f-b764-4fbc-ac30-1f1f9ca17e84','2025-04-06 07:34:40','2025-04-06 07:34:40',NULL),('c38787e2-5e55-4ebb-b819-21ae6380198f','qq','2025-04-27 02:06:27','47edef15-72e1-47e7-96e7-6caeb50bb34d','b5e936ed-2cb6-46a5-aa55-f00644f4aec7','2025-04-27 02:06:27','2025-04-27 02:06:27',NULL),('c3b0e23e-acb6-47a7-83ab-1e71dfd445c2','q','2025-04-24 04:50:49','47edef15-72e1-47e7-96e7-6caeb50bb34d','8f62c8ce-6045-46cb-91a2-85975df60104','2025-04-24 04:50:49','2025-04-24 04:50:49',NULL),('c3e286cf-cf45-4784-b969-49832c992649','','2025-04-26 23:40:27','47edef15-72e1-47e7-96e7-6caeb50bb34d','b5e936ed-2cb6-46a5-aa55-f00644f4aec7','2025-04-26 23:40:27','2025-04-26 23:40:27','https://res.cloudinary.com/doxc6iqyk/image/upload/v1745736026/file_tuqa49.jpg'),('c3f33371-2dd5-4b5d-812c-ce1073a9cbc5','ssss','2025-04-17 07:16:57','47edef15-72e1-47e7-96e7-6caeb50bb34d','3f8a6f0e-a297-46d6-a5f0-4fa86f924fa5','2025-04-17 07:16:57','2025-04-17 07:16:57',NULL),('c4167d0e-dddd-4257-8d10-0c5edcf32e21','cc','2025-04-25 00:19:14','e9fc6a9a-8ddc-437a-90fb-a79574a9ee2b','3873db4e-0256-4791-acb0-9f52539d95ee','2025-04-25 00:19:14','2025-04-25 00:19:14',NULL),('c44f0d12-11e0-4a6e-9127-a9b996ae6cb9','ww','2025-04-06 07:33:14','abb76df5-7a69-4e26-9d9b-c27a5ad8ad00','ff94896f-b764-4fbc-ac30-1f1f9ca17e84','2025-04-06 07:33:14','2025-04-06 07:33:14',NULL),('c45343ac-7218-410e-9777-bae15b51a72f','sao vay ha','2025-04-22 09:13:23','47edef15-72e1-47e7-96e7-6caeb50bb34d','8f62c8ce-6045-46cb-91a2-85975df60104','2025-04-22 09:13:23','2025-04-22 09:13:23',NULL),('c4bcef0a-3969-45fb-9a62-0f235fd93ab5','animaton luôn','2025-04-25 01:50:32','ee0723f2-4a9d-46cb-ab23-ff49b907f17b','b5e936ed-2cb6-46a5-aa55-f00644f4aec7','2025-04-25 01:50:32','2025-04-25 01:50:32',NULL),('c4ca8aee-dc94-4eb5-86ab-a410fa79c517','koko','2025-04-22 06:46:08','61e358f0-cf5a-4ac4-8d5b-a8307941bc93','aa3bbb56-6ca5-4ff4-b587-fef61bd43d88','2025-04-22 06:46:08','2025-04-22 06:46:08',NULL),('c4e17873-d9fa-4f28-beb0-66090b9786f7','w','2025-04-23 00:55:24','47edef15-72e1-47e7-96e7-6caeb50bb34d','9cedcea9-91a3-46fc-adf1-4ebbbd2d9b66','2025-04-23 00:55:24','2025-04-23 00:55:24',NULL),('c4f483fb-ff80-42e9-abd6-ffcde98b5a11','like','2025-04-24 04:41:19','47edef15-72e1-47e7-96e7-6caeb50bb34d','8f62c8ce-6045-46cb-91a2-85975df60104','2025-04-24 04:41:19','2025-04-24 04:41:19',NULL),('c5554d0d-61c7-4f93-bad2-d9296375c2ad','w','2025-04-17 04:42:06','45e81b97-9739-4546-86bd-42d670e0f6e7','db5c9758-2076-4779-a812-08b45b779430','2025-04-17 04:42:06','2025-04-17 04:42:06',NULL),('c5af2980-22ec-428a-9b91-8a7d2089a3d6','qqq','2025-04-25 01:42:04','47edef15-72e1-47e7-96e7-6caeb50bb34d','7626e9de-6388-4d01-95bc-eda2c584a1bb','2025-04-25 01:42:04','2025-04-25 01:42:04',NULL),('c5e151d7-20fc-43b1-942c-b5595bc89899','ư','2025-04-24 09:14:43','47edef15-72e1-47e7-96e7-6caeb50bb34d','db5c9758-2076-4779-a812-08b45b779430','2025-04-24 09:14:43','2025-04-24 09:14:43',NULL),('c64254f9-c34f-4c90-bb1c-b4b364333dd1','cay','2025-04-25 01:02:35','47edef15-72e1-47e7-96e7-6caeb50bb34d','c65865ab-78d2-49c6-b7fd-f73ca3367723','2025-04-25 01:02:35','2025-04-25 01:02:35',NULL),('c68e672c-983f-4ef6-9a31-6f33495f331e','q','2025-04-22 00:56:11','6c1d78ff-fb2c-427a-ab2f-3b3c305b3cdb','ff94896f-b764-4fbc-ac30-1f1f9ca17e84','2025-04-22 00:56:11','2025-04-22 00:56:11',NULL),('c75eb644-510e-493b-82c6-263c8af9994e','','2025-04-27 01:09:06','47edef15-72e1-47e7-96e7-6caeb50bb34d','b5e936ed-2cb6-46a5-aa55-f00644f4aec7','2025-04-27 01:09:06','2025-04-27 01:09:06','https://res.cloudinary.com/doxc6iqyk/image/upload/v1745741345/file_mwzs1x.jpg'),('c797f17f-42f4-4d99-871a-33c35d553440','test 8','2025-04-24 11:10:20','47edef15-72e1-47e7-96e7-6caeb50bb34d','dc091a04-6c70-4b08-9160-0b7dd30f7304','2025-04-24 11:10:20','2025-04-24 11:10:20',NULL),('c7ba9d52-66d8-42c0-9e0a-32a2083dbe41','ss','2025-04-06 07:20:21','6c1d78ff-fb2c-427a-ab2f-3b3c305b3cdb','ff94896f-b764-4fbc-ac30-1f1f9ca17e84','2025-04-06 07:20:21','2025-04-06 07:20:21',NULL),('c80626f8-caee-4bda-ab6e-7933a21e7770','dm lum','2025-04-25 03:14:51','47edef15-72e1-47e7-96e7-6caeb50bb34d','9cedcea9-91a3-46fc-adf1-4ebbbd2d9b66','2025-04-25 03:14:51','2025-04-25 03:14:51',NULL),('c83b68b9-9d34-48b1-b38f-d5dfe4f63c69','dd','2025-04-25 01:50:07','47edef15-72e1-47e7-96e7-6caeb50bb34d','b5e936ed-2cb6-46a5-aa55-f00644f4aec7','2025-04-25 01:50:07','2025-04-25 01:50:07',NULL),('c85a3e19-6d58-49e3-b43d-14cc8e297cbf','               cmmmmmmmmmmmmmmmmmmmmmmmmmmmmmmmmmmmmmmmmmmmmmmmmmmmmmmmmmmmmmmmmmmmmmmmmmmmmmmmmmmdddddddddddddddddddddddddddddddddddddddddddddddddddddddd','2025-04-07 02:18:16','6c1d78ff-fb2c-427a-ab2f-3b3c305b3cdb','ff94896f-b764-4fbc-ac30-1f1f9ca17e84','2025-04-07 02:18:16','2025-04-07 02:18:16',NULL),('c8851ca0-57a7-49a5-8734-ccce3fca42ca','cay v;;','2025-04-25 01:44:25','47edef15-72e1-47e7-96e7-6caeb50bb34d','c65865ab-78d2-49c6-b7fd-f73ca3367723','2025-04-25 01:44:25','2025-04-25 01:44:25',NULL),('c8882268-6415-4add-bc4d-e577d385335f','day ne van nhan tin nhan :\"v','2025-04-19 07:04:27','30152bce-29cd-4c1e-a41e-f6698c18870e','c04851bc-5c8a-4f5d-9854-7ff14aab3700','2025-04-19 07:04:27','2025-04-19 07:04:27',NULL),('c8b0e408-93dc-4f1c-ac67-472f67763fee','vl nhạp tận 3 cái :v','2025-04-25 01:46:05','47edef15-72e1-47e7-96e7-6caeb50bb34d','364eec81-6de1-445f-bbcb-75783d6bfffe','2025-04-25 01:46:05','2025-04-25 01:46:05',NULL),('c8c19dc1-ac56-472f-a4f5-d417d3f5dd11','q','2025-04-25 01:29:15','47edef15-72e1-47e7-96e7-6caeb50bb34d','c65865ab-78d2-49c6-b7fd-f73ca3367723','2025-04-25 01:29:15','2025-04-25 01:29:15',NULL),('c9636db3-f86f-4a70-8705-8ba7e190a493','asd','2025-04-18 06:18:57','6c1d78ff-fb2c-427a-ab2f-3b3c305b3cdb','9cedcea9-91a3-46fc-adf1-4ebbbd2d9b66','2025-04-18 06:18:57','2025-04-18 06:18:57',NULL),('c96f5d25-cbc0-4122-8f55-1fa5142a6e10','whi','2025-04-22 11:14:14','47edef15-72e1-47e7-96e7-6caeb50bb34d','cde4cfde-5600-4bfb-9053-f0ce898fb1c5','2025-04-22 11:14:14','2025-04-22 11:14:14',NULL),('c97afb83-1a18-4976-9f40-aa7487b942ea','w','2025-04-27 01:45:03','ee0723f2-4a9d-46cb-ab23-ff49b907f17b','b5e936ed-2cb6-46a5-aa55-f00644f4aec7','2025-04-27 01:45:03','2025-04-27 01:45:03',NULL),('c97e95f0-78db-434e-bffb-b7f3d2fd40bb','f','2025-04-19 07:07:24','30152bce-29cd-4c1e-a41e-f6698c18870e','c04851bc-5c8a-4f5d-9854-7ff14aab3700','2025-04-19 07:07:24','2025-04-19 07:07:24',NULL),('c9d346a6-9e1b-4025-97ab-7cf37ba97a0c','dm','2025-04-27 01:45:17','47edef15-72e1-47e7-96e7-6caeb50bb34d','b5e936ed-2cb6-46a5-aa55-f00644f4aec7','2025-04-27 01:45:17','2025-04-27 01:45:17',NULL),('c9e91151-68d2-416f-bbaf-44ff343a3124','toan nang','2025-04-22 07:00:25','61e358f0-cf5a-4ac4-8d5b-a8307941bc93','aa3bbb56-6ca5-4ff4-b587-fef61bd43d88','2025-04-22 07:00:25','2025-04-22 07:00:25',NULL),('ca0f86ab-7d04-4d4e-bb48-83d835c79386','cay vl','2025-04-24 11:19:35','47edef15-72e1-47e7-96e7-6caeb50bb34d','7626e9de-6388-4d01-95bc-eda2c584a1bb','2025-04-24 11:19:35','2025-04-24 11:19:35',NULL),('ca5e37a5-f604-4dd2-94e5-9aac824fcc06','www','2025-04-23 00:54:31','47edef15-72e1-47e7-96e7-6caeb50bb34d','9cedcea9-91a3-46fc-adf1-4ebbbd2d9b66','2025-04-23 00:54:31','2025-04-23 00:54:31',NULL),('cb05f55c-4147-4758-aa99-a1814737e82f','ra vậy','2025-04-24 02:17:30','47edef15-72e1-47e7-96e7-6caeb50bb34d','8f62c8ce-6045-46cb-91a2-85975df60104','2025-04-24 02:17:30','2025-04-24 02:17:30',NULL),('cb084d7c-da8f-4303-9f65-e7ef66004585','sss','2025-04-18 06:20:06','30152bce-29cd-4c1e-a41e-f6698c18870e','c04851bc-5c8a-4f5d-9854-7ff14aab3700','2025-04-18 06:20:06','2025-04-18 06:20:06',NULL),('cb81a625-0bf1-40ba-9beb-fb060e832a40','hello ban nha','2025-04-22 02:24:47','69e4aca8-9f57-495e-b648-b48b0463b7af','48e6527a-1ca1-40bf-8e2c-3cef2399e08a','2025-04-22 02:24:47','2025-04-22 02:24:47',NULL),('cba04c7d-92e7-4279-baf7-ce3493940232','ssf','2025-04-27 01:38:32','ee0723f2-4a9d-46cb-ab23-ff49b907f17b','b5e936ed-2cb6-46a5-aa55-f00644f4aec7','2025-04-27 01:38:32','2025-04-27 01:38:32',NULL),('cbcf7b65-58ac-427a-8ecc-c10c8575fa04','like','2025-04-23 00:04:55','47edef15-72e1-47e7-96e7-6caeb50bb34d','e1158314-3584-4e28-b1cb-1345db279269','2025-04-23 00:04:55','2025-04-23 00:04:55',NULL),('cc2c644b-0289-4e79-af15-1f71471314e9','ẻ','2025-04-16 09:38:14','47edef15-72e1-47e7-96e7-6caeb50bb34d','db5c9758-2076-4779-a812-08b45b779430','2025-04-16 09:38:14','2025-04-16 09:38:14',NULL),('cc2fd300-8b6e-43f0-8d06-ef328ce9ae31','','2025-04-27 07:56:39','47edef15-72e1-47e7-96e7-6caeb50bb34d','e83e1312-b563-40f6-8010-bfbac996af49','2025-04-27 07:56:39','2025-04-27 07:56:39',NULL),('ccbd5a5c-c1cb-4cdc-a56d-7953c30de543','dm','2025-04-23 23:43:13','47edef15-72e1-47e7-96e7-6caeb50bb34d','9cedcea9-91a3-46fc-adf1-4ebbbd2d9b66','2025-04-23 23:43:13','2025-04-23 23:43:13',NULL),('ccd6260b-37c2-4076-be18-c74c42f7ae31','ao vl','2025-04-27 07:30:38','47edef15-72e1-47e7-96e7-6caeb50bb34d','e83e1312-b563-40f6-8010-bfbac996af49','2025-04-27 07:30:38','2025-04-27 07:30:38','https://res.cloudinary.com/doxc6iqyk/image/upload/v1745764236/file_od3cgq.jpg'),('cd1a3028-e5d8-47c1-ad8f-28103080973b','like','2025-04-24 08:11:59','47edef15-72e1-47e7-96e7-6caeb50bb34d','e1158314-3584-4e28-b1cb-1345db279269','2025-04-24 08:11:59','2025-04-24 08:11:59',NULL),('cd9a4f7c-e59d-4af4-a2ec-a02818be02a5','wwwd','2025-04-16 09:25:23','45e81b97-9739-4546-86bd-42d670e0f6e7','db5c9758-2076-4779-a812-08b45b779430','2025-04-16 09:25:23','2025-04-16 09:25:23',NULL),('cd9cd98b-a709-4871-944f-438c6b36e7e7','hihi','2025-04-23 04:47:01','47edef15-72e1-47e7-96e7-6caeb50bb34d','cde4cfde-5600-4bfb-9053-f0ce898fb1c5','2025-04-23 04:47:01','2025-04-23 04:47:01',NULL),('cda44f99-6684-44d2-addb-4f45cc7b641e','s','2025-04-17 04:21:58','45e81b97-9739-4546-86bd-42d670e0f6e7','db5c9758-2076-4779-a812-08b45b779430','2025-04-17 04:21:58','2025-04-17 04:21:58',NULL),('cdf14626-e393-4b77-bf3b-0347fc92fe39','hcoa bajn','2025-04-17 11:04:50','47edef15-72e1-47e7-96e7-6caeb50bb34d','e95af950-b40e-4071-bc81-283b0af6699e','2025-04-17 11:04:50','2025-04-17 11:04:50',NULL),('ce2da3bb-977b-48c7-8be4-69c477812dfc','dmlin','2025-04-25 00:00:38','47edef15-72e1-47e7-96e7-6caeb50bb34d','7626e9de-6388-4d01-95bc-eda2c584a1bb','2025-04-25 00:00:38','2025-04-25 00:00:38',NULL),('ce46c5c2-d365-49e5-9581-aa95f7c5cd32','w','2025-04-16 09:43:36','47edef15-72e1-47e7-96e7-6caeb50bb34d','db5c9758-2076-4779-a812-08b45b779430','2025-04-16 09:43:36','2025-04-16 09:43:36',NULL),('ce5e0a8a-8c55-4510-ba80-fb32f785f751','binh thuong ok','2025-04-19 08:29:42','6c1d78ff-fb2c-427a-ab2f-3b3c305b3cdb','c04851bc-5c8a-4f5d-9854-7ff14aab3700','2025-04-19 08:29:42','2025-04-19 08:29:42',NULL),('ceb9fc5d-9526-4985-a3b6-bdab719930d9','like','2025-04-24 09:34:49','47edef15-72e1-47e7-96e7-6caeb50bb34d','8f62c8ce-6045-46cb-91a2-85975df60104','2025-04-24 09:34:49','2025-04-24 09:34:49',NULL),('cedba2a7-9bee-4f68-8f99-31e5bb763230','like','2025-04-22 11:07:49','47edef15-72e1-47e7-96e7-6caeb50bb34d','cde4cfde-5600-4bfb-9053-f0ce898fb1c5','2025-04-22 11:07:49','2025-04-22 11:07:49',NULL),('cf43cebd-9933-4f42-9151-9762c4242642','1','2025-04-24 07:09:58','47edef15-72e1-47e7-96e7-6caeb50bb34d','db5c9758-2076-4779-a812-08b45b779430','2025-04-24 07:09:58','2025-04-24 07:09:58',NULL),('cfc987dc-2337-487a-abea-2e2e96ac8e68','like','2025-04-22 11:12:56','47edef15-72e1-47e7-96e7-6caeb50bb34d','8f62c8ce-6045-46cb-91a2-85975df60104','2025-04-22 11:12:56','2025-04-22 11:12:56',NULL),('cfe2f108-9282-4320-a2bd-4f20cd97df36','','2025-04-27 01:04:34','47edef15-72e1-47e7-96e7-6caeb50bb34d','b5e936ed-2cb6-46a5-aa55-f00644f4aec7','2025-04-27 01:04:34','2025-04-27 01:04:34','https://res.cloudinary.com/doxc6iqyk/image/upload/v1745741073/file_m355tu.png'),('d05e3487-a10c-42eb-8021-c6c88da4fd8d','e','2025-04-19 07:08:13','30152bce-29cd-4c1e-a41e-f6698c18870e','c04851bc-5c8a-4f5d-9854-7ff14aab3700','2025-04-19 07:08:13','2025-04-19 07:08:13',NULL),('d07dc943-bd61-4912-a324-07117cb3f581','whatup bro','2025-04-06 09:03:47','abb76df5-7a69-4e26-9d9b-c27a5ad8ad00','ff94896f-b764-4fbc-ac30-1f1f9ca17e84','2025-04-06 09:03:47','2025-04-06 09:03:47',NULL),('d0908af7-d1c2-4d48-b06a-378c446805aa','like','2025-04-24 04:32:01','47edef15-72e1-47e7-96e7-6caeb50bb34d','cde4cfde-5600-4bfb-9053-f0ce898fb1c5','2025-04-24 04:32:01','2025-04-24 04:32:01',NULL),('d0a4c3e3-5b2d-494e-8b45-158138dab010','whatup','2025-04-22 10:32:53','47edef15-72e1-47e7-96e7-6caeb50bb34d','8f62c8ce-6045-46cb-91a2-85975df60104','2025-04-22 10:32:53','2025-04-22 10:32:53',NULL),('d0f85c47-f03b-4fb2-8080-6b7718c8f904','duoc','2025-04-06 07:53:37','6c1d78ff-fb2c-427a-ab2f-3b3c305b3cdb','ff94896f-b764-4fbc-ac30-1f1f9ca17e84','2025-04-06 07:53:37','2025-04-06 07:53:37',NULL),('d104f54a-e5af-4261-b8a7-dad2f56daecb','dm','2025-04-24 00:21:37','47edef15-72e1-47e7-96e7-6caeb50bb34d','cde4cfde-5600-4bfb-9053-f0ce898fb1c5','2025-04-24 00:21:37','2025-04-24 00:21:37',NULL),('d12a8237-2e3a-4e22-b725-5c9131efac43','ss','2025-04-06 06:58:23','6c1d78ff-fb2c-427a-ab2f-3b3c305b3cdb','ff94896f-b764-4fbc-ac30-1f1f9ca17e84','2025-04-06 06:58:23','2025-04-06 06:58:23',NULL),('d1312c45-1525-44e2-a663-7758d6140c8f','w','2025-04-17 04:42:13','47edef15-72e1-47e7-96e7-6caeb50bb34d','db5c9758-2076-4779-a812-08b45b779430','2025-04-17 04:42:13','2025-04-17 04:42:13',NULL),('d14b8386-e5f0-421f-b793-82d5e133699f','like','2025-04-22 11:14:30','47edef15-72e1-47e7-96e7-6caeb50bb34d','cde4cfde-5600-4bfb-9053-f0ce898fb1c5','2025-04-22 11:14:30','2025-04-22 11:14:30',NULL),('d187f3c8-37d0-4f07-b309-364da08aacc9','like','2025-04-27 02:22:19','47edef15-72e1-47e7-96e7-6caeb50bb34d','b5e936ed-2cb6-46a5-aa55-f00644f4aec7','2025-04-27 02:22:19','2025-04-27 02:22:19',NULL),('d1946c33-10d4-44fd-9a69-ef95a4d3cb6f','uww','2025-04-24 09:14:42','47edef15-72e1-47e7-96e7-6caeb50bb34d','db5c9758-2076-4779-a812-08b45b779430','2025-04-24 09:14:42','2025-04-24 09:14:42',NULL),('d1a049b5-9774-4bb5-a039-30b6e5324638','ao vao','2025-04-17 12:26:21','2055c5ae-7aa1-43f2-8808-bef7f680dfee','e0d1ee8f-86d8-465d-884b-9d4d1e077332','2025-04-17 12:26:21','2025-04-17 12:26:21',NULL),('d1be1183-ac10-42cc-b7e3-c98f6b2e7b96','hello','2025-04-06 09:03:51','6c1d78ff-fb2c-427a-ab2f-3b3c305b3cdb','ff94896f-b764-4fbc-ac30-1f1f9ca17e84','2025-04-06 09:03:51','2025-04-06 09:03:51',NULL),('d1da3fbe-88c6-40d7-b0af-44aa5ebe3c19','what up','2025-04-22 10:39:38','47edef15-72e1-47e7-96e7-6caeb50bb34d','e1158314-3584-4e28-b1cb-1345db279269','2025-04-22 10:39:38','2025-04-22 10:39:38',NULL),('d2afb5ef-780a-4b4e-bd6a-fd0bc6f97a28','w','2025-04-25 00:43:09','47edef15-72e1-47e7-96e7-6caeb50bb34d','c65865ab-78d2-49c6-b7fd-f73ca3367723','2025-04-25 00:43:09','2025-04-25 00:43:09',NULL),('d2cec718-cf38-48e2-8a37-5ec31e541d48','q','2025-04-27 02:22:15','47edef15-72e1-47e7-96e7-6caeb50bb34d','b5e936ed-2cb6-46a5-aa55-f00644f4aec7','2025-04-27 02:22:15','2025-04-27 02:22:15',NULL),('d3277188-d72a-43fb-bee8-11785c53c7d5','whatup','2025-04-17 10:41:24','47edef15-72e1-47e7-96e7-6caeb50bb34d','707a9314-b70e-42f2-8a09-3224a249a847','2025-04-17 10:41:24','2025-04-17 10:41:24',NULL),('d32d548d-2104-4615-b097-5ae695bbdc4a','q','2025-04-27 02:16:26','47edef15-72e1-47e7-96e7-6caeb50bb34d','b5e936ed-2cb6-46a5-aa55-f00644f4aec7','2025-04-27 02:16:26','2025-04-27 02:16:26',NULL),('d37c6b13-8a4b-4c96-9d0a-f73f8bd9cf7f','w','2025-04-17 04:57:42','45e81b97-9739-4546-86bd-42d670e0f6e7','db5c9758-2076-4779-a812-08b45b779430','2025-04-17 04:57:42','2025-04-17 04:57:42',NULL),('d37cffc1-48bb-4c76-be75-1898706a0a1e','q','2025-04-26 11:22:44','47edef15-72e1-47e7-96e7-6caeb50bb34d','b5e936ed-2cb6-46a5-aa55-f00644f4aec7','2025-04-26 11:22:44','2025-04-26 11:22:44',NULL),('d392bdc1-8b04-44f7-aad2-2c8da097b2ff','like','2025-04-22 11:42:50','47edef15-72e1-47e7-96e7-6caeb50bb34d','5a99fb3b-bcf2-48ca-95bd-c9ee7877f9e0','2025-04-22 11:42:50','2025-04-22 11:42:50',NULL),('d3d54035-aac1-4859-8f78-69b9450b98fe','ao','2025-04-23 00:58:58','47edef15-72e1-47e7-96e7-6caeb50bb34d','8f62c8ce-6045-46cb-91a2-85975df60104','2025-04-23 00:58:58','2025-04-23 00:58:58',NULL),('d3e2baea-c7e6-41de-aee9-a6ba2bdf1bec','dz nhi','2025-04-23 08:18:08','47edef15-72e1-47e7-96e7-6caeb50bb34d','8f62c8ce-6045-46cb-91a2-85975df60104','2025-04-23 08:18:08','2025-04-23 08:18:08',NULL),('d3eac864-224c-406c-aff7-a7928c09b006','like','2025-04-27 01:49:35','47edef15-72e1-47e7-96e7-6caeb50bb34d','b5e936ed-2cb6-46a5-aa55-f00644f4aec7','2025-04-27 01:49:35','2025-04-27 01:49:35',NULL),('d3f551e1-12a7-48c7-a290-25a2d9b58bbe','what up','2025-04-22 11:14:10','47edef15-72e1-47e7-96e7-6caeb50bb34d','cde4cfde-5600-4bfb-9053-f0ce898fb1c5','2025-04-22 11:14:10','2025-04-22 11:14:10',NULL),('d45061cf-4f17-4cff-861a-b8efaf4c58cf','cc','2025-04-18 06:05:18','30152bce-29cd-4c1e-a41e-f6698c18870e','c04851bc-5c8a-4f5d-9854-7ff14aab3700','2025-04-18 06:05:18','2025-04-18 06:05:18',NULL),('d4576238-7a8d-4bf0-9abe-3a5808649255','1','2025-04-24 07:09:58','47edef15-72e1-47e7-96e7-6caeb50bb34d','db5c9758-2076-4779-a812-08b45b779430','2025-04-24 07:09:58','2025-04-24 07:09:58',NULL),('d45f7eb3-4389-4de8-a403-d5cd11b7a411','q','2025-04-23 01:05:56','47edef15-72e1-47e7-96e7-6caeb50bb34d','9cedcea9-91a3-46fc-adf1-4ebbbd2d9b66','2025-04-23 01:05:56','2025-04-23 01:05:56',NULL),('d4656128-6cd4-4b7a-b874-ecbcb95a99d4','o','2025-04-18 06:15:09','6c1d78ff-fb2c-427a-ab2f-3b3c305b3cdb','9cedcea9-91a3-46fc-adf1-4ebbbd2d9b66','2025-04-18 06:15:09','2025-04-18 06:15:09',NULL),('d47e28cd-42aa-4d97-82d7-93416e5e70a5','','2025-04-27 07:55:46','47edef15-72e1-47e7-96e7-6caeb50bb34d','e83e1312-b563-40f6-8010-bfbac996af49','2025-04-27 07:55:46','2025-04-27 07:55:46','https://res.cloudinary.com/doxc6iqyk/image/upload/v1745765744/file_kepfmf.jpg'),('d47f6385-8686-42c8-8785-7da3cb9f8322','qq','2025-04-27 08:04:38','47edef15-72e1-47e7-96e7-6caeb50bb34d','e83e1312-b563-40f6-8010-bfbac996af49','2025-04-27 08:04:38','2025-04-27 08:04:38',NULL),('d49c1f27-3eed-442e-90ae-80b855c6e51c','ao that :v','2025-04-23 00:58:56','47edef15-72e1-47e7-96e7-6caeb50bb34d','8f62c8ce-6045-46cb-91a2-85975df60104','2025-04-23 00:58:56','2025-04-23 00:58:56',NULL),('d4e9abe4-8f9e-49ce-aa6c-4d181d681fff','?sss???','2025-04-06 06:17:16','6c1d78ff-fb2c-427a-ab2f-3b3c305b3cdb','ff94896f-b764-4fbc-ac30-1f1f9ca17e84','2025-04-06 06:17:16','2025-04-06 06:17:16',NULL),('d5548b1c-98b7-4c2a-89fa-940b059f2e45','hello','2025-04-16 07:53:16','47edef15-72e1-47e7-96e7-6caeb50bb34d','db5c9758-2076-4779-a812-08b45b779430','2025-04-16 07:53:16','2025-04-16 07:53:16',NULL),('d556213a-3d2f-42f1-adb8-a344b4aa8492','upload_failed','2025-04-26 05:31:40','47edef15-72e1-47e7-96e7-6caeb50bb34d','b5e936ed-2cb6-46a5-aa55-f00644f4aec7','2025-04-26 05:31:40','2025-04-26 05:31:40',NULL),('d5595dcf-fede-4ee3-8f51-fc7b9cd05436','q','2025-04-22 00:56:29','6c1d78ff-fb2c-427a-ab2f-3b3c305b3cdb','ff94896f-b764-4fbc-ac30-1f1f9ca17e84','2025-04-22 00:56:29','2025-04-22 00:56:29',NULL),('d58588f3-ddd5-48d6-a8f0-5381f65a3b1d','vggr','2025-04-19 07:05:52','30152bce-29cd-4c1e-a41e-f6698c18870e','c04851bc-5c8a-4f5d-9854-7ff14aab3700','2025-04-19 07:05:52','2025-04-19 07:05:52',NULL),('d597583b-6045-4511-b4b0-1d1c3d559d47','like','2025-04-25 02:02:26','47edef15-72e1-47e7-96e7-6caeb50bb34d','b5e936ed-2cb6-46a5-aa55-f00644f4aec7','2025-04-25 02:02:26','2025-04-25 02:02:26',NULL),('d5e86a30-6552-4474-8db0-086aec7fe756','www\\','2025-04-06 06:12:35','6c1d78ff-fb2c-427a-ab2f-3b3c305b3cdb','ff94896f-b764-4fbc-ac30-1f1f9ca17e84','2025-04-06 06:12:35','2025-04-06 06:12:35',NULL),('d5fcf01a-876a-4efe-bfdc-94b90f2762c9','er','2025-04-27 08:12:46','47edef15-72e1-47e7-96e7-6caeb50bb34d','b5e936ed-2cb6-46a5-aa55-f00644f4aec7','2025-04-27 08:12:46','2025-04-27 08:12:46',NULL),('d607c382-40ab-46af-b8bf-f7047e984e3e','w','2025-04-23 00:54:33','47edef15-72e1-47e7-96e7-6caeb50bb34d','9cedcea9-91a3-46fc-adf1-4ebbbd2d9b66','2025-04-23 00:54:33','2025-04-23 00:54:33',NULL),('d616ffdd-f789-417b-9740-e17ffae6f8cf','???','2025-04-22 03:34:35','47edef15-72e1-47e7-96e7-6caeb50bb34d','cde4cfde-5600-4bfb-9053-f0ce898fb1c5','2025-04-22 03:34:35','2025-04-22 03:34:35',NULL),('d665f40c-665e-4310-86b3-4215b5fd970b','','2025-04-27 01:01:44','47edef15-72e1-47e7-96e7-6caeb50bb34d','b5e936ed-2cb6-46a5-aa55-f00644f4aec7','2025-04-27 01:01:44','2025-04-27 01:01:44','https://res.cloudinary.com/doxc6iqyk/image/upload/v1745740902/file_te3w9p.gif'),('d6ad3fe2-2673-44c3-9ff1-b2f586c01e45','like','2025-04-24 04:50:46','47edef15-72e1-47e7-96e7-6caeb50bb34d','8f62c8ce-6045-46cb-91a2-85975df60104','2025-04-24 04:50:46','2025-04-24 04:50:46',NULL),('d6ad4f7f-812b-4cf5-bcd5-92f82af10b76','hilu','2025-04-17 11:59:15','47edef15-72e1-47e7-96e7-6caeb50bb34d','2dec3ffa-df55-4f1e-b8be-d994e5996dd5','2025-04-17 11:59:15','2025-04-17 11:59:15',NULL),('d70e0b2e-0c4d-43e6-bfad-2f75565f83c0','toi dau','2025-04-22 07:00:27','61e358f0-cf5a-4ac4-8d5b-a8307941bc93','aa3bbb56-6ca5-4ff4-b587-fef61bd43d88','2025-04-22 07:00:27','2025-04-22 07:00:27',NULL),('d71a9400-8650-4fac-896d-b34fe47b47d0','ww','2025-04-17 10:36:17','47edef15-72e1-47e7-96e7-6caeb50bb34d','88387801-4521-45d9-93ac-7e96e5d8141d','2025-04-17 10:36:17','2025-04-17 10:36:17',NULL),('d71eed7b-2a36-46a6-847c-91223473f852','tui day','2025-04-22 12:04:34','47edef15-72e1-47e7-96e7-6caeb50bb34d','8f62c8ce-6045-46cb-91a2-85975df60104','2025-04-22 12:04:34','2025-04-22 12:04:34',NULL),('d73e635d-ee8a-4806-939f-149396685b37','q','2025-04-24 11:15:53','47edef15-72e1-47e7-96e7-6caeb50bb34d','940f7a41-6154-441b-859c-303833685e4f','2025-04-24 11:15:53','2025-04-24 11:15:53',NULL),('d8097a66-104e-4909-a371-4f759a247334','qq','2025-04-26 11:06:23','47edef15-72e1-47e7-96e7-6caeb50bb34d','b5e936ed-2cb6-46a5-aa55-f00644f4aec7','2025-04-26 11:06:23','2025-04-26 11:06:23',NULL),('d8281eaa-8b22-42ae-84ba-adb143193320','trinh','2025-04-23 00:58:59','47edef15-72e1-47e7-96e7-6caeb50bb34d','8f62c8ce-6045-46cb-91a2-85975df60104','2025-04-23 00:58:59','2025-04-23 00:58:59',NULL),('d88637e2-a434-487d-9949-a810ecde0120','what up','2025-04-22 02:34:33','24e852f2-16ad-4b57-a8d6-0f186e8eda4d','e1158314-3584-4e28-b1cb-1345db279269','2025-04-22 02:34:33','2025-04-22 02:34:33',NULL),('d8ba95ae-4f67-4843-8639-8a544b1a0fbd','f','2025-04-19 07:05:21','30152bce-29cd-4c1e-a41e-f6698c18870e','81a9e481-d18c-4abb-8b5f-2c0b020c159f','2025-04-19 07:05:21','2025-04-19 07:05:21',NULL),('d8cd81f2-77c4-4c7c-a5ad-2f7c7c1395b1','s','2025-04-06 07:45:57','6c1d78ff-fb2c-427a-ab2f-3b3c305b3cdb','ff94896f-b764-4fbc-ac30-1f1f9ca17e84','2025-04-06 07:45:57','2025-04-06 07:45:57',NULL),('d97c9f68-bfcc-4a5b-b940-b59c07b9302c','ssssssssssssssssssssssssssssssssssssssssssssssssssssssssssssssssssssssssssssssssssssssssssssssssssssssssssssssssssssssssssssssssssssssssssssssssssssssssssssssssssssssssssssssssssssssssssssssssssssssssssssssssssssssssssssssssssssssssssssssssssssssssssssssssssssssssssssssssssssssssssssssssssssssssssssssssssssssssssssssssssssssssssssssssssssssssssssssssssssssssssssssssssssssssssssssssssssssssssssssss','2025-04-23 08:30:52','47edef15-72e1-47e7-96e7-6caeb50bb34d','8f62c8ce-6045-46cb-91a2-85975df60104','2025-04-23 08:30:52','2025-04-23 08:30:52',NULL),('d994ffd0-2ab8-48b1-8c77-91a6c19504dd','hi','2025-04-18 06:05:08','6c1d78ff-fb2c-427a-ab2f-3b3c305b3cdb','c04851bc-5c8a-4f5d-9854-7ff14aab3700','2025-04-18 06:05:08','2025-04-18 06:05:08',NULL),('d99c8f6a-7247-4811-bbcd-cac566d1ef73','ww','2025-04-23 00:04:17','47edef15-72e1-47e7-96e7-6caeb50bb34d','e1158314-3584-4e28-b1cb-1345db279269','2025-04-23 00:04:17','2025-04-23 00:04:17',NULL),('d99e73ad-07f6-440c-8314-da462a929dab','what up','2025-04-22 11:15:03','47edef15-72e1-47e7-96e7-6caeb50bb34d','cde4cfde-5600-4bfb-9053-f0ce898fb1c5','2025-04-22 11:15:03','2025-04-22 11:15:03',NULL),('d9a93426-6c94-4e42-ab44-e9f9b62c8ecf','','2025-04-27 04:06:08','47edef15-72e1-47e7-96e7-6caeb50bb34d','e83e1312-b563-40f6-8010-bfbac996af49','2025-04-27 04:06:08','2025-04-27 04:06:08','https://res.cloudinary.com/doxc6iqyk/image/upload/v1745751967/file_e9x9op.png'),('da0990f6-5727-4ef2-8c91-19a8093395e7','like','2025-04-22 11:11:29','47edef15-72e1-47e7-96e7-6caeb50bb34d','8f62c8ce-6045-46cb-91a2-85975df60104','2025-04-22 11:11:29','2025-04-22 11:11:29',NULL),('da433789-85e3-4147-8c61-a413ef9bab2d','what up bro','2025-04-17 12:24:58','47edef15-72e1-47e7-96e7-6caeb50bb34d','e0d1ee8f-86d8-465d-884b-9d4d1e077332','2025-04-17 12:24:58','2025-04-17 12:24:58',NULL),('da78be23-7e47-45d9-ab56-d30a87a9c029','ok hum','2025-04-21 07:38:56','6c1d78ff-fb2c-427a-ab2f-3b3c305b3cdb','c04851bc-5c8a-4f5d-9854-7ff14aab3700','2025-04-21 07:38:56','2025-04-21 07:38:56',NULL),('db7a5fab-919c-4fc0-b081-cbf42045a9b6','ư','2025-04-24 09:14:44','47edef15-72e1-47e7-96e7-6caeb50bb34d','db5c9758-2076-4779-a812-08b45b779430','2025-04-24 09:14:44','2025-04-24 09:14:44',NULL),('db7c5212-bde5-4653-a858-b9c7a15e220e','like','2025-04-22 11:11:28','47edef15-72e1-47e7-96e7-6caeb50bb34d','8f62c8ce-6045-46cb-91a2-85975df60104','2025-04-22 11:11:28','2025-04-22 11:11:28',NULL),('dc86adec-afca-4aea-a813-44e029afccf9','qqqqqqqqqq','2025-04-22 10:31:13','47edef15-72e1-47e7-96e7-6caeb50bb34d','8f62c8ce-6045-46cb-91a2-85975df60104','2025-04-22 10:31:13','2025-04-22 10:31:13',NULL),('dd7e7cee-329f-473a-8921-d236a12106b2','like','2025-04-24 09:33:07','47edef15-72e1-47e7-96e7-6caeb50bb34d','8f62c8ce-6045-46cb-91a2-85975df60104','2025-04-24 09:33:07','2025-04-24 09:33:07',NULL),('dd80ebb8-9509-42d2-bcc7-b5197921d070','like','2025-04-27 03:05:58','47edef15-72e1-47e7-96e7-6caeb50bb34d','7626e9de-6388-4d01-95bc-eda2c584a1bb','2025-04-27 03:05:58','2025-04-27 03:05:58',NULL),('ddfbeea1-933e-4823-a4a1-14563ceb7b62','d','2025-04-17 04:38:29','47edef15-72e1-47e7-96e7-6caeb50bb34d','db5c9758-2076-4779-a812-08b45b779430','2025-04-17 04:38:29','2025-04-17 04:38:29',NULL),('de8c6ace-5ae0-4787-ac5a-7fd18a69acad','w','2025-04-17 07:10:41','47edef15-72e1-47e7-96e7-6caeb50bb34d','db5c9758-2076-4779-a812-08b45b779430','2025-04-17 07:10:41','2025-04-17 07:10:41',NULL),('dea91f9c-33f4-4218-b9fa-a064f3820c52','chao cau','2025-04-17 12:21:34','47edef15-72e1-47e7-96e7-6caeb50bb34d','dc1f85a6-56d3-48df-9018-665148f9ada4','2025-04-17 12:21:34','2025-04-17 12:21:34',NULL),('deca0fe3-2580-457d-877d-b9acb2cca999','w','2025-04-22 00:37:34','0eb1f79c-a7f6-436d-a159-a4dd53a5d631','bb5c46e9-8304-4726-ba45-42e2b24147ad','2025-04-22 00:37:34','2025-04-22 00:37:34',NULL),('decb953a-c656-4c99-8687-2904dc1febeb','s','2025-04-17 09:47:57','47edef15-72e1-47e7-96e7-6caeb50bb34d','353faf36-7d74-49f1-a12a-613dc7d49577','2025-04-17 09:47:57','2025-04-17 09:47:57',NULL),('ded57b24-8d69-426b-9bc6-10de59eb51e3','q','2025-04-23 00:07:28','47edef15-72e1-47e7-96e7-6caeb50bb34d','e1158314-3584-4e28-b1cb-1345db279269','2025-04-23 00:07:28','2025-04-23 00:07:28',NULL),('df5026b5-4184-490d-bd55-8aaea774bc35','ee','2025-04-06 07:53:33','abb76df5-7a69-4e26-9d9b-c27a5ad8ad00','ff94896f-b764-4fbc-ac30-1f1f9ca17e84','2025-04-06 07:53:33','2025-04-06 07:53:33',NULL),('df52bbaa-78c6-45ef-8a7a-1cc7f50ebbcd','lag mej r','2025-04-17 12:25:15','47edef15-72e1-47e7-96e7-6caeb50bb34d','e0d1ee8f-86d8-465d-884b-9d4d1e077332','2025-04-17 12:25:15','2025-04-17 12:25:15',NULL),('df9cca0c-013e-42e6-91d5-c0fb7d250d18','d','2025-04-17 07:49:07','47edef15-72e1-47e7-96e7-6caeb50bb34d','9cedcea9-91a3-46fc-adf1-4ebbbd2d9b66','2025-04-17 07:49:07','2025-04-17 07:49:07',NULL),('dfa0620e-2982-4802-a167-3c7c323bb8b0','q','2025-04-25 01:11:44','47edef15-72e1-47e7-96e7-6caeb50bb34d','c65865ab-78d2-49c6-b7fd-f73ca3367723','2025-04-25 01:11:44','2025-04-25 01:11:44',NULL),('dfc04a10-2c0a-47f9-970b-f3f1fa91344e','wt','2025-04-21 09:20:39','6c1d78ff-fb2c-427a-ab2f-3b3c305b3cdb','c04851bc-5c8a-4f5d-9854-7ff14aab3700','2025-04-21 09:20:39','2025-04-21 09:20:39',NULL),('dfe0153f-c0ad-475a-a8ff-db78ffcae4a4','like','2025-04-22 11:43:03','47edef15-72e1-47e7-96e7-6caeb50bb34d','5a99fb3b-bcf2-48ca-95bd-c9ee7877f9e0','2025-04-22 11:43:03','2025-04-22 11:43:03',NULL),('e078b8a9-ab1c-4cfa-8f3a-b49094067c7e','hi','2025-04-17 04:12:59','47edef15-72e1-47e7-96e7-6caeb50bb34d','db5c9758-2076-4779-a812-08b45b779430','2025-04-17 04:12:59','2025-04-17 04:12:59',NULL),('e0a15e5c-25c1-45ed-8dc2-bbc482427596','','2025-04-27 01:08:22','47edef15-72e1-47e7-96e7-6caeb50bb34d','b5e936ed-2cb6-46a5-aa55-f00644f4aec7','2025-04-27 01:08:22','2025-04-27 01:08:22','https://res.cloudinary.com/doxc6iqyk/image/upload/v1745741300/file_leacap.png'),('e0a27179-90e8-410d-8d20-a899c04af801','ai biet me','2025-04-18 04:42:38','30152bce-29cd-4c1e-a41e-f6698c18870e','c04851bc-5c8a-4f5d-9854-7ff14aab3700','2025-04-18 04:42:38','2025-04-18 04:42:38',NULL),('e194c708-5b72-46c5-b7a2-d10370db1f9e','sd','2025-04-17 07:27:24','47edef15-72e1-47e7-96e7-6caeb50bb34d','db5c9758-2076-4779-a812-08b45b779430','2025-04-17 07:27:24','2025-04-17 07:27:24',NULL),('e228159a-897d-41a8-825c-8e49d0dd5183','like','2025-04-22 11:14:17','47edef15-72e1-47e7-96e7-6caeb50bb34d','cde4cfde-5600-4bfb-9053-f0ce898fb1c5','2025-04-22 11:14:17','2025-04-22 11:14:17',NULL),('e2bef13c-15a9-4a30-90d4-345640e6d30a','q','2025-04-24 11:16:24','47edef15-72e1-47e7-96e7-6caeb50bb34d','940f7a41-6154-441b-859c-303833685e4f','2025-04-24 11:16:24','2025-04-24 11:16:24',NULL),('e3024af3-324f-45bb-b4cc-dc6f3a2c3394','d','2025-04-19 07:08:29','30152bce-29cd-4c1e-a41e-f6698c18870e','c04851bc-5c8a-4f5d-9854-7ff14aab3700','2025-04-19 07:08:29','2025-04-19 07:08:29',NULL),('e31c1407-5e2c-4542-9cfb-0da574277d8d','q','2025-04-22 00:31:58','5600bb3d-d107-4239-9127-944bad94cdab','c3d96832-d79d-4747-a91f-c6dc9cb32423','2025-04-22 00:31:58','2025-04-22 00:31:58',NULL),('e35c5c46-310f-4eb7-bbc4-b2b378bc094a','1','2025-04-24 07:10:01','47edef15-72e1-47e7-96e7-6caeb50bb34d','db5c9758-2076-4779-a812-08b45b779430','2025-04-24 07:10:01','2025-04-24 07:10:01',NULL),('e367923d-08bf-45cd-a55e-50a74e883723','ư','2025-04-24 09:14:44','47edef15-72e1-47e7-96e7-6caeb50bb34d','db5c9758-2076-4779-a812-08b45b779430','2025-04-24 09:14:44','2025-04-24 09:14:44',NULL),('e408e7e5-e9f9-44d4-b069-101a8dc2b6bd','like','2025-04-27 01:58:43','47edef15-72e1-47e7-96e7-6caeb50bb34d','b5e936ed-2cb6-46a5-aa55-f00644f4aec7','2025-04-27 01:58:43','2025-04-27 01:58:43',NULL),('e4161f8c-121f-4cb3-9315-d34797421535','er','2025-04-17 09:48:51','47edef15-72e1-47e7-96e7-6caeb50bb34d','353faf36-7d74-49f1-a12a-613dc7d49577','2025-04-17 09:48:51','2025-04-17 09:48:51',NULL),('e443d1c1-0bca-4e97-824f-7f3abcf69ba5','w','2025-04-22 02:13:54','47edef15-72e1-47e7-96e7-6caeb50bb34d','042a83ae-00d5-47f5-87a7-16de10c53b15','2025-04-22 02:13:54','2025-04-22 02:13:54',NULL),('e4927f07-1cd5-4a6b-931c-e46a832e7b9d','ư','2025-04-24 09:14:42','47edef15-72e1-47e7-96e7-6caeb50bb34d','db5c9758-2076-4779-a812-08b45b779430','2025-04-24 09:14:42','2025-04-24 09:14:42',NULL),('e4986fc0-c194-4728-9b99-d8897eb1b742','what up','2025-04-22 11:23:40','47edef15-72e1-47e7-96e7-6caeb50bb34d','e1158314-3584-4e28-b1cb-1345db279269','2025-04-22 11:23:40','2025-04-22 11:23:40',NULL),('e4b6a292-bcc5-4b93-9fee-7f7e2ef76805','q','2025-04-25 01:30:14','47edef15-72e1-47e7-96e7-6caeb50bb34d','c65865ab-78d2-49c6-b7fd-f73ca3367723','2025-04-25 01:30:14','2025-04-25 01:30:14',NULL),('e4ec887a-44f3-4f1a-95d6-ab79acd6824b','like','2025-04-22 11:17:59','47edef15-72e1-47e7-96e7-6caeb50bb34d','5a99fb3b-bcf2-48ca-95bd-c9ee7877f9e0','2025-04-22 11:17:59','2025-04-22 11:17:59',NULL),('e4f7aaa9-9bc9-4d9a-83d9-c4713d008857','w','2025-04-23 00:55:23','47edef15-72e1-47e7-96e7-6caeb50bb34d','9cedcea9-91a3-46fc-adf1-4ebbbd2d9b66','2025-04-23 00:55:23','2025-04-23 00:55:23',NULL),('e5301388-29e9-4f24-886f-c780a61c4362','vler lại lỗi hả :v cay thế','2025-04-25 01:50:54','47edef15-72e1-47e7-96e7-6caeb50bb34d','b5e936ed-2cb6-46a5-aa55-f00644f4aec7','2025-04-25 01:50:54','2025-04-25 01:50:54',NULL),('e530631a-2561-4484-80f6-d7730068f2fa','qq','2025-04-24 11:14:39','47edef15-72e1-47e7-96e7-6caeb50bb34d','940f7a41-6154-441b-859c-303833685e4f','2025-04-24 11:14:39','2025-04-24 11:14:39',NULL),('e548d57d-3b4d-416e-b94f-929b8ec8eff3','wwew','2025-04-06 07:51:44','abb76df5-7a69-4e26-9d9b-c27a5ad8ad00','ff94896f-b764-4fbc-ac30-1f1f9ca17e84','2025-04-06 07:51:44','2025-04-06 07:51:44',NULL),('e5682303-3d6e-4263-b750-1ff8acbfe0d2','wwwhat up','2025-04-18 06:19:08','30152bce-29cd-4c1e-a41e-f6698c18870e','c04851bc-5c8a-4f5d-9854-7ff14aab3700','2025-04-18 06:19:08','2025-04-18 06:19:08',NULL),('e57c4e40-9a1e-417b-81a6-0dbcc759f8ef','hi cau','2025-04-17 10:33:17','47edef15-72e1-47e7-96e7-6caeb50bb34d','93da11f1-557e-40b8-b8e9-d4d003ab78c3','2025-04-17 10:33:17','2025-04-17 10:33:17',NULL),('e59b785b-604d-4805-8440-5ea8a131c297','qq','2025-04-22 00:36:02','0eb1f79c-a7f6-436d-a159-a4dd53a5d631','bb5c46e9-8304-4726-ba45-42e2b24147ad','2025-04-22 00:36:02','2025-04-22 00:36:02',NULL),('e5e8ce7e-00ae-499c-ad61-91389f8bf38f','like','2025-04-22 11:03:15','47edef15-72e1-47e7-96e7-6caeb50bb34d','8f62c8ce-6045-46cb-91a2-85975df60104','2025-04-22 11:03:15','2025-04-22 11:03:15',NULL),('e618e183-8c64-4dd0-bd52-7f9ff1686235','đm tao có đâm đâu cay vl','2025-04-23 01:08:43','47edef15-72e1-47e7-96e7-6caeb50bb34d','9cedcea9-91a3-46fc-adf1-4ebbbd2d9b66','2025-04-23 01:08:43','2025-04-23 01:08:43',NULL),('e6428f65-fdae-4f71-aa16-a9e7e9b66eef','ao vl','2025-04-23 00:54:42','47edef15-72e1-47e7-96e7-6caeb50bb34d','9cedcea9-91a3-46fc-adf1-4ebbbd2d9b66','2025-04-23 00:54:42','2025-04-23 00:54:42',NULL),('e667f016-169d-452d-bc5b-79f6c0b1c024','','2025-04-27 00:43:42','47edef15-72e1-47e7-96e7-6caeb50bb34d','b5e936ed-2cb6-46a5-aa55-f00644f4aec7','2025-04-27 00:43:42','2025-04-27 00:43:42','https://res.cloudinary.com/doxc6iqyk/image/upload/v1745739821/file_eb7dzh.png'),('e66b1715-7d98-42d5-b3e0-56ad4dd969e5','dm','2025-04-24 09:34:55','47edef15-72e1-47e7-96e7-6caeb50bb34d','8f62c8ce-6045-46cb-91a2-85975df60104','2025-04-24 09:34:55','2025-04-24 09:34:55',NULL),('e67ac2dd-0c3c-484d-80c4-031cc21e853f','we4r','2025-04-17 04:52:48','47edef15-72e1-47e7-96e7-6caeb50bb34d','db5c9758-2076-4779-a812-08b45b779430','2025-04-17 04:52:48','2025-04-17 04:52:48',NULL),('e68ebc2d-7f4e-42b0-b51b-ec8146865e18','','2025-04-27 01:28:07','47edef15-72e1-47e7-96e7-6caeb50bb34d','b5e936ed-2cb6-46a5-aa55-f00644f4aec7','2025-04-27 01:28:07','2025-04-27 01:28:07','https://res.cloudinary.com/doxc6iqyk/image/upload/v1745742486/file_x2s7dp.png'),('e6c3e426-204a-4ce3-83a6-a6c76a0115dc','like','2025-04-25 03:17:14','47edef15-72e1-47e7-96e7-6caeb50bb34d','b5e936ed-2cb6-46a5-aa55-f00644f4aec7','2025-04-25 03:17:14','2025-04-25 03:17:14',NULL),('e6fc1edf-aafe-4889-a7ac-f36f61344310','hi','2025-04-18 04:41:59','6c1d78ff-fb2c-427a-ab2f-3b3c305b3cdb','c04851bc-5c8a-4f5d-9854-7ff14aab3700','2025-04-18 04:41:59','2025-04-18 04:41:59',NULL),('e6ff8563-fbfd-4a84-a5c1-d0a6ae294fee','hi ban','2025-04-19 08:10:36','30152bce-29cd-4c1e-a41e-f6698c18870e','c04851bc-5c8a-4f5d-9854-7ff14aab3700','2025-04-19 08:10:36','2025-04-19 08:10:36',NULL),('e74f2e7d-aed0-43b5-908c-44012d533f8f','qqq','2025-04-22 10:30:34','47edef15-72e1-47e7-96e7-6caeb50bb34d','8f62c8ce-6045-46cb-91a2-85975df60104','2025-04-22 10:30:34','2025-04-22 10:30:34',NULL),('e79ecece-1aaf-4f7e-8551-1eb11ad04aa5','q','2025-04-24 04:51:08','47edef15-72e1-47e7-96e7-6caeb50bb34d','8f62c8ce-6045-46cb-91a2-85975df60104','2025-04-24 04:51:08','2025-04-24 04:51:08',NULL),('e7ab8556-fe84-4d1c-9a32-7fbcf47beed6','what up','2025-04-18 06:13:16','30152bce-29cd-4c1e-a41e-f6698c18870e','c04851bc-5c8a-4f5d-9854-7ff14aab3700','2025-04-18 06:13:16','2025-04-18 06:13:16',NULL),('e7bf5b23-0685-4ed0-8a2f-155abc13bc7f','like','2025-04-22 11:11:47','47edef15-72e1-47e7-96e7-6caeb50bb34d','cde4cfde-5600-4bfb-9053-f0ce898fb1c5','2025-04-22 11:11:47','2025-04-22 11:11:47',NULL),('e7db04aa-d0ed-4823-b344-0e3c6a02baa4','x','2025-04-17 07:26:01','47edef15-72e1-47e7-96e7-6caeb50bb34d','3f8a6f0e-a297-46d6-a5f0-4fa86f924fa5','2025-04-17 07:26:01','2025-04-17 07:26:01',NULL),('e7e24bb9-6b23-4650-8407-2909f14d8fda','ss','2025-04-06 07:53:29','6c1d78ff-fb2c-427a-ab2f-3b3c305b3cdb','ff94896f-b764-4fbc-ac30-1f1f9ca17e84','2025-04-06 07:53:29','2025-04-06 07:53:29',NULL),('e7f0603a-f4b9-4eb9-b897-8b6a7cc7dcc4','eert','2025-04-16 09:39:16','47edef15-72e1-47e7-96e7-6caeb50bb34d','db5c9758-2076-4779-a812-08b45b779430','2025-04-16 09:39:16','2025-04-16 09:39:16',NULL),('e7f6e638-dc1a-42ed-9072-e63ceda378fd','q','2025-04-26 11:06:46','47edef15-72e1-47e7-96e7-6caeb50bb34d','e83e1312-b563-40f6-8010-bfbac996af49','2025-04-26 11:06:46','2025-04-26 11:06:46',NULL),('e81400b1-82c5-4e35-be20-5ed36bb7936e','like','2025-04-22 11:11:29','47edef15-72e1-47e7-96e7-6caeb50bb34d','8f62c8ce-6045-46cb-91a2-85975df60104','2025-04-22 11:11:29','2025-04-22 11:11:29',NULL),('e88a460c-e928-4919-86b0-0789df1be4b2','that your love is gone','2025-04-23 10:02:50','47edef15-72e1-47e7-96e7-6caeb50bb34d','8f62c8ce-6045-46cb-91a2-85975df60104','2025-04-23 10:02:50','2025-04-23 10:02:50',NULL),('e8a2c2b0-3e16-4157-8db7-5e192eccf950','du ma','2025-04-18 06:05:58','30152bce-29cd-4c1e-a41e-f6698c18870e','c04851bc-5c8a-4f5d-9854-7ff14aab3700','2025-04-18 06:05:58','2025-04-18 06:05:58',NULL),('e8d756e6-d1c1-4cc6-a1b3-5c1c4268a707','qqq','2025-04-22 02:24:12','69e4aca8-9f57-495e-b648-b48b0463b7af','182d789f-5ccd-4cf9-a681-9a7d3f1a26bf','2025-04-22 02:24:12','2025-04-22 02:24:12',NULL),('e936307b-c994-41fd-a48d-dbfeb74421c5','w','2025-04-06 07:42:05','abb76df5-7a69-4e26-9d9b-c27a5ad8ad00','ff94896f-b764-4fbc-ac30-1f1f9ca17e84','2025-04-06 07:42:05','2025-04-06 07:42:05',NULL),('e956e6ad-8c0f-435c-b729-a8ac3b53fe7a','ss','2025-04-24 04:38:58','47edef15-72e1-47e7-96e7-6caeb50bb34d','cde4cfde-5600-4bfb-9053-f0ce898fb1c5','2025-04-24 04:38:58','2025-04-24 04:38:58',NULL),('ea63e025-bde3-4be9-a876-b77b02492561','q','2025-04-17 07:10:48','47edef15-72e1-47e7-96e7-6caeb50bb34d','db5c9758-2076-4779-a812-08b45b779430','2025-04-17 07:10:48','2025-04-17 07:10:48',NULL),('ea7f8b14-3a88-407a-9235-b8ee81e59826','w','2025-04-25 01:11:28','47edef15-72e1-47e7-96e7-6caeb50bb34d','c65865ab-78d2-49c6-b7fd-f73ca3367723','2025-04-25 01:11:28','2025-04-25 01:11:28',NULL),('ea9376bb-4f31-49bf-9438-43d0e63720f3','','2025-04-27 01:05:40','47edef15-72e1-47e7-96e7-6caeb50bb34d','b5e936ed-2cb6-46a5-aa55-f00644f4aec7','2025-04-27 01:05:40','2025-04-27 01:05:40','https://res.cloudinary.com/doxc6iqyk/image/upload/v1745741138/file_c4kfqn.png'),('eac1918f-c88a-4de2-bf69-d2e2f788cbad','ư','2025-04-24 09:14:41','47edef15-72e1-47e7-96e7-6caeb50bb34d','db5c9758-2076-4779-a812-08b45b779430','2025-04-24 09:14:41','2025-04-24 09:14:41',NULL),('eb4b615c-e4f8-4635-8e17-222d37b10146','w','2025-04-16 09:21:41','45e81b97-9739-4546-86bd-42d670e0f6e7','db5c9758-2076-4779-a812-08b45b779430','2025-04-16 09:21:41','2025-04-16 09:21:41',NULL),('ec363bf3-baf9-4225-85e4-0437c9eba6e2','33','2025-04-22 00:37:07','0eb1f79c-a7f6-436d-a159-a4dd53a5d631','bb5c46e9-8304-4726-ba45-42e2b24147ad','2025-04-22 00:37:07','2025-04-22 00:37:07',NULL),('ec403a43-7408-433d-b893-c13a589d4186','hi','2025-04-18 04:46:39','30152bce-29cd-4c1e-a41e-f6698c18870e','c04851bc-5c8a-4f5d-9854-7ff14aab3700','2025-04-18 04:46:39','2025-04-18 04:46:39',NULL),('eca56f51-f730-4f0d-90dd-8116230b920c','','2025-04-27 01:30:42','ee0723f2-4a9d-46cb-ab23-ff49b907f17b','b5e936ed-2cb6-46a5-aa55-f00644f4aec7','2025-04-27 01:30:42','2025-04-27 01:30:42','https://res.cloudinary.com/doxc6iqyk/image/upload/v1745742641/file_dxeaag.png'),('ecd707c6-2598-4537-b847-d8138a8d7a00','like','2025-04-22 11:54:15','47edef15-72e1-47e7-96e7-6caeb50bb34d','e1158314-3584-4e28-b1cb-1345db279269','2025-04-22 11:54:15','2025-04-22 11:54:15',NULL),('edbc7af4-af7a-49b7-b898-609080f09c27','image_placeholder','2025-04-26 05:31:37','47edef15-72e1-47e7-96e7-6caeb50bb34d','b5e936ed-2cb6-46a5-aa55-f00644f4aec7','2025-04-26 05:31:37','2025-04-26 05:31:37',NULL),('edf98674-a44f-4ca5-8c63-fed1d353530b','qqq','2025-04-22 00:35:55','0eb1f79c-a7f6-436d-a159-a4dd53a5d631','bb5c46e9-8304-4726-ba45-42e2b24147ad','2025-04-22 00:35:55','2025-04-22 00:35:55',NULL),('edfe13c9-2eb2-44df-b6fa-16ec374dc779','q','2025-04-24 04:50:34','47edef15-72e1-47e7-96e7-6caeb50bb34d','8f62c8ce-6045-46cb-91a2-85975df60104','2025-04-24 04:50:34','2025-04-24 04:50:34',NULL),('ee2e926d-e093-4c01-87d6-047885c5f40a','hi','2025-04-17 10:35:57','47edef15-72e1-47e7-96e7-6caeb50bb34d','88387801-4521-45d9-93ac-7e96e5d8141d','2025-04-17 10:35:57','2025-04-17 10:35:57',NULL),('ee35d807-7021-4ab8-a2ca-e1ecec0fdb51','','2025-04-27 00:44:59','47edef15-72e1-47e7-96e7-6caeb50bb34d','b5e936ed-2cb6-46a5-aa55-f00644f4aec7','2025-04-27 00:44:59','2025-04-27 00:44:59','https://res.cloudinary.com/doxc6iqyk/image/upload/v1745739897/file_pa8gje.jpg'),('ee362d37-3eb0-4fb9-91a1-caf1b3d1b252','what up','2025-04-25 03:15:29','47edef15-72e1-47e7-96e7-6caeb50bb34d','db5c9758-2076-4779-a812-08b45b779430','2025-04-25 03:15:29','2025-04-25 03:15:29',NULL),('ee8b6a45-5843-42ca-8afc-b8b04e4b17e4','ww','2025-04-06 07:52:15','6c1d78ff-fb2c-427a-ab2f-3b3c305b3cdb','ff94896f-b764-4fbc-ac30-1f1f9ca17e84','2025-04-06 07:52:15','2025-04-06 07:52:15',NULL),('eeb42b81-fcea-4b87-9514-a42b6a86f9e4','w','2025-04-23 00:55:24','47edef15-72e1-47e7-96e7-6caeb50bb34d','9cedcea9-91a3-46fc-adf1-4ebbbd2d9b66','2025-04-23 00:55:24','2025-04-23 00:55:24',NULL),('eed359e6-2744-47a2-a252-79495b3b8d13','','2025-04-27 00:47:00','47edef15-72e1-47e7-96e7-6caeb50bb34d','b5e936ed-2cb6-46a5-aa55-f00644f4aec7','2025-04-27 00:47:00','2025-04-27 00:47:00','https://res.cloudinary.com/doxc6iqyk/image/upload/v1745740019/file_u2vw3p.png'),('ef178ef9-d278-42d4-a9f2-ddef7950d413','','2025-04-27 01:23:44','ee0723f2-4a9d-46cb-ab23-ff49b907f17b','b5e936ed-2cb6-46a5-aa55-f00644f4aec7','2025-04-27 01:23:44','2025-04-27 01:23:44','https://res.cloudinary.com/doxc6iqyk/image/upload/v1745742223/file_btpvrl.png'),('ef1d3fae-be36-428f-b2d1-821b41444d1c','qqq','2025-04-22 00:51:27','6c1d78ff-fb2c-427a-ab2f-3b3c305b3cdb','ff94896f-b764-4fbc-ac30-1f1f9ca17e84','2025-04-22 00:51:27','2025-04-22 00:51:27',NULL),('ef240a41-5c67-4cf2-9279-bd0d46082a5f','','2025-04-27 00:54:06','47edef15-72e1-47e7-96e7-6caeb50bb34d','b5e936ed-2cb6-46a5-aa55-f00644f4aec7','2025-04-27 00:54:06','2025-04-27 00:54:06','https://res.cloudinary.com/doxc6iqyk/image/upload/v1745740444/file_eelttv.png'),('ef7a4a33-fa89-43e5-acda-2010451c54a2','q','2025-04-23 05:35:22','47edef15-72e1-47e7-96e7-6caeb50bb34d','e1158314-3584-4e28-b1cb-1345db279269','2025-04-23 05:35:22','2025-04-23 05:35:22',NULL),('f02628f8-571c-494b-b684-2f69c551513b','ngoi voi co don','2025-04-22 07:00:19','61e358f0-cf5a-4ac4-8d5b-a8307941bc93','aa3bbb56-6ca5-4ff4-b587-fef61bd43d88','2025-04-22 07:00:19','2025-04-22 07:00:19',NULL),('f03abace-cdbe-44d3-97ad-7dd82f8e69a2','','2025-04-27 01:30:33','ee0723f2-4a9d-46cb-ab23-ff49b907f17b','b5e936ed-2cb6-46a5-aa55-f00644f4aec7','2025-04-27 01:30:33','2025-04-27 01:30:33','https://res.cloudinary.com/doxc6iqyk/image/upload/v1745742631/file_u1ly9l.png'),('f0b5b291-541a-4525-aa97-c4e2f3362f23','ca','2025-04-24 11:19:39','47edef15-72e1-47e7-96e7-6caeb50bb34d','7626e9de-6388-4d01-95bc-eda2c584a1bb','2025-04-24 11:19:39','2025-04-24 11:19:39',NULL),('f0c37e77-874b-4bfb-a046-f3bfa256f6df','w','2025-04-06 06:12:02','6c1d78ff-fb2c-427a-ab2f-3b3c305b3cdb','ff94896f-b764-4fbc-ac30-1f1f9ca17e84','2025-04-06 06:12:02','2025-04-06 06:12:02',NULL),('f16fbf34-e502-4985-836a-f73504891861','hi what p','2025-04-23 00:56:07','47edef15-72e1-47e7-96e7-6caeb50bb34d','8f62c8ce-6045-46cb-91a2-85975df60104','2025-04-23 00:56:07','2025-04-23 00:56:07',NULL),('f1cb7096-42ce-4551-bfeb-d86c3bd4139e','s','2025-04-27 07:57:32','47edef15-72e1-47e7-96e7-6caeb50bb34d','e83e1312-b563-40f6-8010-bfbac996af49','2025-04-27 07:57:32','2025-04-27 07:57:32',NULL),('f2002502-b412-44d6-995f-938b642e12f8','s','2025-04-17 07:16:31','47edef15-72e1-47e7-96e7-6caeb50bb34d','db5c9758-2076-4779-a812-08b45b779430','2025-04-17 07:16:31','2025-04-17 07:16:31',NULL),('f240ad59-91ae-4ec8-a509-bac7e499491f','qqqqqqqqqqqqqq','2025-04-22 10:21:08','47edef15-72e1-47e7-96e7-6caeb50bb34d','8f62c8ce-6045-46cb-91a2-85975df60104','2025-04-22 10:21:08','2025-04-22 10:21:08',NULL),('f2617983-9b36-4296-9a97-2ed1c0998700','whatr up','2025-04-22 11:47:09','47edef15-72e1-47e7-96e7-6caeb50bb34d','7b204cc1-6e15-4117-a36d-f50211adb35b','2025-04-22 11:47:09','2025-04-22 11:47:09',NULL),('f28785dc-e804-40a8-a3b8-210e7171748f','like','2025-04-22 11:11:44','47edef15-72e1-47e7-96e7-6caeb50bb34d','8f62c8ce-6045-46cb-91a2-85975df60104','2025-04-22 11:11:44','2025-04-22 11:11:44',NULL),('f3048d97-44ce-47db-b86c-df2ac1efb79b','what up','2025-04-22 10:35:51','47edef15-72e1-47e7-96e7-6caeb50bb34d','e1158314-3584-4e28-b1cb-1345db279269','2025-04-22 10:35:51','2025-04-22 10:35:51',NULL),('f395d268-d5fa-43b7-a52b-fcfe8ff61260','www','2025-04-22 02:25:42','69e4aca8-9f57-495e-b648-b48b0463b7af','087a7331-47c6-44f6-8eb8-05ac2171d7b8','2025-04-22 02:25:42','2025-04-22 02:25:42',NULL),('f3e14b11-7e74-4577-8ce3-885aabf7e40e','w','2025-04-17 04:39:45','47edef15-72e1-47e7-96e7-6caeb50bb34d','db5c9758-2076-4779-a812-08b45b779430','2025-04-17 04:39:45','2025-04-17 04:39:45',NULL),('f427daea-1890-4f70-9810-b0fda2a1a019','ư','2025-04-24 09:24:07','47edef15-72e1-47e7-96e7-6caeb50bb34d','8f62c8ce-6045-46cb-91a2-85975df60104','2025-04-24 09:24:07','2025-04-24 09:24:07',NULL),('f42e0659-fb5d-4cf3-ae52-5ab0d2425e18','cc','2025-04-25 00:39:41','e9fc6a9a-8ddc-437a-90fb-a79574a9ee2b','c65865ab-78d2-49c6-b7fd-f73ca3367723','2025-04-25 00:39:41','2025-04-25 00:39:41',NULL),('f432e5e3-33cd-49bc-97e2-55eeac10ef55','2','2025-04-19 07:18:40','30152bce-29cd-4c1e-a41e-f6698c18870e','c04851bc-5c8a-4f5d-9854-7ff14aab3700','2025-04-19 07:18:40','2025-04-19 07:18:40',NULL),('f448db9c-3729-4bfe-8590-4af62d6f8570','con lợn này, xin cái địa chỉ','2025-04-23 01:12:34','6c1d78ff-fb2c-427a-ab2f-3b3c305b3cdb','9cedcea9-91a3-46fc-adf1-4ebbbd2d9b66','2025-04-23 01:12:34','2025-04-23 01:12:34',NULL),('f548815b-1b69-4b17-90fb-34cb35da2216','sx','2025-04-17 07:27:22','45e81b97-9739-4546-86bd-42d670e0f6e7','db5c9758-2076-4779-a812-08b45b779430','2025-04-17 07:27:22','2025-04-17 07:27:22',NULL),('f56b3b4c-15ac-4bae-9185-65e99833fd50','ss','2025-04-17 10:57:30','47edef15-72e1-47e7-96e7-6caeb50bb34d','042db665-610d-47a0-bf2f-17afa6728f3a','2025-04-17 10:57:30','2025-04-17 10:57:30',NULL),('f56cde12-cc69-4603-ae4b-f22964d13119','dm','2025-04-24 11:12:00','47edef15-72e1-47e7-96e7-6caeb50bb34d','e5532fad-78d3-49e4-9dcf-b4e980ee3adb','2025-04-24 11:12:00','2025-04-24 11:12:00',NULL),('f5a2eb22-f811-4533-b189-4a15133bde1e','hem chao','2025-04-19 08:10:48','6c1d78ff-fb2c-427a-ab2f-3b3c305b3cdb','c04851bc-5c8a-4f5d-9854-7ff14aab3700','2025-04-19 08:10:48','2025-04-19 08:10:48',NULL),('f65f86ef-d47c-4408-97a4-c491a1dd1d25','like','2025-04-22 11:12:59','47edef15-72e1-47e7-96e7-6caeb50bb34d','cde4cfde-5600-4bfb-9053-f0ce898fb1c5','2025-04-22 11:12:59','2025-04-22 11:12:59',NULL),('f6845896-86e2-46c6-8d77-0201ce7ab34e','hi','2025-04-23 00:55:05','47edef15-72e1-47e7-96e7-6caeb50bb34d','9cedcea9-91a3-46fc-adf1-4ebbbd2d9b66','2025-04-23 00:55:05','2025-04-23 00:55:05',NULL),('f698595f-e7c1-4244-80a6-e87fa72c8c21','s','2025-04-17 07:29:03','47edef15-72e1-47e7-96e7-6caeb50bb34d','db5c9758-2076-4779-a812-08b45b779430','2025-04-17 07:29:03','2025-04-17 07:29:03',NULL),('f6dc1301-44cd-4fd6-8b8e-36549b88636b','qq','2025-04-18 06:17:16','30152bce-29cd-4c1e-a41e-f6698c18870e','c04851bc-5c8a-4f5d-9854-7ff14aab3700','2025-04-18 06:17:16','2025-04-18 06:17:16',NULL),('f6eeca9c-c70f-4821-aec9-0e067d17e706','w','2025-04-24 04:42:21','47edef15-72e1-47e7-96e7-6caeb50bb34d','8f62c8ce-6045-46cb-91a2-85975df60104','2025-04-24 04:42:21','2025-04-24 04:42:21',NULL),('f70e1072-aa26-477e-b81d-26a18594c0f7','w','2025-04-17 04:38:16','47edef15-72e1-47e7-96e7-6caeb50bb34d','db5c9758-2076-4779-a812-08b45b779430','2025-04-17 04:38:16','2025-04-17 04:38:16',NULL),('f73bd91e-11dd-48ad-9c43-93ac23b9df3d','like','2025-04-23 00:56:08','47edef15-72e1-47e7-96e7-6caeb50bb34d','8f62c8ce-6045-46cb-91a2-85975df60104','2025-04-23 00:56:08','2025-04-23 00:56:08',NULL),('f7465f15-f090-4e92-962d-9d2fdd984671','mik day vu gi vay','2025-04-22 03:34:20','0533bbca-0206-4a55-b6e9-28118697a04c','cde4cfde-5600-4bfb-9053-f0ce898fb1c5','2025-04-22 03:34:20','2025-04-22 03:34:20',NULL),('f747d6a7-4641-4dc3-8af3-82206f19ccf3','r','2025-04-19 07:04:49','6c1d78ff-fb2c-427a-ab2f-3b3c305b3cdb','0826df6c-5f1d-42b2-9c81-ca3fff0b1e67','2025-04-19 07:04:49','2025-04-19 07:04:49',NULL),('f7485eee-0eb2-429a-bc2d-02db2f8fc14d','q','2025-04-24 04:50:53','47edef15-72e1-47e7-96e7-6caeb50bb34d','8f62c8ce-6045-46cb-91a2-85975df60104','2025-04-24 04:50:53','2025-04-24 04:50:53',NULL),('f7604ad4-dced-40ac-9b2d-b025950ba2f7','dm mày đâu','2025-04-23 01:06:53','6c1d78ff-fb2c-427a-ab2f-3b3c305b3cdb','9cedcea9-91a3-46fc-adf1-4ebbbd2d9b66','2025-04-23 01:06:53','2025-04-23 01:06:53',NULL),('f78ae156-dd96-4469-a047-64d2f8ddebe7','qsssss','2025-04-22 10:30:43','47edef15-72e1-47e7-96e7-6caeb50bb34d','8f62c8ce-6045-46cb-91a2-85975df60104','2025-04-22 10:30:43','2025-04-22 10:30:43',NULL),('f7a20d9f-69f7-4d66-b481-486aa8614d97','q','2025-04-17 08:03:13','47edef15-72e1-47e7-96e7-6caeb50bb34d','4f5f75dd-8b64-4884-84ce-d6660d444da8','2025-04-17 08:03:13','2025-04-17 08:03:13',NULL),('f7b43ccd-6026-437b-a9b1-5726708173c3','1','2025-04-24 07:09:57','47edef15-72e1-47e7-96e7-6caeb50bb34d','db5c9758-2076-4779-a812-08b45b779430','2025-04-24 07:09:57','2025-04-24 07:09:57',NULL),('f7fb86ab-0cf3-4b9d-bd98-62111a9494d0','q','2025-04-22 11:38:39','47edef15-72e1-47e7-96e7-6caeb50bb34d','2dec3ffa-df55-4f1e-b8be-d994e5996dd5','2025-04-22 11:38:39','2025-04-22 11:38:39',NULL),('f8cf0f33-4488-4edb-b3bf-7214516ffe78','ww','2025-04-22 11:15:07','47edef15-72e1-47e7-96e7-6caeb50bb34d','cde4cfde-5600-4bfb-9053-f0ce898fb1c5','2025-04-22 11:15:07','2025-04-22 11:15:07',NULL),('f9221023-835a-4e00-afcc-ae1e72e31b58','oo','2025-04-22 02:14:19','47edef15-72e1-47e7-96e7-6caeb50bb34d','042a83ae-00d5-47f5-87a7-16de10c53b15','2025-04-22 02:14:19','2025-04-22 02:14:19',NULL),('f9a23bee-e38e-4297-af36-06e937f66974','','2025-04-27 02:04:17','47edef15-72e1-47e7-96e7-6caeb50bb34d','b5e936ed-2cb6-46a5-aa55-f00644f4aec7','2025-04-27 02:04:17','2025-04-27 02:04:17','https://res.cloudinary.com/doxc6iqyk/image/upload/v1745744656/file_pxi8sr.jpg'),('f9b10fc6-f8b5-48b1-8856-86480eab7c9d','sao mày đánh thằng em của tao đm','2025-04-23 01:12:16','6c1d78ff-fb2c-427a-ab2f-3b3c305b3cdb','9cedcea9-91a3-46fc-adf1-4ebbbd2d9b66','2025-04-23 01:12:16','2025-04-23 01:12:16',NULL),('fa139bd4-614c-43a7-a040-ab4389c6bb9e','cc','2025-04-25 00:12:44','e9fc6a9a-8ddc-437a-90fb-a79574a9ee2b','c65865ab-78d2-49c6-b7fd-f73ca3367723','2025-04-25 00:12:44','2025-04-25 00:12:44',NULL),('fa1ef392-f824-4ef6-9afc-75f736a06ad5','dz','2025-04-26 11:11:02','47edef15-72e1-47e7-96e7-6caeb50bb34d','e83e1312-b563-40f6-8010-bfbac996af49','2025-04-26 11:11:02','2025-04-26 11:11:02',NULL),('fa6e6b7b-c5b2-456c-9d75-e182295ccd67','uwww','2025-04-24 09:14:42','47edef15-72e1-47e7-96e7-6caeb50bb34d','db5c9758-2076-4779-a812-08b45b779430','2025-04-24 09:14:42','2025-04-24 09:14:42',NULL),('fad87e38-62ac-4ab2-81f5-9cc9b3dfa072','chia tay','2025-04-18 06:39:35','30152bce-29cd-4c1e-a41e-f6698c18870e','c04851bc-5c8a-4f5d-9854-7ff14aab3700','2025-04-18 06:39:35','2025-04-18 06:39:35',NULL),('fbb40f59-9b1c-47ce-85e1-9a70df79da55','s','2025-04-17 07:36:38','47edef15-72e1-47e7-96e7-6caeb50bb34d','3f8a6f0e-a297-46d6-a5f0-4fa86f924fa5','2025-04-17 07:36:38','2025-04-17 07:36:38',NULL),('fbb5a38d-c2d6-4b3a-bd5f-f5f39e0a409b','dz','2025-04-18 04:40:24','30152bce-29cd-4c1e-a41e-f6698c18870e','c04851bc-5c8a-4f5d-9854-7ff14aab3700','2025-04-18 04:40:24','2025-04-18 04:40:24',NULL),('fc0bd3c3-3cd2-4d6d-a8e1-1f83e85d87f7','like','2025-04-24 09:34:44','47edef15-72e1-47e7-96e7-6caeb50bb34d','8f62c8ce-6045-46cb-91a2-85975df60104','2025-04-24 09:34:44','2025-04-24 09:34:44',NULL),('fc25309e-4c3b-4a2e-b826-340b4bb4a965','hum','2025-04-19 08:10:54','30152bce-29cd-4c1e-a41e-f6698c18870e','c04851bc-5c8a-4f5d-9854-7ff14aab3700','2025-04-19 08:10:54','2025-04-19 08:10:54',NULL),('fc34fce9-2bdd-4052-84b2-cfa7542384cc','w','2025-04-23 00:55:22','47edef15-72e1-47e7-96e7-6caeb50bb34d','9cedcea9-91a3-46fc-adf1-4ebbbd2d9b66','2025-04-23 00:55:22','2025-04-23 00:55:22',NULL),('fc3846cc-9f62-4b64-aaef-6188137386c9','like','2025-04-22 11:14:16','47edef15-72e1-47e7-96e7-6caeb50bb34d','cde4cfde-5600-4bfb-9053-f0ce898fb1c5','2025-04-22 11:14:16','2025-04-22 11:14:16',NULL),('fc42ef5d-fe96-4806-affa-64f33184a2e8','like','2025-04-22 11:11:59','47edef15-72e1-47e7-96e7-6caeb50bb34d','cde4cfde-5600-4bfb-9053-f0ce898fb1c5','2025-04-22 11:11:59','2025-04-22 11:11:59',NULL),('fcbf0bce-fce6-41c0-9740-7c307dc23707','like','2025-04-22 11:11:58','47edef15-72e1-47e7-96e7-6caeb50bb34d','cde4cfde-5600-4bfb-9053-f0ce898fb1c5','2025-04-22 11:11:58','2025-04-22 11:11:58',NULL),('fcc9c32f-b59a-4c44-b90f-e39d9ca3661c','d','2025-04-17 08:05:11','47edef15-72e1-47e7-96e7-6caeb50bb34d','4f5f75dd-8b64-4884-84ce-d6660d444da8','2025-04-17 08:05:11','2025-04-17 08:05:11',NULL),('fcd08137-9dd7-4f84-bf4b-5b97a14c8f9b','cc','2025-04-27 08:04:17','47edef15-72e1-47e7-96e7-6caeb50bb34d','e83e1312-b563-40f6-8010-bfbac996af49','2025-04-27 08:04:17','2025-04-27 08:04:17',NULL),('fd02481f-3553-4952-9f9c-79fc7f7a69e4','hi chaio cau','2025-04-22 01:08:57','61e358f0-cf5a-4ac4-8d5b-a8307941bc93','aa3bbb56-6ca5-4ff4-b587-fef61bd43d88','2025-04-22 01:08:57','2025-04-22 01:08:57',NULL),('fd142893-5713-47c5-a349-473c2667a057','','2025-04-27 08:09:43','47edef15-72e1-47e7-96e7-6caeb50bb34d','b5e936ed-2cb6-46a5-aa55-f00644f4aec7','2025-04-27 08:09:43','2025-04-27 08:09:43','https://res.cloudinary.com/doxc6iqyk/image/upload/v1745766582/file_mme354.jpg'),('fd36a5e8-ced6-4c5c-aead-7e731958f201','ai maf biet','2025-04-25 00:42:15','47edef15-72e1-47e7-96e7-6caeb50bb34d','c65865ab-78d2-49c6-b7fd-f73ca3367723','2025-04-25 00:42:15','2025-04-25 00:42:15',NULL),('fd4f3e91-bd7f-482b-8062-3ffe9ae069b2','dou ma ao the','2025-04-22 11:39:54','47edef15-72e1-47e7-96e7-6caeb50bb34d','5a99fb3b-bcf2-48ca-95bd-c9ee7877f9e0','2025-04-22 11:39:54','2025-04-22 11:39:54',NULL),('fd90ef63-a7f7-48dc-9fc2-c96d68713865','me laij loi a\\','2025-04-18 04:43:40','30152bce-29cd-4c1e-a41e-f6698c18870e','c04851bc-5c8a-4f5d-9854-7ff14aab3700','2025-04-18 04:43:40','2025-04-18 04:43:40',NULL),('fda52763-d0f9-42b9-a363-f0f4b4ede89c','','2025-04-27 03:03:06','47edef15-72e1-47e7-96e7-6caeb50bb34d','7626e9de-6388-4d01-95bc-eda2c584a1bb','2025-04-27 03:03:06','2025-04-27 03:03:06','https://res.cloudinary.com/doxc6iqyk/image/upload/v1745748185/file_tfb9z4.jpg'),('fe4cdbeb-8ee6-470b-914a-d7fb46ab9a0f','on chu bro','2025-04-17 11:39:48','47edef15-72e1-47e7-96e7-6caeb50bb34d','5e816ca8-eafa-48e1-9c96-176ac1e55b9e','2025-04-17 11:39:48','2025-04-17 11:39:48',NULL),('fe74526e-92f5-43f6-b726-b872da218403','ư','2025-04-24 09:14:44','47edef15-72e1-47e7-96e7-6caeb50bb34d','db5c9758-2076-4779-a812-08b45b779430','2025-04-24 09:14:44','2025-04-24 09:14:44',NULL),('feeb9e9b-e965-40da-9b4d-0a05eb63d53a','like','2025-04-27 02:36:59','47edef15-72e1-47e7-96e7-6caeb50bb34d','b5e936ed-2cb6-46a5-aa55-f00644f4aec7','2025-04-27 02:36:59','2025-04-27 02:36:59',NULL),('feee2d9e-009b-4fa9-8ae3-be57c0aae909','q','2025-04-25 00:50:40','47edef15-72e1-47e7-96e7-6caeb50bb34d','c65865ab-78d2-49c6-b7fd-f73ca3367723','2025-04-25 00:50:40','2025-04-25 00:50:40',NULL),('fef5e97a-1123-474e-879c-5d16e3118247','w','2025-04-23 00:54:32','47edef15-72e1-47e7-96e7-6caeb50bb34d','9cedcea9-91a3-46fc-adf1-4ebbbd2d9b66','2025-04-23 00:54:32','2025-04-23 00:54:32',NULL),('ff103cb1-90ff-4655-abad-14db41cfa036','w','2025-04-17 05:01:36','47edef15-72e1-47e7-96e7-6caeb50bb34d','db5c9758-2076-4779-a812-08b45b779430','2025-04-17 05:01:36','2025-04-17 05:01:36',NULL),('ff3278af-7f4c-431c-b0f8-5f854634ca04','like','2025-04-22 11:14:18','47edef15-72e1-47e7-96e7-6caeb50bb34d','cde4cfde-5600-4bfb-9053-f0ce898fb1c5','2025-04-22 11:14:18','2025-04-22 11:14:18',NULL),('ff4b8cec-e37c-46cc-b05a-a2665f644101','hello','2025-04-06 06:11:03','abb76df5-7a69-4e26-9d9b-c27a5ad8ad00','ff94896f-b764-4fbc-ac30-1f1f9ca17e84','2025-04-06 06:11:03','2025-04-06 06:11:03',NULL),('ff54780c-5966-4059-ab7b-aa2b61cbf65b','','2025-04-27 01:25:01','47edef15-72e1-47e7-96e7-6caeb50bb34d','b5e936ed-2cb6-46a5-aa55-f00644f4aec7','2025-04-27 01:25:01','2025-04-27 01:25:01','https://res.cloudinary.com/doxc6iqyk/image/upload/v1745742299/file_okn4jr.png'),('ff5c7731-659e-4dfb-ad6e-5f09f1662491','hi chao cau','2025-04-22 01:03:51','62e6416b-5888-4294-b577-01417d23ce81','08c7e2bc-0db9-4ea7-8a2f-a285a6faba2a','2025-04-22 01:03:51','2025-04-22 01:03:51',NULL),('ff73a311-d8f4-4312-a9c1-6aeb984fe3a1','w','2025-04-17 08:47:27','47edef15-72e1-47e7-96e7-6caeb50bb34d','3f8a6f0e-a297-46d6-a5f0-4fa86f924fa5','2025-04-17 08:47:27','2025-04-17 08:47:27',NULL),('ff85d887-30bc-485e-aab2-fd8c33a18892','','2025-04-27 00:46:57','47edef15-72e1-47e7-96e7-6caeb50bb34d','b5e936ed-2cb6-46a5-aa55-f00644f4aec7','2025-04-27 00:46:57','2025-04-27 00:46:57',NULL),('ffa9941f-f687-43c7-8f49-d51fed1cf5c9','đm m luon','2025-04-25 01:49:01','ee0723f2-4a9d-46cb-ab23-ff49b907f17b','b5e936ed-2cb6-46a5-aa55-f00644f4aec7','2025-04-25 01:49:01','2025-04-25 01:49:01',NULL),('ffffa06c-107c-416d-8bbf-f2a4a1f12a89','','2025-04-27 02:38:00','47edef15-72e1-47e7-96e7-6caeb50bb34d','c65865ab-78d2-49c6-b7fd-f73ca3367723','2025-04-27 02:38:00','2025-04-27 02:38:00','https://res.cloudinary.com/doxc6iqyk/image/upload/v1745746678/file_ihdpuw.jpg');
/*!40000 ALTER TABLE `message` ENABLE KEYS */;
UNLOCK TABLES;

--
-- Table structure for table `users`
--

DROP TABLE IF EXISTS `users`;
/*!40101 SET @saved_cs_client     = @@character_set_client */;
/*!50503 SET character_set_client = utf8mb4 */;
CREATE TABLE `users` (
  `id` varchar(36) NOT NULL,
  `first_name` varchar(255) NOT NULL,
  `last_name` varchar(255) NOT NULL,
  `gender` enum('MALE','FEMALE','OTHER') NOT NULL,
  `dob` date NOT NULL,
  `email` varchar(255) NOT NULL,
  `profile_picture` varchar(255) DEFAULT NULL,
  `phone` varchar(255) NOT NULL,
  `password` varchar(255) NOT NULL,
  `user_status` enum('ACTIVE','BANNED','DEACTIVATED') NOT NULL,
  `refresh_token` text,
  `created_at` timestamp NULL DEFAULT CURRENT_TIMESTAMP,
  `updated_at` timestamp NULL DEFAULT CURRENT_TIMESTAMP ON UPDATE CURRENT_TIMESTAMP,
  PRIMARY KEY (`id`),
  UNIQUE KEY `email` (`email`)
) ENGINE=InnoDB DEFAULT CHARSET=utf8mb4 COLLATE=utf8mb4_0900_ai_ci;
/*!40101 SET character_set_client = @saved_cs_client */;

--
-- Dumping data for table `users`
--

LOCK TABLES `users` WRITE;
/*!40000 ALTER TABLE `users` DISABLE KEYS */;
INSERT INTO `users` VALUES ('0533bbca-0206-4a55-b6e9-28118697a04c','test50','van tran','MALE','2005-10-17','test50@gmail.com',NULL,'07887719250','$2a$10$f1uW3pQTfN0DQ12CDbKzB.thPXL4UxFYD4SZWP59g/j9UXDI77KKG','ACTIVE','eyJhbGciOiJIUzI1NiJ9.eyJpc3MiOiJjYW5odHYwNSIsInN1YiI6IjA1MzNiYmNhLTAyMDYtNGE1NS1iNmU5LTI4MTE4Njk3YTA0YyIsImV4cCI6MTc0NjUzNDUwOSwiaWF0IjoxNzQ1MzI0OTA5LCJlbWFpbCI6InRlc3Q1MEBnbWFpbC5jb20iLCJqdGkiOiIyZmFlNWZlNi0yNWU4LTQ0MDEtYTdmMC05ZjgxZWQzYzJmNDAifQ.pke233W52HHl3iRokghF1yFONNvyCFfAVSMNldWAI5U','2025-04-22 03:32:55','2025-04-22 05:28:30'),('0eb1f79c-a7f6-436d-a159-a4dd53a5d631','canh11','van tran','MALE','2005-10-17','canh11@gmail.com',NULL,'07887719211','$2a$10$Xmxe6Q0k/XG/EgFIT0HOpuzY3d4CiBrEcHSRnOijO/Ogtlq4doCDi','ACTIVE','eyJhbGciOiJIUzI1NiJ9.eyJpc3MiOiJjYW5odHYwNSIsInN1YiI6IjBlYjFmNzljLWE3ZjYtNDM2ZC1hMTU5LWE0ZGQ1M2E1ZDYzMSIsImV4cCI6MTc0NjUxNjg1MiwiaWF0IjoxNzQ1MzA3MjUyLCJlbWFpbCI6ImNhbmgxMUBnbWFpbC5jb20iLCJqdGkiOiJmNGRjZDExYi1iNzk3LTQwYjYtYTM0MC05MjljMzU1NThhODUifQ.XsyAK1uqk-qASck2ZMfPnNqUlq1mZC8CeRmGx2Amu8E','2025-04-22 00:28:28','2025-04-22 00:34:13'),('13c93414-20b5-4afd-98d6-60eff7951178','test15','test15','MALE','2005-10-17','test15@gmail.com',NULL,'07817779215','$2a$10$3Gauq6dZPe4lxyJWZTWWhuj.X1VWMaSAsAZzC2vbs8uAWJaaggX7W','ACTIVE',NULL,'2025-04-17 10:33:06','2025-04-17 10:33:06'),('1fb68afa-0134-4bad-8312-26eb13436434','test21','test21','MALE','2005-10-17','test21@gmail.com',NULL,'07817779221','$2a$10$Rc3I5g7jhCC8By9aQjzbn.AhXRCW7gdrfFEj40CJbYg4Ad2dDCoUa','ACTIVE','eyJhbGciOiJIUzI1NiJ9.eyJpc3MiOiJjYW5odHYwNSIsInN1YiI6IjFmYjY4YWZhLTAxMzQtNGJhZC04MzEyLTI2ZWIxMzQzNjQzNCIsImV4cCI6MTc0NjEyMjY3MiwiaWF0IjoxNzQ0OTEzMDcyLCJlbWFpbCI6InRlc3QyMUBnbWFpbC5jb20iLCJqdGkiOiJiOTA1ZTNlMS1jZGJkLTRmYjEtYWRhMS1iNWRhYjgyZGYwZDAifQ.9Nuc2tZ7GEo6GaZL8_GtVxrQw0snZzvR_eUpiplk2hI','2025-04-17 11:04:25','2025-04-17 11:04:33'),('2055c5ae-7aa1-43f2-8808-bef7f680dfee','test30','test30','MALE','2005-10-17','test30@gmail.com',NULL,'07817779230','$2a$10$z5jZ2oA0tAUtheZBh.rT7eimiqUTRrKa/uJdC7f82etPL7.NfLyVK','ACTIVE','eyJhbGciOiJIUzI1NiJ9.eyJpc3MiOiJjYW5odHYwNSIsInN1YiI6IjIwNTVjNWFlLTdhYTEtNDNmMi04ODA4LWJlZjdmNjgwZGZlZSIsImV4cCI6MTc0NjEyNzQ3OSwiaWF0IjoxNzQ0OTE3ODc5LCJlbWFpbCI6InRlc3QzMEBnbWFpbC5jb20iLCJqdGkiOiJmYjNiZmQ0Mi0yMjI5LTQxYzItOTM4Mi02YTkwMjVmOTMxNjMifQ.NGrNbjkGw2k3O2BDfdg1CIEbmxXcoTwcjYFdpDDEZ7k','2025-04-17 12:24:25','2025-04-17 12:24:40'),('2210af97-7d48-4197-8528-6f4cbed66f1c','test8','test 8','MALE','2005-10-17','test8@gmail.com',NULL,'07887779208','$2a$10$GNVpWmG2PypwHHhfK15qtuqbG62b5oj4rOBFop3NSIPwS63P5qMta','ACTIVE',NULL,'2025-04-17 09:19:28','2025-04-17 09:19:28'),('2417efb6-2e77-4a2b-ab48-7109bec24168','test13','test13','MALE','2005-10-17','test13@gmail.com',NULL,'07817779213','$2a$10$nkygurUa1XShsG8VJnC8NO/Ihk8stmgC.LuCXzhUp991jKznxqqWu','ACTIVE',NULL,'2025-04-17 10:32:45','2025-04-17 10:32:45'),('24e852f2-16ad-4b57-a8d6-0f186e8eda4d','test49','van tran','MALE','2005-10-17','test49@gmail.com',NULL,'07887719249','$2a$10$mMi.88MYHJR52SEM3ig.hudiie1pLxAhhHCAlz4nnXWHPk1VyM1sW','ACTIVE','eyJhbGciOiJIUzI1NiJ9.eyJpc3MiOiJjYW5odHYwNSIsInN1YiI6IjI0ZTg1MmYyLTE2YWQtNGI1Ny1hOGQ2LTBmMTg2ZThlZGE0ZCIsImV4cCI6MTc0NjUyNDA1NywiaWF0IjoxNzQ1MzE0NDU3LCJlbWFpbCI6InRlc3Q0OUBnbWFpbC5jb20iLCJqdGkiOiJkMzZlMWY2NC03YmNhLTRhZWQtODdmZC1jM2IxMTYyOWQ4MGUifQ.KzoFF6102HDXfTbSeIpGWR3aLZkqQRKaNOUbUpHRruY','2025-04-22 02:34:09','2025-04-22 02:34:18'),('267126a9-97f6-4cb8-afd4-43477420b9b1','test5','test5','MALE','1111-11-11','test5@gmail.com',NULL,'09345886999','$2a$10$BJJ40ORInFu3PomXUZY0IeDde2ywUqRVO/XqhsVVc1RG78pYcytL6','ACTIVE',NULL,'2025-04-17 08:01:38','2025-04-17 08:01:38'),('2cc2eca0-3060-41d7-99e7-22aa41e7e171','test12','test12','MALE','2005-10-17','test12@gmail.com',NULL,'07817779212','$2a$10$4Ym9Ya2XSulgtwoACWZt2O45nF./TX31vMeXBJJYgMHGiEdXwOyrm','ACTIVE',NULL,'2025-04-17 09:43:41','2025-04-17 09:43:41'),('30152bce-29cd-4c1e-a41e-f6698c18870e','test3','tes3','MALE','1111-11-11','test3@gmail.com',NULL,'09345886324','$2a$10$QHWT5Q9U92GBbmOAX3Pic.J7QWVcG43/HEhOC.BK.W5v7GnGFC1gq','ACTIVE','eyJhbGciOiJIUzI1NiJ9.eyJpc3MiOiJjYW5odHYwNSIsInN1YiI6IjMwMTUyYmNlLTI5Y2QtNGMxZS1hNDFlLWY2Njk4YzE4ODcwZSIsImV4cCI6MTc0NjUxNTY2NCwiaWF0IjoxNzQ1MzA2MDY0LCJlbWFpbCI6InRlc3QzQGdtYWlsLmNvbSIsImp0aSI6ImViYTU5NDRhLTQwZDMtNDI2NC1hMmZiLWQxYjU3ZjY1ZWVlYiJ9.PbxgnGbLjwKx_kiiKTlJWhFUN5iZ-QqHSPTD8ygMfGk','2025-04-17 07:36:14','2025-04-22 00:14:25'),('373beda6-7678-41b3-a4d3-573ddf35ecf6','test17','test17','MALE','2005-10-17','test17@gmail.com',NULL,'07817779217','$2a$10$MRN69GbkIOd4hFUBVORUbOnWD4yscLCTDaAYuejPDCF1eoYGflKAC','ACTIVE',NULL,'2025-04-17 10:42:56','2025-04-17 10:42:56'),('3797900c-616b-473e-9b27-a952de6bda3b','test25','test25','MALE','2005-10-17','test25@gmail.com',NULL,'07817779225','$2a$10$FhoejeP.k3F5F1b96GI2HeTWPD9Fv36OyR7zM6Gx4YZE1bUDRwxA.','ACTIVE','eyJhbGciOiJIUzI1NiJ9.eyJpc3MiOiJjYW5odHYwNSIsInN1YiI6IjM3OTc5MDBjLTYxNmItNDczZS05YjI3LWE5NTJkZTZiZGEzYiIsImV4cCI6MTc0NjEyNDc3NiwiaWF0IjoxNzQ0OTE1MTc2LCJlbWFpbCI6InRlc3QyNUBnbWFpbC5jb20iLCJqdGkiOiJhZDc0ODczMS05MmNmLTQ4ZTgtOWNhZi1mZjdhYmU1NjEzZDYifQ.mXJgJzoPkdX2z90eB0LtAMkgf1deKUOpafgaXtfHRoc','2025-04-17 11:39:16','2025-04-17 11:39:36'),('383cd11e-8d66-41ba-b250-dec4d33b8ae2','test55','van tran','MALE','2005-10-17','test55@gmail.com',NULL,'07887719255','$2a$10$.H8eq7DR4LBitFtpD7Gju.3eWO9AJyCnJc7uEKm9BCdEtt8VOkdoC','ACTIVE','eyJhbGciOiJIUzI1NiJ9.eyJpc3MiOiJjYW5odHYwNSIsInN1YiI6IjM4M2NkMTFlLThkNjYtNDFiYS1iMjUwLWRlYzRkMzNiOGFlMiIsImV4cCI6MTc0Njc4MDMxMywiaWF0IjoxNzQ1NTcwNzEzLCJlbWFpbCI6InRlc3Q1NUBnbWFpbC5jb20iLCJqdGkiOiJkZTg1Y2NlOS02ZTYzLTQ2OTMtYTJjNC00M2UzOTZmY2EzZTgifQ.NP3PNxnPqwnS9XM_loTj3weFFBY3iIThjkXdXIcZQVw','2025-04-24 11:15:11','2025-04-25 01:45:13'),('42f730cd-909c-4028-892d-6c1dd31fc53a','test57','van tran','MALE','2005-10-17','test57@gmail.com',NULL,'07887719257','$2a$10$GwZYv24oOT6MviyIumApM.Ki8ktvHQ/gdPF0nqLJNRfdS1Dc1sNd.','ACTIVE',NULL,'2025-04-25 03:26:13','2025-04-25 03:26:13'),('45e81b97-9739-4546-86bd-42d670e0f6e7','test2','test2','MALE','1111-11-11','test2@gmail.com',NULL,'222222222222222','$2a$10$RejW2FCUhMGJj41gtZdz1unIeXZSTbJG/4LeA3.dGKBEJmIHD0Eqy','ACTIVE','eyJhbGciOiJIUzI1NiJ9.eyJpc3MiOiJjYW5odHYwNSIsInN1YiI6IjQ1ZTgxYjk3LTk3MzktNDU0Ni04NmJkLTQyZDY3MGUwZjZlNyIsImV4cCI6MTc0NjE4MzYzMiwiaWF0IjoxNzQ0OTc0MDMyLCJlbWFpbCI6InRlc3QyQGdtYWlsLmNvbSIsImp0aSI6ImZiMTNmMzEzLWJlOTQtNDAxYS1iNDY2LWQyMDdkMjIzZTYzYyJ9.Up0bjyJJUARa7EIjHzVKruAtpPY8FBnoHrSfnhyf6xw','2025-04-16 07:40:46','2025-04-18 04:00:33'),('47edef15-72e1-47e7-96e7-6caeb50bb34d','test1','test1','MALE','1111-11-11','test1@gmail.com','https://res.cloudinary.com/doxc6iqyk/image/upload/v1745338345/%E1%BA%A2nh_ch%E1%BB%A5p_m%C3%A0n_h%C3%ACnh_2024-10-02_220914_ignugh.png','11111111111111','$2a$10$/gs8RNdoupE7E//cufkmgeJ9VDoRSWqOGMDOALn6UUA/p4wJYmg72','ACTIVE','eyJhbGciOiJIUzI1NiJ9.eyJpc3MiOiJjYW5odHYwNSIsInN1YiI6IjQ3ZWRlZjE1LTcyZTEtNDdlNy05NmU3LTZjYWViNTBiYjM0ZCIsImV4cCI6MTc0Njk3Mzc3MiwiaWF0IjoxNzQ1NzY0MTcyLCJlbWFpbCI6InRlc3QxQGdtYWlsLmNvbSIsImp0aSI6ImNiNjdkZDkzLTU5NWItNDRhZS1iOWFmLTA3ZWNmMzhhNmUwMCJ9.qw44TwDSkgn1wAsm1aqGKjuFHAGAYx-9snxtdJHkaJw','2025-04-16 07:39:06','2025-04-27 07:29:33'),('4b8c93ef-b2fb-42f9-b206-8cc6311c15b8','test4','test4','MALE','1111-11-11','test4@gmail.com',NULL,'09345886849','$2a$10$5rdAlOBsQ.5yQmZ6vbHScuLiXLceK3BuWpavo.vA1TQIFi2jTFhOm','ACTIVE','eyJhbGciOiJIUzI1NiJ9.eyJpc3MiOiJjYW5odHYwNSIsInN1YiI6IjRiOGM5M2VmLWIyZmItNDJmOS1iMjA2LThjYzYzMTFjMTViOCIsImV4cCI6MTc0Njk0NTMyNSwiaWF0IjoxNzQ1NzM1NzI1LCJlbWFpbCI6InRlc3Q0QGdtYWlsLmNvbSIsImp0aSI6IjMxNDczMDdiLTdkYzAtNDdiNi1iODkwLWE2M2JkNWEzNjNhZCJ9.LVy7HuT9qXQpKfvSYA2jAIiC8vTSZwvibgOpKFVNzT4','2025-04-17 07:57:23','2025-04-26 23:35:26'),('53b13d76-34d5-4754-811c-4219ff0978ae','test48','van tran','MALE','2005-10-17','test48@gmail.com',NULL,'07887719248','$2a$10$D12Jq5V3SNLCcEHUCgVdLeiTJNeIwvyuEw2PhPTAYaOXL3SRBbRdm','ACTIVE','eyJhbGciOiJIUzI1NiJ9.eyJpc3MiOiJjYW5odHYwNSIsInN1YiI6IjUzYjEzZDc2LTM0ZDUtNDc1NC04MTFjLTQyMTlmZjA5NzhhZSIsImV4cCI6MTc0NjUyMzk2OCwiaWF0IjoxNzQ1MzE0MzY4LCJlbWFpbCI6InRlc3Q0OEBnbWFpbC5jb20iLCJqdGkiOiI0MGYyOTA4Yy1iMDFkLTQwZTgtYjkxMS1jMTJhMjg2Y2M5MjMifQ.P67E87ObAvv6jGmTqzbkBwWxSBneLEIK2w2XD6Cf0oo','2025-04-22 02:32:14','2025-04-22 02:32:48'),('5600bb3d-d107-4239-9127-944bad94cdab','test40','van tran','MALE','2005-10-17','test40@gmail.com',NULL,'07887719240','$2a$10$21AEDB9j48b8j7YdcXgMGOLtN5ywDbfdJ61FIIYxjXA8KSlZppyqy','ACTIVE','eyJhbGciOiJIUzI1NiJ9.eyJpc3MiOiJjYW5odHYwNSIsInN1YiI6IjU2MDBiYjNkLWQxMDctNDIzOS05MTI3LTk0NGJhZDk0Y2RhYiIsImV4cCI6MTc0NjUxNjU3OSwiaWF0IjoxNzQ1MzA2OTc5LCJlbWFpbCI6InRlc3Q0MEBnbWFpbC5jb20iLCJqdGkiOiJkMDViMTJmNS1jZmI3LTQyNmMtOWY2NS1mN2RkOGM2MTE3YjAifQ.6DUq6KJYaujteaC2zYtuhgWfN063p8q623Mt1KtGTpE','2025-04-22 00:29:05','2025-04-22 00:29:40'),('572a2aeb-83be-4e8e-bb2c-fd0c33332c51','test14','test14','MALE','2005-10-17','test14@gmail.com',NULL,'07817779214','$2a$10$XXfcNW7mNXjfj5TyBKY0hu0Wu/q6DDquxqK5FtBlnSoSzibEYIrg2','ACTIVE',NULL,'2025-04-17 10:32:56','2025-04-17 10:32:56'),('5d8b687b-7854-40ac-9cbf-284c5a170004','test26','test26','MALE','2005-10-17','test26@gmail.com',NULL,'07817779226','$2a$10$PbMoEu1fxEcsqAfnoHgr2O5yFZ9tBXC7wJpa14xa1zdAJmg4cqxYu','ACTIVE','eyJhbGciOiJIUzI1NiJ9.eyJpc3MiOiJjYW5odHYwNSIsInN1YiI6IjVkOGI2ODdiLTc4NTQtNDBhYy05Y2JmLTI4NGM1YTE3MDAwNCIsImV4cCI6MTc0NjEyNTcwMSwiaWF0IjoxNzQ0OTE2MTAxLCJlbWFpbCI6InRlc3QyNkBnbWFpbC5jb20iLCJqdGkiOiIwNThmMzNlMS1hYTg3LTRlOTItODZiZS01Zjg0ODVjNmMwNDgifQ.MEPAg_-Jb04K645m5gnhQS9DXy4CNmlf3IijyKUP4xI','2025-04-17 11:54:44','2025-04-17 11:55:01'),('61e358f0-cf5a-4ac4-8d5b-a8307941bc93','test43','van tran','MALE','2005-10-17','test43@gmail.com',NULL,'07887719243','$2a$10$53fxjb2aVO44yutrMqrFqeubT9LaJNPVFU/1rieEPmCqjBRD5uBXu','ACTIVE','eyJhbGciOiJIUzI1NiJ9.eyJpc3MiOiJjYW5odHYwNSIsInN1YiI6IjYxZTM1OGYwLWNmNWEtNGFjNC04ZDViLWE4MzA3OTQxYmM5MyIsImV4cCI6MTc0NjU0MDM1MCwiaWF0IjoxNzQ1MzMwNzUwLCJlbWFpbCI6InRlc3Q0M0BnbWFpbC5jb20iLCJqdGkiOiJmMGUzNmJmOS0xOThmLTRiMDQtYmIzNi1kNmQzYTIyOWVhYjQifQ.56403MhxzgHyut-4v3cS6RpWaO2KVgsC2bQcBIXDRVg','2025-04-22 01:08:33','2025-04-22 07:05:51'),('62e6416b-5888-4294-b577-01417d23ce81','test42','van tran','MALE','2005-10-17','test42@gmail.com',NULL,'07887719242','$2a$10$ATFESQx1d/hZqDGgd6WlN.N3M8ODSUD2HVy1MNxlf1p2/PKqkpEAa','ACTIVE','eyJhbGciOiJIUzI1NiJ9.eyJpc3MiOiJjYW5odHYwNSIsInN1YiI6IjYyZTY0MTZiLTU4ODgtNDI5NC1iNTc3LTAxNDE3ZDIzY2U4MSIsImV4cCI6MTc0NjUxODYxOCwiaWF0IjoxNzQ1MzA5MDE4LCJlbWFpbCI6InRlc3Q0MkBnbWFpbC5jb20iLCJqdGkiOiIyZDU2NjVlMC1kZjliLTRlZDEtYmQ1YS1jYzMzMWQ4MzIwZWUifQ.NuWzFh92QlzQDmkaxuS1G0BCDZGTwkECeBmwdgAOvtE','2025-04-22 01:03:20','2025-04-22 01:03:39'),('64ad9bcb-a4e5-4de6-a804-39aa380bbddc','test16','test16','MALE','2005-10-17','test16@gmail.com',NULL,'07817779216','$2a$10$4DE3bYDEetNsRnjLf7sB7.yImzQScTqVT4JkUicckxzXGeuTCpMFK','ACTIVE',NULL,'2025-04-17 10:41:18','2025-04-17 10:41:18'),('69e4aca8-9f57-495e-b648-b48b0463b7af','test46','van tran','MALE','2005-10-17','test46@gmail.com',NULL,'07887719246','$2a$10$LCG8SsGIWMx5bmmA3l6KP.2noMy8I0f2Q5X8F4dfaHsLVdvOlat8i','ACTIVE','eyJhbGciOiJIUzI1NiJ9.eyJpc3MiOiJjYW5odHYwNSIsInN1YiI6IjY5ZTRhY2E4LTlmNTctNDk1ZS1iNjQ4LWI0OGIwNDYzYjdhZiIsImV4cCI6MTc0NjUyMjY5NiwiaWF0IjoxNzQ1MzEzMDk2LCJlbWFpbCI6InRlc3Q0NkBnbWFpbC5jb20iLCJqdGkiOiI1NjdiMjg5Zi03NGNjLTQyZTEtOWRmZS05NWNhNTE0MzQxYjAifQ.Q1XoFfTUf8O8M2oyMINYSLlhYRLTNIPpfQL7rXEy2Ac','2025-04-22 02:11:03','2025-04-22 02:11:37'),('6c1d78ff-fb2c-427a-ab2f-3b3c305b3cdb','canh','van tran','MALE','2005-10-17','canh@gmail.com','https://res.cloudinary.com/doxc6iqyk/image/upload/v1744019150/Screenshot_2025-04-03_140932_klxfwq.png','07887779711','$2a$10$Y4GBPpmMRFityv5KXrmGP.wiSdjvTyDCCPYDuwmVfAC/Hv42GibbG','ACTIVE','eyJhbGciOiJIUzI1NiJ9.eyJpc3MiOiJjYW5odHYwNSIsInN1YiI6IjZjMWQ3OGZmLWZiMmMtNDI3YS1hYjJmLTNiM2MzMDViM2NkYiIsImV4cCI6MTc0Njc3NDEyMywiaWF0IjoxNzQ1NTY0NTIzLCJlbWFpbCI6ImNhbmhAZ21haWwuY29tIiwianRpIjoiOTgyODEzNzgtNWRkNS00MjEzLTgxMTAtODNmMjIzZTQ3YjMzIn0.6PQZ_RT4wTHP7QiJ5SsYSgkgdt5NTIgZsaP9AKwDLAk','2025-04-06 06:06:11','2025-04-25 00:02:04'),('738d8f37-ffe7-4cfb-8cd7-a4e04e956067','test41','van tran','MALE','2005-10-17','test41@gmail.com',NULL,'07887719241','$2a$10$Gi08.ApxSd1q0I0P5ClPPu7dfzJPDnXToEwMtxpwxXwzCgduVIsOG','ACTIVE','eyJhbGciOiJIUzI1NiJ9.eyJpc3MiOiJjYW5odHYwNSIsInN1YiI6IjczOGQ4ZjM3LWZmZTctNGNmYi04Y2Q3LWE0ZTA0ZTk1NjA2NyIsImV4cCI6MTc0NjUxODUzNywiaWF0IjoxNzQ1MzA4OTM3LCJlbWFpbCI6InRlc3Q0MUBnbWFpbC5jb20iLCJqdGkiOiIzOWNiYTg0NC05ODZhLTRhZjAtYjcyNS1jNTM3ODhiN2U0ZmMifQ.FYQ0qIABH82dz38bWEBzazhDvmII3cPLU5mzCHF0qZ4','2025-04-22 01:01:34','2025-04-22 01:02:17'),('90a98a01-573e-404e-8b73-21d8200ff927','test7','test 7','MALE','2005-10-17','test7@gmail.com',NULL,'07887779207','$2a$10$jN62mzidQvwDJN.3.nOQNu.275xj8fgzl8/TU1swt6XOD96CjVMqK','ACTIVE',NULL,'2025-04-17 09:19:11','2025-04-17 09:19:11'),('90ac6ba0-a635-40ad-aef2-6cbd1c78e0e7','test45','van tran','MALE','2005-10-17','test45@gmail.com',NULL,'07887719245','$2a$10$H3ULIhziZBEVhzLJz8.8judOzhLSYn0HLthdLcMAap6NmbKtj7f6a','ACTIVE','eyJhbGciOiJIUzI1NiJ9.eyJpc3MiOiJjYW5odHYwNSIsInN1YiI6IjkwYWM2YmEwLWE2MzUtNDBhZC1hZWYyLTZjYmQxYzc4ZTBlNyIsImV4cCI6MTc0NjUyMjIwOCwiaWF0IjoxNzQ1MzEyNjA4LCJlbWFpbCI6InRlc3Q0NUBnbWFpbC5jb20iLCJqdGkiOiIxY2M4MzZhMC0wNDRiLTQwMzQtOGJmOC1kZDQ5Mzc4NThjODYifQ.FGiY_U2iuaX4VlqRshb-nMxzwPEoDpVIVptM6YeJkVE','2025-04-22 01:16:31','2025-04-22 02:03:28'),('9bc172bb-eec4-4737-b5eb-b137e462178c','test24','test24','MALE','2005-10-17','test24@gmail.com',NULL,'07817779224','$2a$10$EojlZDxyD/Lol8Oz3PLZ3O7F6sh0mLeMVXyq1xxS06mY4UhZ7RUqG','ACTIVE','eyJhbGciOiJIUzI1NiJ9.eyJpc3MiOiJjYW5odHYwNSIsInN1YiI6IjliYzE3MmJiLWVlYzQtNDczNy1iNWViLWIxMzdlNDYyMTc4YyIsImV4cCI6MTc0NjEyNDY3NiwiaWF0IjoxNzQ0OTE1MDc2LCJlbWFpbCI6InRlc3QyNEBnbWFpbC5jb20iLCJqdGkiOiJiMzZlMGExNy04NmQzLTQ3YjktYTZkNy1hNzc5MTRlMjVjZGIifQ.X0HuH_X1LjTbh3T1HvtZTb5Url_7pd2CBLjm4chhDfY','2025-04-17 11:37:37','2025-04-17 11:37:57'),('9f48701e-31ab-451f-b66b-07717cdfb822','test23','test23','MALE','2005-10-17','test23@gmail.com',NULL,'07817779223','$2a$10$lk.1BBif358VFeAdfqRwceP2UxmhJRuldsET.NnJp5YFWAjGG1vuW','ACTIVE','eyJhbGciOiJIUzI1NiJ9.eyJpc3MiOiJjYW5odHYwNSIsInN1YiI6IjlmNDg3MDFlLTMxYWItNDUxZi1iNjZiLTA3NzE3Y2RmYjgyMiIsImV4cCI6MTc0NjEyNDUzNCwiaWF0IjoxNzQ0OTE0OTM0LCJlbWFpbCI6InRlc3QyM0BnbWFpbC5jb20iLCJqdGkiOiIzM2VkZDg0OC0yMjlhLTQ3ZjAtYmQzNy01YjdhOTczYzQ2NGUifQ.WYCPMsGxA3tnqDct-pJPyPN12XoRclGoYq_UgJ8mqkE','2025-04-17 11:35:24','2025-04-17 11:35:34'),('a9279995-f350-48e5-b54d-c8cf069bbcd2','test44','van tran','MALE','2005-10-17','test44@gmail.com',NULL,'07887719244','$2a$10$UeLkIzqXgDjAw2a6NKySZ.r.pw2.KosT0E.B5yAAbDIc9SjRDzFfq','ACTIVE','eyJhbGciOiJIUzI1NiJ9.eyJpc3MiOiJjYW5odHYwNSIsInN1YiI6ImE5Mjc5OTk1LWYzNTAtNDhlNS1iNTRkLWM4Y2YwNjliYmNkMiIsImV4cCI6MTc0NjUxOTIwNywiaWF0IjoxNzQ1MzA5NjA3LCJlbWFpbCI6InRlc3Q0NEBnbWFpbC5jb20iLCJqdGkiOiIxZmYzMWU2Zi03YjVlLTRiMmQtODUyNS0xNjg4N2ExMDU3OGUifQ.JtZkFxw6aPlMuXXy4o8QyRQNqSIlG8-GA7rQOpXQdbo','2025-04-22 01:13:26','2025-04-22 01:13:28'),('abb76df5-7a69-4e26-9d9b-c27a5ad8ad00','canh10','van tran','MALE','2005-10-17','canh10@gmail.com',NULL,'07887779211','$2a$10$ouOMx9CN/oYuHcCNqKZJV.JuQfz2X3B2KVIvWDSX4SPJyjS94SyLu','ACTIVE','eyJhbGciOiJIUzI1NiJ9.eyJpc3MiOiJjYW5odHYwNSIsInN1YiI6ImFiYjc2ZGY1LTdhNjktNGUyNi05ZDliLWMyN2E1YWQ4YWQwMCIsImV4cCI6MTc0NTIyNTQzMCwiaWF0IjoxNzQ0MDE1ODMwLCJlbWFpbCI6ImNhbmgxMEBnbWFpbC5jb20iLCJqdGkiOiI2ZTA1MDEwNy05NjYyLTQ1ZTMtYmYyNS1lZjAxN2VjNjMzMTgifQ.r7U0o-NJ4U1-T0Nr0tzge_g9OmINuPXg8ITXpkZ58Ms','2025-04-06 06:06:27','2025-04-07 01:50:31'),('af51348e-2099-40f5-9526-7a98e211c512','test52','van tran','MALE','2005-10-17','test52@gmail.com',NULL,'07887719252','$2a$10$F8VsDQBE2biEZYACte/SUet.gN4xVrb31bEwbOsIJQ6tCkfeM1Hka','ACTIVE',NULL,'2025-04-24 11:14:19','2025-04-24 11:14:19'),('b05ae628-63e1-464d-bdad-e68cb3109588','test10','test10','MALE','2005-10-17','test10@gmail.com',NULL,'07887779210','$2a$10$G.qkAcJJvyplbLOTSUkYl.yzJyXMKumd6YjYklEBdJGnHTcM/wygq','ACTIVE',NULL,'2025-04-17 09:40:37','2025-04-17 09:40:37'),('bc6fd72b-b624-49d3-93a4-30154f11fd08','test53','van tran','MALE','2005-10-17','test53@gmail.com',NULL,'07887719253','$2a$10$cMVs4lZ11tZ1QVV/6IdbY.1aw62iwzxRrviT6r1sIGzI2ZYI1jtku','ACTIVE',NULL,'2025-04-24 11:14:55','2025-04-24 11:14:55'),('bd48d7b8-5939-41f9-9bd2-59604d9ce91e','test19','test19','MALE','2005-10-17','test19@gmail.com',NULL,'07817779219','$2a$10$iTMoyLQ7Km0K/HnGstoehe7OcASg1KbPzQHQv/ei4jz.cMoDIydyW','ACTIVE',NULL,'2025-04-17 11:02:03','2025-04-17 11:02:03'),('c0404ac4-6a94-480a-ae58-7bc68247ad84','test29','test29','MALE','2005-10-17','test29@gmail.com',NULL,'07817779229','$2a$10$fHUE4r9xawPUTSggbuqbE.yUDNcnPrrDnwGVNEO5jJVHFfB7xn2ga','ACTIVE','eyJhbGciOiJIUzI1NiJ9.eyJpc3MiOiJjYW5odHYwNSIsInN1YiI6ImMwNDA0YWM0LTZhOTQtNDgwYS1hZTU4LTdiYzY4MjQ3YWQ4NCIsImV4cCI6MTc0NjEyNzE5NSwiaWF0IjoxNzQ0OTE3NTk1LCJlbWFpbCI6InRlc3QyOUBnbWFpbC5jb20iLCJqdGkiOiI0MWI5MTVmMS0wMzRjLTQ2OGUtOGE2YS0wOGEyMThkNDM0NmQifQ.ItlsL0nYvZHqOGpyf4rXVD4y9EEo1b_nDDgysDufnC0','2025-04-17 12:19:35','2025-04-17 12:19:55'),('c59ecfc0-aad5-4712-8233-79d66ba467e5','test51','van tran','MALE','2005-10-17','test51@gmail.com',NULL,'07887719251','$2a$10$EXst5Mo1Rs.JbbRF40R5r.lhFqsUUy9DjiIzcQkCcEJKi3Jqw4zWW','ACTIVE','eyJhbGciOiJIUzI1NiJ9.eyJpc3MiOiJjYW5odHYwNSIsInN1YiI6ImM1OWVjZmMwLWFhZDUtNDcxMi04MjMzLTc5ZDY2YmE0NjdlNSIsImV4cCI6MTc0NjU0Nzk3NSwiaWF0IjoxNzQ1MzM4Mzc1LCJlbWFpbCI6InRlc3Q1MUBnbWFpbC5jb20iLCJqdGkiOiI0YmYzOTEzZS0yNGEwLTQxYmEtYWQxNS00NjEzYmQ5YmE5MTEifQ.lyzBZuA381dArjGb4fneOj2I-wkBU3om0G8eTZNTAX0','2025-04-22 09:12:50','2025-04-22 09:12:55'),('d1b855ca-d232-4610-a2e9-edad946f024e','test22','test22','MALE','2005-10-17','test22@gmail.com',NULL,'07817779222','$2a$10$bDMXnaIRi2UOj.e40kufEuODRu5iz3pItva88zeX2zpQpjszRblhK','ACTIVE',NULL,'2025-04-17 11:33:53','2025-04-17 11:33:53'),('d7a0c003-aafb-4d36-9697-e4360b4f5728','test9','test 9','MALE','2005-10-17','test9@gmail.com',NULL,'07887779209','$2a$10$o5kG8v4QzGXNmjSOyhozMOAB.1I/FTANQd6RTv8kCnRpgJwPlFqGy','ACTIVE',NULL,'2025-04-17 09:38:01','2025-04-17 09:38:01'),('dca3c470-7063-4c72-9aa0-3f53fff11283','test28','test28','MALE','2005-10-17','test28@gmail.com',NULL,'07817779228','$2a$10$eht7MdUUDUO5nhWOkjBiJOL0z4mQuJuCG3DxPnjpjIyVwZYnCo/ou','ACTIVE','eyJhbGciOiJIUzI1NiJ9.eyJpc3MiOiJjYW5odHYwNSIsInN1YiI6ImRjYTNjNDcwLTcwNjMtNGM3Mi05YWEwLTNmNTNmZmYxMTI4MyIsImV4cCI6MTc0NjEyNjM3NywiaWF0IjoxNzQ0OTE2Nzc3LCJlbWFpbCI6InRlc3QyOEBnbWFpbC5jb20iLCJqdGkiOiI0MDQzMzAxOS01NjU4LTRkMGItYmU0Ny1hNzIwZWQ4ZjAxM2IifQ.dKECJ17g8Ev1bvzAlUU0B5ZUS-aS_L0fpGDKHXzmZHs','2025-04-17 12:05:59','2025-04-17 12:06:17'),('e2b0c0b7-7392-4aa3-a8ce-37d41badca94','test6','test6','MALE','1111-11-11','test6@gmail.com',NULL,'04345886386','$2a$10$qvdzQWVj6SkkwHFfE3FoXuXkiAsW83IlBya0MpDbbhIve0v/FlFYW','ACTIVE',NULL,'2025-04-17 09:05:32','2025-04-17 09:05:32'),('e501fb30-f5a3-4842-8fad-9edcd5cabced','test11','test11','MALE','2005-10-17','test11@gmail.com',NULL,'07817779211','$2a$10$2MTd3ocariPQ8Aem9XFFTOd0SrOzsNhihwpU5W9m90z7TO1LPSFWa','ACTIVE',NULL,'2025-04-17 09:43:31','2025-04-17 09:43:31'),('e7e5762b-fc53-4e5d-b053-104de910fcc5','test47','van tran','MALE','2005-10-17','test47@gmail.com',NULL,'07887719247','$2a$10$0pbEnjL8zCOH.3dAEZMkQe.vSUJjFdZLQ1wJylsEjlY9ThhZ0j6le','ACTIVE','eyJhbGciOiJIUzI1NiJ9.eyJpc3MiOiJjYW5odHYwNSIsInN1YiI6ImU3ZTU3NjJiLWZjNTMtNGU1ZC1iMDUzLTEwNGRlOTEwZmNjNSIsImV4cCI6MTc0NjUyMzc5OCwiaWF0IjoxNzQ1MzE0MTk4LCJlbWFpbCI6InRlc3Q0N0BnbWFpbC5jb20iLCJqdGkiOiIxOTUwNThkMy1kODM1LTRjZGItOWQ2Zi03ZDk1ODgxOTMyZmIifQ.GMo6jrvOcW2Q49mRK-0wvCQ2IezcDhS2YCKGOOdkSqY','2025-04-22 02:29:33','2025-04-22 02:29:59'),('e9fc6a9a-8ddc-437a-90fb-a79574a9ee2b','test54','van tran','MALE','2005-10-17','test54@gmail.com',NULL,'07887719254','$2a$10$E61HTsW/jCOxIPzA.s8Fe.rCPSkCcfQ9wSwPsOBLYRVWcoruG1miu','ACTIVE','eyJhbGciOiJIUzI1NiJ9.eyJpc3MiOiJjYW5odHYwNSIsInN1YiI6ImU5ZmM2YTlhLThkZGMtNDM3YS05MGZiLWE3OTU3NGE5ZWUyYiIsImV4cCI6MTc0Njc3NzgzOSwiaWF0IjoxNzQ1NTY4MjM5LCJlbWFpbCI6InRlc3Q1NEBnbWFpbC5jb20iLCJqdGkiOiJiNzNhYjUzZC05OGI4LTQ4ZjItOTMzYS0yYmM5MTI2ZDk1ZTcifQ.bdJhROSxlaFcCqjyY2omBaeiu_5feHBq038UkViHdcU','2025-04-24 11:15:03','2025-04-25 01:03:59'),('ee0723f2-4a9d-46cb-ab23-ff49b907f17b','test56','van tran','MALE','2005-10-17','test56@gmail.com',NULL,'07887719256','$2a$10$msbyG1rNzKo.A3VaXoF1yOA.lMIu/laCmWGLyPcplMLULgrdRPHTm','ACTIVE','eyJhbGciOiJIUzI1NiJ9.eyJpc3MiOiJjYW5odHYwNSIsInN1YiI6ImVlMDcyM2YyLTRhOWQtNDZjYi1hYjIzLWZmNDliOTA3ZjE3YiIsImV4cCI6MTc0Njk1MzA5OCwiaWF0IjoxNzQ1NzQzNDk4LCJlbWFpbCI6InRlc3Q1NkBnbWFpbC5jb20iLCJqdGkiOiI2OGRmZGMxYi0zNjg4LTQ2OGUtYThmMC1hMTM5MzkzM2MyOWIifQ.V87HLWShWG2bSSGz3_v6JIr1zcXvrvoC6c_BKb1MiOk','2025-04-25 01:47:31','2025-04-27 01:44:59'),('ef95eb06-c95b-4a31-8f1a-b925c946ddc7','test20','test20','MALE','2005-10-17','test20@gmail.com',NULL,'07817779220','$2a$10$7Xz3mw.vLRLif/2DKrM5ZOeurTJ3cXkvbT3RftYuVoerBz8YD5JES','ACTIVE',NULL,'2025-04-17 11:03:51','2025-04-17 11:03:51'),('f83cc113-8ea5-44cc-9f26-aab601984afa','test27','test27','MALE','2005-10-17','test27@gmail.com',NULL,'07817779227','$2a$10$JYHzH1LSrWSKEO7zLGeaJOdnjNFPvTcZNt9UxS.jYWT7P8bk5UDLu','ACTIVE','eyJhbGciOiJIUzI1NiJ9.eyJpc3MiOiJjYW5odHYwNSIsInN1YiI6ImY4M2NjMTEzLThlYTUtNDRjYy05ZjI2LWFhYjYwMTk4NGFmYSIsImV4cCI6MTc0NjEyNTkzNCwiaWF0IjoxNzQ0OTE2MzM0LCJlbWFpbCI6InRlc3QyN0BnbWFpbC5jb20iLCJqdGkiOiJjNTQxOTcxMC0zOTBjLTQ5ZmQtYTM1NC0wZTYyMTAwYjAwY2IifQ.qsBvlqhAPRBPTLB1aKJkJH9km5II2vNKCtHps-x47H0','2025-04-17 11:58:37','2025-04-17 11:58:55'),('fa8ac999-25e4-493e-abbe-68ab4aa7e604','test18','test18','MALE','2005-10-17','test18@gmail.com',NULL,'07817779218','$2a$10$US2yt6gd/EiQzwlpOEPB/uMpgPe8WBFgitSRzCKZmUijBtKiv7qq.','ACTIVE',NULL,'2025-04-17 10:50:51','2025-04-17 10:50:51');
/*!40000 ALTER TABLE `users` ENABLE KEYS */;
UNLOCK TABLES;
/*!40103 SET TIME_ZONE=@OLD_TIME_ZONE */;

/*!40101 SET SQL_MODE=@OLD_SQL_MODE */;
/*!40014 SET FOREIGN_KEY_CHECKS=@OLD_FOREIGN_KEY_CHECKS */;
/*!40014 SET UNIQUE_CHECKS=@OLD_UNIQUE_CHECKS */;
/*!40101 SET CHARACTER_SET_CLIENT=@OLD_CHARACTER_SET_CLIENT */;
/*!40101 SET CHARACTER_SET_RESULTS=@OLD_CHARACTER_SET_RESULTS */;
/*!40101 SET COLLATION_CONNECTION=@OLD_COLLATION_CONNECTION */;
/*!40111 SET SQL_NOTES=@OLD_SQL_NOTES */;

-- Dump completed on 2025-04-28  2:45:09
